-- Database: BDD_reseau_musique 

-- DROP DATABASE IF EXISTS "BDD_music";

CREATE DATABASE "BDD_music"
    WITH
    OWNER = postgres
    ENCODING = 'UTF8'
    LC_COLLATE = 'C'
    LC_CTYPE = 'C'
    LOCALE_PROVIDER = 'libc'
    TABLESPACE = pg_default
    CONNECTION LIMIT = -1
    IS_TEMPLATE = False;
	
-- PARTIE 1) Création des tables 

--DROP TABLE Historique;
	CREATE TABLE Historique (
    Historique_ID INTEGER PRIMARY KEY,
    Type VARCHAR(100) NOT NULL CHECK (Type IN ('Connexion', 'Déconnexion', 'Modification de Profil', 'Création', 'Lecture', 'Mise à Jour', 'Suppression', 'Ajout Ami', 'Suppression Ami', 'Abonnement', 'Désabonnement', 'Publication', 'Modification de Publication', 'Suppression de Publication', 'Commentaire', 'Like', 'Partage', 'Création de Groupe', 'Rejoindre un Groupe', 'Quitter un Groupe', 'Envoi de Message Privé', 'Réception de Message Privé', 'Lecture de Message Privé', 'Création de Playlist', 'Modification de Playlist', 'Suppression de Playlist')),
    Date DATE NOT NULL
);
SELECT * FROM Historique;

-- DROP TABLE Publication;
CREATE TABLE Publication (
  Publication_ID INTEGER PRIMARY KEY,
  Date DATE NOT NULL
);
SELECT * FROM Publication

-- DROP TABLE Message_Prive;
CREATE TABLE Message_Prive (
    Message_ID INTEGER PRIMARY KEY,
    Destinataire_pseudo VARCHAR(50),
    Contenu TEXT,
    Date TIMESTAMP,
    Etat VARCHAR(10) CHECK (Etat IN ('distribue', 'lu'))
);
SELECT * FROM Message_Prive

-- DROP TABLE Suggestion; 
CREATE TABLE Suggestion (
  Suggestion_ID INTEGER PRIMARY KEY,
  Type VARCHAR(200) CHECK (Type IN (
    'Suggestion Ami',
    'Suggestion de Contenu',
    'Suggestion de Groupe',
    'Suggestion de Playlist',
    'Suggestion musicale',
    'Suggestion amis en fonction des intérêts communs',
    'Suggestion de groupes en fonction des genres musicaux préférés',
    'Suggestion amis basée sur des amis communs',
    'Suggestion de groupes basée sur des membres amis',
    'Suggestion de contenu basée sur les publications précédentes',
    'Suggestion de playlists basée sur les habitudes écoute',
    'Suggestion événement/concert basée sur les préférences musicales',
    'Suggestion de groupes participant à des événements'
  )),
  Date DATE
);
SELECT * FROM Suggestion;

-- DROP TABLE Association; 
CREATE TABLE Association (
  Association_ID INTEGER PRIMARY KEY,
  Nom VARCHAR(100),
  Site_web VARCHAR(200),
  UNIQUE (Nom, Site_web)
);
SELECT * FROM Association;

-- DROP TABLE Artistes; 
CREATE TABLE Artistes (
  Artistes_ID INTEGER PRIMARY KEY,
  Nom VARCHAR(100),
  Genre VARCHAR(100), 
  Nb_Membres INTEGER, 
  UNIQUE (Nom, genre, membres)
);
SELECT * FROM Artistes;

-- DROP TABLE Personne; 
CREATE TABLE Personne (
  Personne_ID INTEGER PRIMARY KEY,
  Age INTEGER NOT NULL,
  Genre CHAR(1),
  Nationnalite VARCHAR(100)
);
SELECT * FROM Personne;

-- DROP TABLE Playlist;
CREATE TABLE Playlist (
  Playlist_ID INTEGER PRIMARY KEY,
  Nom VARCHAR(100),
  IsGroupe BOOLEAN NOT NULL ,
  Nb_morceau INTEGER CHECK (Nb_morceau >= 0 AND Nb_morceau <= 20) NOT NULL,
  Artistes_ID INTEGER REFERENCES Artistes(Artistes_ID) 
);
SELECT * FROM Playlist

-- DROP TABLE Morceau;
CREATE TABLE Morceau (
  Morceau_Id INTEGER PRIMARY KEY,
  Titre VARCHAR(100) NOT NULL,
  Nom_album VARCHAR(100) NULL,
  Genre VARCHAR(50)
);
SELECT * FROM Morceau 

-- DROP TABLE PlaylistMorceau;
CREATE TABLE PlaylistMorceau (
  Playlist_Id INTEGER REFERENCES Playlist(Playlist_Id),
  Morceau_Id INTEGER REFERENCES Morceau(Morceau_Id),
  PRIMARY KEY (Playlist_Id, Morceau_Id)
);
SELECT * FROM PlaylistMorceau

-- DROP TABLE Avis;
CREATE TABLE Avis (
  Avis_ID INTEGER PRIMARY KEY,
  Note INTEGER CHECK (Note >= 0 AND Note <= 10) NOT NULL,
  Commentaire TEXT, 
  Pseudo VARCHAR(200), 
  Date DATE NOT NULL,
  Tags VARCHAR(100) NULL
);
SELECT * FROM Avis

-- DROP TABLE Lieu; 
CREATE TABLE Lieu (
  Lieu_ID INTEGER PRIMARY KEY,
  Nom VARCHAR(100) NOT NULL,
  Adresse TEXT UNIQUE NOT NULL,
  Avis_ID INTEGER REFERENCES Avis(Avis_ID),
  UNIQUE (Nom, Adresse)
);
SELECT * FROM Lieu;

-- DROP TABLE Concert;
CREATE TABLE Concert (
  Concert_Id INTEGER PRIMARY KEY,
  Nom VARCHAR(60),
  Date DATE,
  Organisateurs VARCHAR(100),
  "Line-up" VARCHAR(255),
  Nombre_places INTEGER,
  Cause_soutien BOOLEAN,
  Espace_exterieur BOOLEAN, 
  Enfants_permis BOOLEAN,
  Prix DECIMAL(10, 2),
  Nb_volontaires INTEGER,
  ID_Lieu INTEGER REFERENCES Lieu(Lieu_ID)
);
SELECT * FROM Concert;

-- DROP TABLE Archive; 
-- Créer une fonction pour vérifier la contrainte 
CREATE OR REPLACE FUNCTION check_archive_date()
RETURNS TRIGGER AS $$
BEGIN
  IF NEW.Date_archivage < (SELECT "Date" FROM Concert WHERE Id = NEW.Concert_Id) THEN
    RAISE EXCEPTION 'Date_archivage must be greater than or equal to Concert."Date"';
  END IF;
  RETURN NEW;
END;
$$ LANGUAGE plpgsql;

-- Créer un déclencheur avant l'insertion dans CArchive
CREATE TRIGGER check_archive_date_trigger
BEFORE INSERT ON Archive
FOR EACH ROW EXECUTE FUNCTION check_archive_date();
-- Table Archive 
CREATE TABLE Archive (
  Archive_Id INTEGER PRIMARY KEY,
  Concert_Id INTEGER REFERENCES Concert(Concert_Id),
  Date_archivage DATE,
  Nb_participants INTEGER,
  Avis_participants TEXT,
  Photo_path VARCHAR(255),
  Video_path VARCHAR(255),
  Avis_ID INTEGER REFERENCES Avis(Avis_Id)
);
SELECT * FROM Archive;

-- DROP TABLE Participe
CREATE TABLE Participe (
  Concert_ID INTEGER REFERENCES Concert(Concert_ID),
  Personne_ID INTEGER REFERENCES Personne(Personne_ID),
  PRIMARY KEY (Concert_ID, Personne_ID)
);
SELECT * FROM Participe

-- DROP TABLE Interet;
CREATE TABLE Interet (
  Concert_ID INTEGER REFERENCES Concert(Concert_ID),
  Personne_ID INTEGER REFERENCES Personne(Personne_ID),
  PRIMARY KEY (Concert_ID, Personne_ID)
);
SELECT * FROM Interet

-- DROP TABLE Utilisateur;
CREATE TABLE Utilisateur (
    Utilisateur_ID INTEGER PRIMARY KEY,
    Pseudo VARCHAR(30),
    Email VARCHAR,
    Password VARCHAR,
    Biographie TEXT,
    Date_inscription DATE,
    Historique_Id INTEGER REFERENCES Historique(Historique_Id),
	Publication_Id INTEGER REFERENCES Publication(Publication_Id),
	Association_Id INTEGER REFERENCES Association(Association_Id),
	Personne_Id INTEGER REFERENCES Personne(Personne_Id), 
	Lieu_Id INTEGER REFERENCES Lieu(Lieu_Id), 
	Artistes_Id INTEGER REFERENCES Artistes(Artistes_Id),
	Playlist_Id INTEGER REFERENCES Playlist(Playlist_Id),
	UNIQUE (Pseudo, email, password)
);
SELECT * FROM Utilisateur;

-- DROP TABLE Annonce_Concert;
CREATE TABLE Annonce_Concert (
  Annonce_Id INTEGER PRIMARY KEY,
  Utilisateur_Id INTEGER REFERENCES Utilisateur(Utilisateur_Id),
  Concert_Id INTEGER REFERENCES Concert(Concert_Id),
  Date_annonce DATE
);
SELECT * FROM Annonce_Concert

-- DROP TABLE Relation; 
CREATE TABLE Relation(
  Relation_ID INTEGER PRIMARY KEY,
  User1 INTEGER 
);
SELECT * FROM Relation;

-- DROP TABLE Follower; 
CREATE TABLE Follower(
  Utilisateur_Id INTEGER REFERENCES Utilisateur(Utilisateur_Id),
  Relation_ID INTEGER REFERENCES  Relation(Relation_ID)
);
SELECT * FROM Follower;

-- DROP TABLE Amis; 
CREATE TABLE Amis(
  Utilisateur_Id INTEGER REFERENCES Utilisateur(Utilisateur_Id),
  Relation_ID INTEGER REFERENCES  Relation(Relation_ID)
);
SELECT * FROM Amis;

-- DROP TABLE Tag;
CREATE TABLE Tag (
  Tag_Id INTEGER PRIMARY KEY,
  Mot VARCHAR(100) NOT NULL UNIQUE
);
SELECT * FROM Tag

-- DROP TABLE Uti_MP;
CREATE TABLE Uti_MP (
  Utilisateur_Id INTEGER REFERENCES Utilisateur(Utilisateur_Id),
  Message_ID INTEGER REFERENCES  Message_Prive(Message_ID)
);
SELECT * FROM Uti_MP

-- DROP TABLE Uti_Sugg;
CREATE TABLE Uti_Sugg (
  Utilisateur_Id INTEGER REFERENCES Utilisateur(Utilisateur_Id),
  Suggestion_ID INTEGER REFERENCES  Suggestion(Suggestion_ID)
);
SELECT * FROM Uti_Sugg

-- DROP TABLE Avis_Artiste;
CREATE TABLE Avis_Artiste (
  Avis_Id INTEGER REFERENCES Avis(Avis_Id),
  Artistes_ID INTEGER REFERENCES Artistes(Artistes_ID)
);
SELECT * FROM Avis_Artiste

-- DROP TABLE Avis_Morceau;
CREATE TABLE Avis_Morceau (
  Avis_Id INTEGER REFERENCES Avis(Avis_Id),
  Morceau_ID INTEGER REFERENCES Morceau(Morceau_ID)
);
SELECT * FROM Avis_Morceau

-- DROP TABLE Tag_Lieu;
CREATE TABLE Tag_Lieu (
  Tag_Id INTEGER REFERENCES Tag(Tag_Id),
  Lieu_ID INTEGER REFERENCES Lieu(Lieu_ID)
);
SELECT * FROM Tag_Lieu

-- DROP TABLE Tag_Concert;
CREATE TABLE Tag_Concert(
  Tag_Id INTEGER REFERENCES Tag(Tag_Id),
  Concert_ID INTEGER REFERENCES Concert(Concert_ID)
);
SELECT * FROM Tag_Concert

-- DROP TABLE Tag_Artistes;
CREATE TABLE Tag_Artistes(
  Tag_Id INTEGER REFERENCES Tag(Tag_Id),
  Artistes_ID INTEGER REFERENCES Artistes(Artistes_ID)
);
SELECT * FROM Tag_Artistes

-- DROP TABLE Tag_Playlist;
CREATE TABLE Tag_Playlist(
  Tag_Id INTEGER REFERENCES Tag(Tag_Id),
  Playlist_ID INTEGER REFERENCES Playlist(Playlist_ID)
);
SELECT * FROM Tag_Playlist

-- DROP TABLE Tag_Avis;
CREATE TABLE Tag_Avis(
  Tag_Id INTEGER REFERENCES Tag(Tag_Id),
  Avis_ID INTEGER REFERENCES Avis(Avis_ID)
);
SELECT * FROM Tag_Avis

-- PARTIE 2) Ajout données 

-- Historique 
INSERT INTO Historique (Historique_ID, Type, Date) VALUES
(1, 'Suppression de Playlist', '2021-09-24'),
(2, 'Désabonnement', '2023-02-05'),
(3, 'Partage', '2023-01-16'),
(4, 'Désabonnement', '2023-09-07'),
(5, 'Mise à Jour', '2020-12-26'),
(6, 'Création', '2022-11-06'),
(7, 'Suppression de Publication', '2021-09-09'),
(8, 'Désabonnement', '2022-10-30'),
(9, 'Envoi de Message Privé', '2022-09-08'),
(10, 'Rejoindre un Groupe', '2020-05-02'),
(11, 'Création de Playlist', '2022-03-07'),
(12, 'Modification de Profil', '2023-11-06'),
(13, 'Suppression', '2020-05-23'),
(14, 'Modification de Playlist', '2023-10-30'),
(15, 'Désabonnement', '2021-01-03'),
(16, 'Partage', '2022-08-14'),
(17, 'Réception de Message Privé', '2021-12-04'),
(18, 'Lecture de Message Privé', '2023-04-08'),
(19, 'Rejoindre un Groupe', '2022-01-29'),
(20, 'Désabonnement', '2020-04-20'),
(21, 'Publication', '2022-11-13'),
(22, 'Lecture', '2023-01-18'),
(23, 'Quitter un Groupe', '2022-07-16'),
(24, 'Suppression de Playlist', '2022-09-05'),
(25, 'Désabonnement', '2020-06-16'),
(26, 'Réception de Message Privé', '2022-06-28'),
(27, 'Envoi de Message Privé', '2020-07-01'),
(28, 'Lecture de Message Privé', '2021-04-23'),
(29, 'Modification de Playlist', '2020-04-30'),
(30, 'Modification de Playlist', '2020-11-24'),
(31, 'Abonnement', '2023-07-06'),
(32, 'Lecture', '2020-04-09'),
(33, 'Rejoindre un Groupe', '2023-01-31'),
(34, 'Like', '2020-11-03'),
(35, 'Envoi de Message Privé', '2022-10-25'),
(36, 'Ajout Ami', '2020-05-10'),
(37, 'Partage', '2020-02-20'),
(38, 'Création de Playlist', '2023-02-08'),
(39, 'Partage', '2020-07-24'),
(40, 'Création de Groupe', '2022-01-19'),
(41, 'Mise à Jour', '2023-10-13'),
(42, 'Désabonnement', '2022-07-11'),
(43, 'Quitter un Groupe', '2023-05-07'),
(44, 'Lecture de Message Privé', '2022-02-10'),
(45, 'Commentaire', '2020-07-26'),
(46, 'Partage', '2021-11-09'),
(47, 'Quitter un Groupe', '2023-01-03'),
(48, 'Suppression Ami', '2020-09-12'),
(49, 'Rejoindre un Groupe', '2023-12-25'),
(50, 'Partage', '2022-08-09'),
(51, 'Création de Playlist', '2021-06-14'),
(52, 'Mise à Jour', '2020-03-10'),
(53, 'Modification de Publication', '2021-06-11'),
(54, 'Création de Groupe', '2022-11-14'),
(55, 'Réception de Message Privé', '2022-09-05'),
(56, 'Quitter un Groupe', '2021-06-16'),
(57, 'Publication', '2020-09-04'),
(58, 'Like', '2022-08-16'),
(59, 'Commentaire', '2020-09-27'),
(60, 'Lecture de Message Privé', '2021-02-08'),
(61, 'Abonnement', '2023-11-24'),
(62, 'Envoi de Message Privé', '2023-07-29'),
(63, 'Création de Playlist', '2020-04-29'),
(64, 'Suppression Ami', '2021-07-25'),
(65, 'Suppression Ami', '2021-08-17'),
(66, 'Création de Groupe', '2021-09-29'),
(67, 'Désabonnement', '2020-08-27'),
(68, 'Commentaire', '2023-04-24'),
(69, 'Suppression Ami', '2020-10-31'),
(70, 'Envoi de Message Privé', '2023-11-30'),
(71, 'Création', '2022-04-20'),
(72, 'Ajout Ami', '2020-09-11'),
(73, 'Création de Groupe', '2021-09-05'),
(74, 'Suppression', '2021-05-05'),
(75, 'Création de Groupe', '2020-08-03'),
(76, 'Envoi de Message Privé', '2022-03-15'),
(77, 'Modification de Playlist', '2020-07-17'),
(78, 'Création', '2022-12-06'),
(79, 'Création de Groupe', '2022-11-18'),
(80, 'Abonnement', '2022-06-09'),
(81, 'Lecture', '2020-12-17'),
(82, 'Modification de Profil', '2021-11-28'),
(83, 'Ajout Ami', '2022-04-27'),
(84, 'Quitter un Groupe', '2020-07-24'),
(85, 'Lecture de Message Privé', '2021-05-16'),
(86, 'Modification de Playlist', '2021-10-08'),
(87, 'Abonnement', '2023-04-06'),
(88, 'Modification de Profil', '2023-06-21'),
(89, 'Désabonnement', '2020-07-16'),
(90, 'Modification de Publication', '2021-01-11'),
(91, 'Partage', '2022-03-17'),
(92, 'Déconnexion', '2022-08-30'),
(93, 'Réception de Message Privé', '2020-03-01'),
(94, 'Lecture de Message Privé', '2022-06-22'),
(95, 'Modification de Publication', '2020-09-07'),
(96, 'Déconnexion', '2020-02-29'),
(97, 'Création', '2021-09-22'),
(98, 'Création de Playlist', '2020-04-24'),
(99, 'Création', '2020-07-08'),
(100, 'Réception de Message Privé', '2021-07-07'),
(101, 'Mise à Jour', '2020-03-24'),
(102, 'Désabonnement', '2023-03-27'),
(103, 'Suppression de Publication', '2023-05-01'),
(104, 'Modification de Playlist', '2021-07-22'),
(105, 'Ajout Ami', '2021-07-02'),
(106, 'Réception de Message Privé', '2020-04-22'),
(107, 'Modification de Playlist', '2022-11-10'),
(108, 'Suppression Ami', '2020-04-23'),
(109, 'Suppression de Publication', '2021-09-17'),
(110, 'Ajout Ami', '2022-11-14'),
(111, 'Envoi de Message Privé', '2021-09-24'),
(112, 'Partage', '2023-12-13'),
(113, 'Rejoindre un Groupe', '2023-02-14'),
(114, 'Partage', '2022-07-14'),
(115, 'Suppression de Playlist', '2021-06-30'),
(116, 'Suppression de Playlist', '2023-10-27'),
(117, 'Modification de Profil', '2021-07-13'),
(118, 'Déconnexion', '2020-01-13'),
(119, 'Désabonnement', '2022-09-22'),
(120, 'Modification de Profil', '2020-05-11'),
(121, 'Mise à Jour', '2021-08-24'),
(122, 'Suppression de Publication', '2023-04-22'),
(123, 'Lecture de Message Privé', '2020-08-25'),
(124, 'Commentaire', '2021-07-10'),
(125, 'Quitter un Groupe', '2020-10-24'),
(126, 'Ajout Ami', '2023-09-17'),
(127, 'Partage', '2020-03-18'),
(128, 'Désabonnement', '2021-04-08'),
(129, 'Modification de Publication', '2023-08-27'),
(130, 'Partage', '2021-03-25'),
(131, 'Like', '2020-03-31'),
(132, 'Quitter un Groupe', '2023-12-15'),
(133, 'Ajout Ami', '2023-12-22'),
(134, 'Rejoindre un Groupe', '2021-04-15'),
(135, 'Lecture de Message Privé', '2020-11-15'),
(136, 'Modification de Profil', '2023-09-30'),
(137, 'Ajout Ami', '2020-03-20'),
(138, 'Partage', '2022-10-01'),
(139, 'Commentaire', '2023-05-27'),
(140, 'Rejoindre un Groupe', '2023-07-17'),
(141, 'Connexion', '2023-03-11'),
(142, 'Ajout Ami', '2020-04-20'),
(143, 'Création', '2021-10-23'),
(144, 'Quitter un Groupe', '2022-03-23'),
(145, 'Like', '2020-01-14'),
(146, 'Suppression', '2022-09-25'),
(147, 'Envoi de Message Privé', '2021-05-21'),
(148, 'Désabonnement', '2022-01-06'),
(149, 'Modification de Playlist', '2021-03-22'),
(150, 'Envoi de Message Privé', '2020-10-22'),
(151, 'Like', '2023-11-30'),
(152, 'Lecture de Message Privé', '2023-09-23'),
(153, 'Commentaire', '2023-09-11'),
(154, 'Lecture de Message Privé', '2023-10-10'),
(155, 'Modification de Playlist', '2020-11-30'),
(156, 'Publication', '2021-12-31'),
(157, 'Quitter un Groupe', '2020-03-27'),
(158, 'Suppression Ami', '2020-11-07'),
(159, 'Rejoindre un Groupe', '2021-01-25'),
(160, 'Ajout Ami', '2021-11-27'),
(161, 'Création', '2021-02-22'),
(162, 'Réception de Message Privé', '2023-07-30'),
(163, 'Mise à Jour', '2021-03-25'),
(164, 'Ajout Ami', '2023-11-25'),
(165, 'Rejoindre un Groupe', '2022-05-29'),
(166, 'Mise à Jour', '2022-04-28'),
(167, 'Déconnexion', '2020-06-19'),
(168, 'Connexion', '2023-07-26'),
(169, 'Désabonnement', '2022-04-15'),
(170, 'Like', '2023-08-13'),
(171, 'Suppression de Playlist', '2021-09-29'),
(172, 'Envoi de Message Privé', '2021-01-15'),
(173, 'Rejoindre un Groupe', '2020-11-28'),
(174, 'Lecture de Message Privé', '2023-04-30'),
(175, 'Commentaire', '2023-12-17'),
(176, 'Déconnexion', '2023-11-24'),
(177, 'Modification de Publication', '2023-06-28'),
(178, 'Modification de Publication', '2022-12-21'),
(179, 'Quitter un Groupe', '2020-02-24'),
(180, 'Suppression', '2020-07-18'),
(181, 'Quitter un Groupe', '2022-05-02'),
(182, 'Modification de Publication', '2023-04-02'),
(183, 'Lecture de Message Privé', '2023-03-14'),
(184, 'Lecture', '2022-02-07'),
(185, 'Désabonnement', '2022-08-19'),
(186, 'Lecture de Message Privé', '2022-03-22'),
(187, 'Modification de Publication', '2020-08-01'),
(188, 'Suppression de Publication', '2023-02-23'),
(189, 'Création', '2022-08-29'),
(190, 'Suppression Ami', '2023-08-19'),
(191, 'Création de Playlist', '2023-12-17'),
(192, 'Commentaire', '2020-11-04'),
(193, 'Suppression Ami', '2023-08-06'),
(194, 'Suppression', '2021-08-22'),
(195, 'Modification de Publication', '2020-07-17'),
(196, 'Désabonnement', '2020-03-18'),
(197, 'Like', '2021-09-08'),
(198, 'Réception de Message Privé', '2023-12-28'),
(199, 'Quitter un Groupe', '2022-12-07'),
(200, 'Partage', '2023-08-09'),
(201, 'Ajout Ami', '2023-08-24'),
(202, 'Ajout Ami', '2021-04-01'),
(203, 'Lecture', '2023-10-27'),
(204, 'Réception de Message Privé', '2023-01-13'),
(205, 'Réception de Message Privé', '2022-12-15'),
(206, 'Connexion', '2023-11-11'),
(207, 'Ajout Ami', '2021-12-14'),
(208, 'Suppression Ami', '2023-11-03'),
(209, 'Modification de Profil', '2021-05-26'),
(210, 'Ajout Ami', '2021-08-16'),
(211, 'Lecture', '2022-07-06'),
(212, 'Partage', '2023-09-10'),
(213, 'Création de Playlist', '2023-02-19'),
(214, 'Lecture de Message Privé', '2021-09-07'),
(215, 'Modification de Playlist', '2020-01-23'),
(216, 'Lecture', '2022-09-18'),
(217, 'Partage', '2023-11-11'),
(218, 'Création de Groupe', '2022-06-05'),
(219, 'Lecture', '2020-07-22'),
(220, 'Modification de Playlist', '2023-06-01'),
(221, 'Rejoindre un Groupe', '2021-10-28'),
(222, 'Connexion', '2022-11-06'),
(223, 'Mise à Jour', '2022-10-04'),
(224, 'Rejoindre un Groupe', '2021-08-09'),
(225, 'Like', '2023-09-23'),
(226, 'Partage', '2020-03-14'),
(227, 'Quitter un Groupe', '2023-02-10'),
(228, 'Quitter un Groupe', '2021-03-29'),
(229, 'Déconnexion', '2020-07-04'),
(230, 'Création de Playlist', '2020-01-13'),
(231, 'Modification de Profil', '2022-01-18'),
(232, 'Suppression Ami', '2021-01-08'),
(233, 'Mise à Jour', '2022-09-22'),
(234, 'Réception de Message Privé', '2021-01-27'),
(235, 'Modification de Profil', '2022-10-22'),
(236, 'Commentaire', '2021-06-16'),
(237, 'Suppression', '2021-09-27'),
(238, 'Quitter un Groupe', '2022-09-02'),
(239, 'Lecture de Message Privé', '2021-06-08'),
(240, 'Abonnement', '2021-05-20'),
(241, 'Modification de Playlist', '2023-05-04'),
(242, 'Désabonnement', '2021-09-01'),
(243, 'Création de Groupe', '2021-04-26'),
(244, 'Quitter un Groupe', '2021-02-03'),
(245, 'Réception de Message Privé', '2021-03-25'),
(246, 'Quitter un Groupe', '2020-11-19'),
(247, 'Lecture de Message Privé', '2022-12-02'),
(248, 'Lecture de Message Privé', '2023-03-25'),
(249, 'Modification de Playlist', '2023-06-04'),
(250, 'Modification de Profil', '2023-05-08'),
(251, 'Like', '2020-10-01'),
(252, 'Lecture', '2022-04-14'),
(253, 'Publication', '2023-04-26'),
(254, 'Suppression de Playlist', '2023-04-12'),
(255, 'Partage', '2023-03-25'),
(256, 'Publication', '2021-06-18'),
(257, 'Ajout Ami', '2020-01-01'),
(258, 'Ajout Ami', '2022-06-02'),
(259, 'Publication', '2023-04-10'),
(260, 'Modification de Publication', '2020-10-21'),
(261, 'Création de Playlist', '2020-07-06'),
(262, 'Modification de Publication', '2022-06-22'),
(263, 'Publication', '2020-04-23'),
(264, 'Mise à Jour', '2023-02-20'),
(265, 'Suppression', '2023-05-02'),
(266, 'Modification de Playlist', '2020-08-07'),
(267, 'Envoi de Message Privé', '2021-10-19'),
(268, 'Partage', '2023-02-02'),
(269, 'Modification de Profil', '2021-10-20'),
(270, 'Déconnexion', '2021-10-02'),
(271, 'Suppression Ami', '2022-07-07'),
(272, 'Modification de Playlist', '2020-03-10'),
(273, 'Envoi de Message Privé', '2021-08-26'),
(274, 'Désabonnement', '2020-11-15'),
(275, 'Partage', '2020-09-08'),
(276, 'Partage', '2021-07-28'),
(277, 'Commentaire', '2023-02-15'),
(278, 'Partage', '2022-07-17'),
(279, 'Suppression Ami', '2021-07-30'),
(280, 'Like', '2023-03-12'),
(281, 'Déconnexion', '2020-11-12'),
(282, 'Création de Groupe', '2022-07-11'),
(283, 'Modification de Profil', '2021-08-23'),
(284, 'Suppression Ami', '2021-12-20'),
(285, 'Modification de Playlist', '2023-04-01'),
(286, 'Création de Groupe', '2021-03-21'),
(287, 'Modification de Publication', '2020-11-12'),
(288, 'Lecture', '2020-02-12'),
(289, 'Suppression Ami', '2023-11-19'),
(290, 'Abonnement', '2023-07-20'),
(291, 'Modification de Profil', '2021-02-08'),
(292, 'Mise à Jour', '2020-01-24'),
(293, 'Publication', '2021-11-29'),
(294, 'Suppression de Publication', '2023-07-26'),
(295, 'Envoi de Message Privé', '2020-01-29'),
(296, 'Ajout Ami', '2021-06-30'),
(297, 'Création', '2022-06-14'),
(298, 'Like', '2021-02-21'),
(299, 'Suppression', '2023-01-25'),
(300, 'Suppression de Playlist', '2022-12-31')

-- Publication 
INSERT INTO Publication (Publication_ID, Date) VALUES
(1, '2022-10-28'),
(2, '2021-07-15'),
(3, '2023-11-20'),
(4, '2022-04-11'),
(5, '2023-02-07'),
(6, '2023-11-26'),
(7, '2020-08-12'),
(8, '2020-01-06'),
(9, '2022-09-20'),
(10, '2023-10-14'),
(11, '2022-07-15'),
(12, '2020-01-05'),
(13, '2023-05-31'),
(14, '2022-06-09'),
(15, '2023-11-22'),
(16, '2022-03-09'),
(17, '2020-05-05'),
(18, '2021-07-07'),
(19, '2020-08-13'),
(20, '2020-03-07'),
(21, '2021-12-15'),
(22, '2020-03-21'),
(23, '2021-11-05'),
(24, '2023-08-28'),
(25, '2022-07-14'),
(26, '2021-05-30'),
(27, '2020-05-29'),
(28, '2022-02-17'),
(29, '2022-09-16'),
(30, '2020-08-14'),
(31, '2023-08-28'),
(32, '2021-03-04'),
(33, '2021-12-21'),
(34, '2021-05-12'),
(35, '2023-06-11'),
(36, '2021-07-28'),
(37, '2023-11-01'),
(38, '2020-06-22'),
(39, '2020-11-13'),
(40, '2021-01-12'),
(41, '2020-03-13'),
(42, '2021-11-19'),
(43, '2021-08-02'),
(44, '2022-06-16'),
(45, '2021-01-05'),
(46, '2021-06-15'),
(47, '2023-06-02'),
(48, '2023-10-18'),
(49, '2023-06-22'),
(50, '2023-04-19'),
(51, '2023-04-03'),
(52, '2023-10-29'),
(53, '2022-07-01'),
(54, '2020-01-04'),
(55, '2022-11-19'),
(56, '2020-11-30'),
(57, '2020-06-09'),
(58, '2023-06-13'),
(59, '2022-05-29'),
(60, '2021-08-11'),
(61, '2021-07-03'),
(62, '2021-12-08'),
(63, '2022-09-28'),
(64, '2022-11-09'),
(65, '2022-10-15'),
(66, '2020-06-11'),
(67, '2021-09-10'),
(68, '2023-08-25'),
(69, '2020-08-09'),
(70, '2021-12-30'),
(71, '2023-10-27'),
(72, '2023-07-11'),
(73, '2021-08-21'),
(74, '2020-08-28'),
(75, '2020-09-12'),
(76, '2022-12-25'),
(77, '2021-11-24'),
(78, '2020-03-28'),
(79, '2022-10-30'),
(80, '2021-06-28'),
(81, '2021-03-30'),
(82, '2021-02-23'),
(83, '2021-07-16'),
(84, '2020-11-30'),
(85, '2021-05-24'),
(86, '2023-02-12'),
(87, '2021-03-11'),
(88, '2023-11-27'),
(89, '2022-01-25'),
(90, '2023-07-02'),
(91, '2023-06-03'),
(92, '2021-08-02'),
(93, '2021-10-13'),
(94, '2020-07-10'),
(95, '2022-12-16'),
(96, '2022-06-06'),
(97, '2023-01-05'),
(98, '2022-04-15'),
(99, '2023-10-13'),
(100, '2020-01-30'),
(101, '2023-01-22'),
(102, '2023-04-17'),
(103, '2021-08-02'),
(104, '2020-12-11'),
(105, '2023-08-28'),
(106, '2023-12-18'),
(107, '2020-02-27'),
(108, '2022-01-03'),
(109, '2021-02-18'),
(110, '2020-03-15'),
(111, '2022-10-04'),
(112, '2021-10-11'),
(113, '2022-12-19'),
(114, '2020-12-10'),
(115, '2022-01-05'),
(116, '2023-05-10'),
(117, '2021-04-24'),
(118, '2023-11-17'),
(119, '2022-10-03'),
(120, '2021-02-16'),
(121, '2024-01-06'),
(122, '2020-03-10'),
(123, '2021-06-02'),
(124, '2023-03-17'),
(125, '2022-09-24'),
(126, '2022-01-04'),
(127, '2022-09-07'),
(128, '2022-04-20'),
(129, '2020-09-28'),
(130, '2023-05-29'),
(131, '2023-01-25'),
(132, '2020-08-20'),
(133, '2021-05-30'),
(134, '2022-03-11'),
(135, '2021-10-07'),
(136, '2020-09-28'),
(137, '2023-12-25'),
(138, '2023-07-12'),
(139, '2022-04-27'),
(140, '2020-08-19'),
(141, '2020-07-23'),
(142, '2022-11-02'),
(143, '2021-06-02'),
(144, '2021-08-09'),
(145, '2023-01-01'),
(146, '2022-05-24'),
(147, '2022-06-17'),
(148, '2021-01-14'),
(149, '2021-09-19'),
(150, '2023-07-15'),
(151, '2022-03-12'),
(152, '2021-06-20'),
(153, '2020-02-26'),
(154, '2022-09-10'),
(155, '2021-02-04'),
(156, '2020-12-17'),
(157, '2023-12-12'),
(158, '2022-10-22'),
(159, '2023-05-25'),
(160, '2023-10-30'),
(161, '2020-06-20'),
(162, '2021-01-11'),
(163, '2021-12-14'),
(164, '2020-05-30'),
(165, '2021-09-19'),
(166, '2021-06-13'),
(167, '2020-06-22'),
(168, '2021-05-21'),
(169, '2023-08-27'),
(170, '2021-05-27'),
(171, '2020-11-12'),
(172, '2021-02-24'),
(173, '2020-10-08'),
(174, '2022-01-21'),
(175, '2021-11-20'),
(176, '2020-07-08'),
(177, '2020-05-17'),
(178, '2022-01-08'),
(179, '2020-05-27'),
(180, '2023-10-19'),
(181, '2023-09-28'),
(182, '2021-05-08'),
(183, '2021-06-20'),
(184, '2022-01-19'),
(185, '2023-02-11'),
(186, '2020-11-14'),
(187, '2021-07-28'),
(188, '2021-10-06'),
(189, '2023-07-09'),
(190, '2022-06-03'),
(191, '2020-07-16'),
(192, '2022-12-16'),
(193, '2022-06-23'),
(194, '2021-12-25'),
(195, '2020-06-30'),
(196, '2021-08-08'),
(197, '2022-09-15'),
(198, '2021-05-16'),
(199, '2022-07-26'),
(200, '2020-11-09'),
(201, '2022-07-02'),
(202, '2023-10-15'),
(203, '2023-02-17'),
(204, '2022-06-25'),
(205, '2022-05-29'),
(206, '2023-12-11'),
(207, '2020-07-22'),
(208, '2022-09-01'),
(209, '2021-06-28'),
(210, '2020-10-04'),
(211, '2023-07-11'),
(212, '2021-04-15'),
(213, '2023-07-16'),
(214, '2021-01-31'),
(215, '2022-04-17'),
(216, '2020-08-17'),
(217, '2020-01-15'),
(218, '2022-07-09'),
(219, '2021-07-28'),
(220, '2023-03-03'),
(221, '2022-03-20'),
(222, '2023-07-02'),
(223, '2020-03-09'),
(224, '2021-01-14'),
(225, '2020-01-23'),
(226, '2020-08-24'),
(227, '2021-01-17'),
(228, '2022-07-19'),
(229, '2020-10-26'),
(230, '2023-02-28'),
(231, '2021-09-12'),
(232, '2020-02-24'),
(233, '2022-09-05'),
(234, '2020-11-03'),
(235, '2023-05-28'),
(236, '2021-06-13'),
(237, '2020-07-06'),
(238, '2020-09-16'),
(239, '2022-12-26'),
(240, '2021-04-01'),
(241, '2022-07-01'),
(242, '2020-07-25'),
(243, '2023-04-04'),
(244, '2023-07-05'),
(245, '2020-10-26'),
(246, '2021-01-28'),
(247, '2023-06-09'),
(248, '2020-12-06'),
(249, '2022-07-25'),
(250, '2022-10-03')

-- Message_privé
INSERT INTO Message_Prive (Message_ID, Destinataire_pseudo, Contenu, Date, Etat) VALUES
(1, 'daniellejohnson', 'Support teach professional result knowledge who.
Parent specific from no. Case spring current thought.', '2017-06-04 16:28:58', 'distribue'),
(2, 'morganallen', 'Brother relationship guess reflect pattern teach attack general. Recognize receive many for option institution pattern some.', '2019-06-02 11:58:09', 'lu'),
(3, 'wendy81', 'Bag left society career program. East sometimes computer feeling people state.
Moment left pay best line position. Huge catch southern now.', '2014-06-27 05:19:45', 'lu'),
(4, 'xmays', 'Will fund movement experience measure. Read issue walk audience.
Research on raise article adult. Especially lay near why land picture card model.', '2016-04-14 14:48:59', 'distribue'),
(5, 'ariaslauren', 'Federal red role inside choose model. Step message involve card.', '2021-09-25 23:03:49', 'distribue'),
(6, 'franklintyler', 'Try listen just deep fish hundred. Drug prove anything hundred religious. Food day future spring.', '2015-09-17 02:38:29', 'lu'),
(7, 'mistyturner', 'Including task thing man necessary majority. Hour there compare more some assume watch. Few year operation coach director court. Girl well TV today.
Today clearly next pay throw.', '2018-07-29 09:58:28', 'lu'),
(8, 'daniel83', 'Look Republican determine born ability. Need trip condition side along wind share. Fine rather know order group future.
Finish thing letter with.
There computer suggest single none.', '2020-04-17 15:35:30', 'lu'),
(9, 'huntervaughan', 'Spend notice begin gas evening. Expert form figure policy.
Make make question how yes. Room next rich write. Against air little catch.', '2019-06-08 19:06:09', 'distribue'),
(10, 'bobbylopez', 'Must radio writer sea. Apply tree five onto.
Ask shake can after. Number control smile manager hold room. Out eye two page conference agreement.', '2023-07-01 18:48:58', 'lu'),
(11, 'ahampton', 'Just star issue when both the. Project stop summer shoulder industry several. Thought at social heavy course start. Whose agree through choice whom.', '2018-01-20 02:45:09', 'distribue'),
(12, 'mmunoz', 'Way case above around company despite. Court doctor pretty. Morning seat assume off when live individual.
Population perform much if. Event push stuff respond evening environmental west seem.', '2017-10-21 02:25:11', 'distribue'),
(13, 'joshua65', 'Very I itself boy ask city former. Mean see every significant organization page how.
Product or keep recognize must one sit. Citizen letter physical edge our quite.', '2019-06-12 00:12:53', 'distribue'),
(14, 'suzanneswanson', 'Single gun wait decade task democratic. Community remain series next let. She money street officer never nor.', '2022-02-15 08:05:29', 'lu'),
(15, 'davenportroberto', 'Happen myself industry concern officer. Agent sometimes range store person understand series. Address about number work business southern.', '2020-08-07 22:23:51', 'lu'),
(16, 'daviddean', 'Bag maintain full. Science wait wide quality appear.
Road likely term. Film head Mr sound first despite growth. Me who evening term.', '2017-02-11 05:40:23', 'lu'),
(17, 'vanessagreene', 'Box site special everyone heart model institution. Pull its voice involve debate new many without.', '2023-11-03 01:38:32', 'lu'),
(18, 'bonnie21', 'Us from hospital need event nation plan. Leg answer tonight individual. High close out draw so great table street.', '2023-07-02 08:55:00', 'lu'),
(19, 'ginafernandez', 'Key start notice pattern ever two personal. Wonder subject north knowledge allow lead the organization.', '2020-10-13 12:58:41', 'lu'),
(20, 'keithhernandez', 'Employee late during chair. Election figure develop land affect.
Skin discover meet when spend. Happy local building less head cover.', '2021-06-07 04:45:22', 'lu'),
(21, 'rcook', 'As pretty wear key fire. Maintain kitchen watch reach. Art head tend total everything.
Own various baby write animal article board. Language he agreement.', '2019-12-03 12:39:20', 'distribue'),
(22, 'jburgess', 'Suddenly matter trade at. Discussion situation maintain garden glass difference.
Product but air dream half speech community. Easy force behind price room open final environmental.', '2022-08-27 11:20:26', 'lu'),
(23, 'ana15', 'Less office me full house million analysis field. Get degree raise local hope.
Store image spring. Must full if nearly girl certain. Together ball pick defense tend natural.', '2019-04-18 07:23:18', 'lu'),
(24, 'brucerojas', 'See know marriage actually future east also. Though true right its. Lead loss price benefit.', '2015-11-04 13:00:49', 'distribue'),
(25, 'keithjohn', 'Success stay suddenly any. Age lead pick plan spend yet song on.
Join next test check close. View live director around agreement research real. Democrat cold against player.', '2016-08-08 20:01:27', 'distribue'),
(26, 'chasesmith', 'Far story memory. Shoulder player left chair live.
Different compare begin interview start car check.
Enough tend us. Talk glass realize bad.', '2022-10-08 17:52:51', 'distribue'),
(27, 'fbowen', 'Occur approach the act want. Small charge best know high than sometimes piece.', '2016-01-09 22:47:58', 'lu'),
(28, 'cummingsjessica', 'Either law style ever reason pressure. Must difficult man. Increase price painting.
Mother letter we thousand a. View daughter station sister person head protect interesting. Capital Mrs far view.', '2020-06-26 16:59:33', 'distribue'),
(29, 'kendramunoz', 'Politics nor week what standard reality prepare. Question behind occur figure far happen.', '2015-05-07 05:06:24', 'distribue'),
(30, 'nolanallen', 'Require its season protect write. Edge medical movie which respond matter sell protect. Arrive seem minute middle investment item.', '2020-11-26 06:20:06', 'distribue'),
(31, 'tamara14', 'Organization keep enough throw play his history itself. Plan community exist body between site worry. Low either reveal from toward.', '2018-09-09 22:27:12', 'distribue'),
(32, 'kdunlap', 'Employee end clear southern language arm red. Yard decide measure sing example able into.', '2016-11-04 14:46:52', 'distribue'),
(33, 'keithhiggins', 'Adult bring skin painting Congress. Charge amount surface surface consumer.
Statement career but someone assume office meeting wife. Specific by others magazine tough me success. Force later girl.', '2016-07-16 14:41:47', 'lu'),
(34, 'sarah30', 'Assume hold response early. Quality join bring whatever little quickly against. Team huge while experience involve know attention.', '2016-05-09 20:31:04', 'distribue'),
(35, 'elizabeth64', 'Agent audience friend hot let activity. International man much strategy song measure reduce.
Want protect where hospital director act. Grow form particularly job chance reduce purpose.', '2016-01-09 03:53:17', 'distribue'),
(36, 'kelly87', 'Care network week bill participant situation. Ball fire consumer again.', '2017-09-18 07:47:40', 'lu'),
(37, 'fmunoz', 'West economic character she similar.
Social natural her condition. Generation put simply perform environment machine several. Religious possible accept focus president.', '2014-06-10 15:46:51', 'lu'),
(38, 'gbird', 'Fact trip floor consider back event life. Up cell decision note term pay baby. Food bring natural tell full stop.', '2022-03-12 04:06:13', 'distribue'),
(39, 'reedcalvin', 'So wall remain hotel peace.
Man respond democratic director tough. Myself story break. Body medical wind major physical maybe.', '2019-10-18 18:21:31', 'lu'),
(40, 'uthornton', 'Word around TV dog deep follow see our. Indicate sit network seek.
Per movement six much wonder subject.', '2020-09-27 19:56:35', 'lu'),
(41, 'moralesdaniel', 'Pass time real. Purpose near less. Agreement rule sport manager throw.
Citizen when serious center shake.', '2016-12-15 13:01:55', 'lu'),
(42, 'leekaren', 'Set establish shoulder if daughter available defense. Offer such appear security site give.', '2017-09-10 14:36:05', 'lu'),
(43, 'vargasangela', 'Nation can they two. School oil impact might explain always yes. Sure interest forward may office poor certainly.', '2022-02-06 22:40:12', 'lu'),
(44, 'julie86', 'Name blood activity capital wall. Draw themselves pull nation. Quite among inside attention paper despite me. Remember radio voice rather.', '2017-04-21 08:05:06', 'distribue'),
(45, 'david95', 'Per health after. Matter argue issue thus. Show seat could.', '2014-12-02 03:50:37', 'lu'),
(46, 'gregorykirk', 'Provide hair tell instead various investment. Manage lead get half defense often. Score type start nature.', '2015-06-23 10:35:06', 'distribue'),
(47, 'watsonrobert', 'Beat feeling character finish and. Full action view sit will. Never win much my fund travel employee.
Today behavior their knowledge certain. Enjoy eight us here large firm.', '2023-07-02 14:19:24', 'distribue'),
(48, 'whiteanthony', 'White only wall today can structure business keep. Approach agree open turn performance policy week partner. Have company say natural stuff tree position. Eight style white next several treat teach.', '2023-11-14 15:14:34', 'distribue'),
(49, 'theresaturner', 'Than camera break. Analysis piece language popular light record way. Gun rich what music old purpose.
Box save tax involve suddenly professor. New open enough a eight serve.', '2021-01-17 00:07:31', 'distribue'),
(50, 'hamiltonbruce', 'Red follow state rise loss. Win party million create general wall chance.
Character family challenge plan wind. Cost finish three at PM establish tend.', '2024-01-03 12:45:31', 'lu'),
(51, 'amanda92', 'North single face church. Care whole stock artist. Provide nothing and.
Attorney relationship institution prove might. Cost relate big institution.', '2019-02-24 19:06:54', 'distribue'),
(52, 'rpalmer', 'Green public others condition bar word vote. Statement admit name side level Democrat.
Ago we cut he million whatever pull. On issue officer knowledge business response present.', '2021-09-22 08:21:13', 'distribue'),
(53, 'apugh', 'Or camera natural paper tax. Stop agency world hotel crime.
Carry without perhaps language evidence. Health age seven network tree cut. Stuff benefit approach series.
Adult many these wonder most.', '2023-05-23 08:42:02', 'distribue'),
(54, 'pmorales', 'Hope sense situation management. Herself itself past trial. Consumer each body enjoy.', '2019-12-06 13:36:48', 'distribue'),
(55, 'martinezchristina', 'Gas phone whether senior treatment there shake ok. When never stage present physical chance method.
Stuff thus institution per reflect. Election total over. Read watch add with group sure finally.', '2014-01-25 00:44:45', 'distribue'),
(56, 'ygregory', 'Generation half threat college your six. Human understand account seat either floor determine process. Medical them six.', '2018-05-04 02:19:53', 'lu'),
(57, 'emartinez', 'As cultural call amount woman exactly. Color very example reach. My hit guy beat forward about discussion. Sort glass move kitchen debate customer.', '2019-09-14 11:59:34', 'lu'),
(58, 'caseyjohn', 'Technology front play. Better build all natural present ask knowledge reduce. Field current language ten church piece. Full bad yeah organization power other.', '2015-12-28 05:35:44', 'lu'),
(59, 'melinda89', 'Respond join plan conference through plan record everything. Feeling friend administration bed.', '2018-11-06 23:39:01', 'distribue'),
(60, 'david08', 'Response also very research possible nothing. Expect dream develop along. That network involve seem include since.', '2022-07-30 04:26:36', 'lu'),
(61, 'pinedajustin', 'Near huge world arrive.
Blood room everyone start. Recently hour individual bill almost. Involve require section return prevent. There plan boy success second adult decide purpose.', '2019-08-24 00:38:20', 'lu'),
(62, 'aaronballard', 'Sure dark entire still edge. Kid factor blue perform analysis again. Current listen memory relationship.', '2014-09-11 02:12:43', 'distribue'),
(63, 'mcphersonrobert', 'Response former teacher. Within best theory buy. Less job according give speech scene.
Reach car newspaper owner arm. Sell side research fish reflect member eat.', '2014-04-03 16:40:36', 'lu'),
(64, 'donaldchavez', 'Oil concern minute husband music test entire. Sell doctor seven road budget soldier save. Ok believe any site attorney.
Write culture then rate. Note full possible someone.', '2018-09-18 05:22:29', 'distribue'),
(65, 'lisa46', 'Past wait expert look run quite door. Affect at enter.
Meet stand skin. Star find others ago customer reveal. Trade drive executive eight though couple.', '2017-09-10 12:25:37', 'distribue'),
(66, 'tina49', 'Where senior music heavy participant.
Region full eat. Among oil structure international easy central compare institution. Heavy least per.
Yard affect daughter exist I. Event market analysis.', '2015-07-29 04:48:32', 'distribue'),
(67, 'baileyjennifer', 'Feeling above between ago box. Say well common up coach season. Owner wall risk area pay.', '2019-02-07 09:44:30', 'distribue'),
(68, 'ericbentley', 'Not similar eat. Just meet morning example explain wish.
Realize design respond according cover into. Adult reach woman serious item college.', '2019-05-28 03:45:07', 'distribue'),
(69, 'michaelhubbard', 'Deal quality later wrong similar land. Probably action realize always author.
Strong serve place successful good return. Adult bar business sport room authority Republican.', '2016-03-08 00:13:28', 'distribue'),
(70, 'boydoscar', 'Prepare value campaign training pressure professional.
Lay produce he voice east threat case. Upon little world reduce huge put marriage.', '2020-10-09 13:54:03', 'lu'),
(71, 'amy00', 'Cover pay remember green.
Season already want half according education effect. Someone try rather. Tonight simple skill report dark place north.', '2018-11-27 01:44:27', 'distribue'),
(72, 'joshuapeterson', 'Seem line clearly gas yourself old. Could cover feeling investment near. Hear risk response company know provide.', '2015-07-25 21:10:04', 'distribue'),
(73, 'aliciahamilton', 'Customer improve agree road. Film help beyond window. Quality alone drive do. Past smile fact final admit.
Guy rather her become. Land share write ahead color kid us.', '2019-05-15 00:54:33', 'distribue'),
(74, 'jeremysanders', 'Month eight structure develop across. Season price same thousand power training student.
Describe answer really. Fund success although lot be ability each. Government investment industry drug.', '2015-03-31 02:34:42', 'distribue'),
(75, 'dustinrogers', 'Operation market smile animal Republican memory break. Technology eat I exist sea memory enter more.
Push throw this for know common much. Mind offer development difficult forget listen.', '2015-04-01 03:05:38', 'distribue'),
(76, 'alan44', 'Area owner enjoy attorney.
Drop our their drive cost. Team by case.
Green room tough other. Available hard decide professional fall ago everyone.', '2014-04-20 23:37:46', 'lu'),
(77, 'brendajones', 'Environment subject game. Tax specific indicate gun interest treat. Reduce age young everyone receive. Threat financial claim live back big what.', '2014-04-25 20:50:33', 'lu'),
(78, 'meadowsmelissa', 'Student scientist war site. Know former next mother. Recently attack point bank three early often.', '2023-09-30 17:18:18', 'lu'),
(79, 'jennifer01', 'Say field law. Certain administration would gun. Officer design election find center manager special business.
Before maintain event. Win life whose animal. Face management short couple.', '2014-01-23 09:53:19', 'distribue'),
(80, 'amandalopez', 'Item market organization share weight fly make hospital. Nice son position buy phone society.
Challenge strong imagine down line. Fight face task career including different.', '2018-11-21 23:27:38', 'lu'),
(81, 'ellisdana', 'Voice choose or light.
Avoid cost should involve. Against image wife thus.
Stand threat act plan vote. Source choice west well. Value happen buy third bed.', '2019-05-25 07:23:01', 'distribue'),
(82, 'zhall', 'Mother put everyone bag. Expect owner candidate reflect his interest. Pull military claim fire wife include.', '2021-06-24 06:01:31', 'lu'),
(83, 'mary38', 'Ever establish event. Event benefit decide notice box particular. Sometimes yes significant part author item.
Top while leg. Whose allow story mouth special. Include quite economy eye hot direction.', '2017-01-20 18:28:38', 'lu'),
(84, 'asanchez', 'Next claim I main. Join religious take task sell we.
By notice remember your despite institution. Four less feeling join ball already.', '2021-06-07 10:36:08', 'lu'),
(85, 'gregorytorres', 'Always key there beautiful keep hundred. History task manager physical. Few building program machine.
Create financial more majority. Bed direction book oil. Theory red future adult letter next.', '2022-04-03 23:17:34', 'lu'),
(86, 'martinrobert', 'Whatever religious make third herself most performance. Information car all set future five.
Hour produce meet personal discuss. Gas stuff modern tonight finally.', '2018-07-24 03:36:33', 'distribue'),
(87, 'froy', 'Husband language church beyond. Successful evening ball.
Call generation cell argue learn. Guy if pay.
Organization deal sea ability almost.', '2017-10-12 21:10:55', 'lu'),
(88, 'michellebrown', 'Face hotel side country. Development dog nice.
Modern she new old. Eye budget charge series show decade figure. Pay stock born opportunity up main.', '2018-02-15 02:51:18', 'lu'),
(89, 'daniel85', 'Ok miss tend economy my report then. Building rich remember me better budget. Hope plant hotel his.
Whatever foot yes though. Prepare provide idea parent country popular watch best.', '2020-05-01 21:08:15', 'lu'),
(90, 'aaronhanson', 'Prepare play low thus. Such sing key owner would employee. Single fall idea.
Cup study drive start my fight. Note simple exactly try natural support. Effort fish step mission agreement care blood.', '2021-08-07 06:14:07', 'distribue'),
(91, 'chaddixon', 'Hold room peace opportunity close. Practice society better start foreign mother.
Reason common type the bit daughter. Before talk we discover join television.', '2021-10-03 10:46:21', 'distribue'),
(92, 'byrdcharles', 'Here manager guess pattern husband. Mrs we difficult response over skill material. Foot thank all summer throw take family activity.', '2014-05-12 09:13:15', 'distribue'),
(93, 'russellpierce', 'History begin I couple main. Political likely another.
Economy price throw father order eye.', '2021-03-27 03:08:18', 'distribue'),
(94, 'cynthia04', 'Society born dog hope grow start respond. Response draw site wind. Shoulder challenge within policy central.
Art describe question speak there. Both light heavy music.', '2019-06-28 21:06:25', 'distribue'),
(95, 'matthewwilliamson', 'Method fall attack hear increase.
Peace often fast. Can get mother new daughter.
Rich student more police.
Each finish them future young. Of write view full response. Class process school.', '2017-09-14 06:42:26', 'distribue'),
(96, 'lori17', 'Since budget their give big project. To apply forget field weight stand. Purpose talk traditional wide shoulder tree.', '2021-09-03 09:33:49', 'distribue'),
(97, 'nhart', 'Marriage money happy rule cultural student member. Apply religious low certainly good.
Thought federal always memory she. Or difficult election short many paper choice.', '2015-09-02 00:39:06', 'lu'),
(98, 'fgibson', 'Hotel address key close. Break half society pattern out reduce small treatment.
Report quality day tax detail. Top might growth factor. Prepare material and follow teach man edge.', '2020-03-31 06:27:33', 'distribue'),
(99, 'warrenchristopher', 'Here doctor born. Understand reflect learn strategy. Player share line western year prevent indeed.
Human get the executive land ahead. Hot sort later born fly religious on more.', '2015-09-10 14:57:26', 'distribue'),
(100, 'russell10', 'Better today voice today collection cultural. Former later open general network two.
Education old maybe you story activity.', '2018-02-24 19:48:13', 'lu'),
(101, 'mcdonaldjohn', 'Pay prevent method worry which and common. Car learn fish reach loss. Hit my tend unit few world final mother. Sense size method account.', '2021-05-12 14:35:39', 'distribue'),
(102, 'william44', 'Itself hope partner four season. Single now instead power middle. By avoid laugh old up deep economy.', '2022-08-13 18:02:59', 'distribue'),
(103, 'ibrown', 'But meet main friend down international common event. Idea stay put red until.
Mouth play visit what my beautiful. Price author receive lose.', '2020-12-22 04:10:57', 'lu'),
(104, 'millerchristopher', 'Key film theory seven industry example. No someone throw service section agent certainly the. Few determine type.', '2020-06-14 09:48:35', 'distribue'),
(105, 'fieldsshane', 'Car minute father example discover. Life blood next ten price she general. Discussion white above increase.', '2019-01-10 12:53:25', 'lu'),
(106, 'amanda90', 'Offer look side avoid image occur. Again success his behavior guy reduce media.
Wait present him talk man would century. Two agreement both threat. Nature and education strong land according.', '2018-02-26 00:24:40', 'distribue'),
(107, 'toddgregory', 'Career share majority. Administration information clear man never everybody. Hospital prove stuff name loss thousand.
Have traditional customer history.', '2019-01-14 13:12:18', 'distribue'),
(108, 'nbaker', 'Reduce strategy open no responsibility yet. Success tell whether case return. Large understand enjoy. Late computer hear short win effect.
Hope dark simply reality knowledge free.', '2017-10-23 07:54:27', 'lu'),
(109, 'bullockcourtney', 'Even value affect wish try probably still. Nothing attack husband real environmental outside soldier country.
See majority commercial major. Effort listen pull cold force increase month.', '2016-05-19 10:45:01', 'lu'),
(110, 'bucklawrence', 'Clearly arm play.
Statement tonight memory my. Expect kind rather soldier fact door rest.
Daughter adult audience cause American collection.', '2018-09-13 04:30:00', 'lu'),
(111, 'shannon25', 'Price book arrive whom officer. Avoid phone and idea your next black.
Study if try other conference sure election. Down condition five painting cultural up.', '2017-04-02 00:00:21', 'lu'),
(112, 'jeffrey63', 'Amount hotel all technology pressure. Go still compare.
Control each put toward green international risk. Himself wear series none store collection. Child one must after stop campaign.', '2015-10-27 23:32:30', 'distribue'),
(113, 'cristian90', 'Involve place art third ready yet. She nearly him section thought hot arm that. Try explain argue. Agree with difficult analysis.', '2020-10-31 08:26:27', 'lu'),
(114, 'pvasquez', 'Pick court current business. Light late role research agree rest stuff.
Pm business wear yourself one. Hard kind without reality four wear outside. Decide question amount area score.', '2021-04-13 02:17:32', 'lu'),
(115, 'rodriguezjesse', 'Discover positive part attorney amount whether friend. Seem against interesting religious around.', '2015-01-23 07:29:06', 'distribue'),
(116, 'rodriguezjonathon', 'Ok page parent. Travel low fund relate already close director.
Agree clearly wear condition near throw test.
Green your when area according for.', '2019-08-28 19:56:35', 'distribue'),
(117, 'juliasteele', 'Office exist might law public middle. Final down television state design. Scientist wish human medical.', '2017-09-24 16:09:24', 'distribue'),
(118, 'marshsean', 'Adult argue peace political space.
Order force by wrong form fast wife. Environment choice least one network. Make choice produce beautiful field carry.', '2014-04-19 23:28:51', 'distribue'),
(119, 'andersonvictoria', 'Seek over crime begin have window. Bag owner way. Easy answer drop.
Require arrive go make spring history within billion. Support create class out report. Push long school speak.', '2019-10-30 16:07:36', 'distribue'),
(120, 'fguzman', 'Check blood week almost. Answer officer commercial consumer. Attention Congress you particularly.
Include present approach argue. Explain small doctor at trouble.', '2014-02-20 16:31:42', 'lu'),
(121, 'qgriffin', 'Bar government new three. Land visit free note.
Reflect there figure than factor. Whatever report carry work budget consider.', '2021-09-12 14:54:38', 'distribue'),
(122, 'rjohnson', 'Know hand market site itself his. Eight exist return movie project. Owner write hospital.
Family including work shoulder campaign almost. Figure radio education game. Happy mind event third whom.', '2023-08-15 11:49:31', 'lu'),
(123, 'shannonboyd', 'Teacher election trial newspaper hospital. Because lead class simple agree manager. Official them expert ask support.', '2017-03-07 02:51:11', 'lu'),
(124, 'williamreyes', 'Later wear win look. Series explain sell result increase under stuff.
Approach tax ok daughter away lose. Travel the you claim indeed room your.', '2015-01-13 11:32:30', 'distribue'),
(125, 'melindabarrett', 'Fall professor attorney own assume choose. For mention from pretty serious. During manage federal TV large hospital partner.', '2022-12-01 11:25:47', 'lu'),
(126, 'wilsonrachel', 'Card heart include wind. Clearly black husband after and deep ability.
Business physical firm discover guess Republican.', '2023-11-30 14:22:27', 'lu'),
(127, 'sharon99', 'Thank camera little for development walk. Understand life enter. Age light computer want teacher design.', '2016-07-23 06:58:26', 'distribue'),
(128, 'jacob13', 'Wish law size test recent half rather seven. Raise can behind hour TV partner. He admit management performance necessary phone.
Other seem speech break. None police section.', '2017-02-20 22:44:08', 'distribue'),
(129, 'gramirez', 'Author several huge again fish everything technology. Almost new citizen control kind finally. Wall enjoy later face. Good idea many in day beat.', '2020-07-11 23:29:23', 'distribue'),
(130, 'hicksmatthew', 'Security effect above. Fact open drug cultural position. My partner site guess whose.', '2019-04-16 00:03:12', 'distribue'),
(131, 'edwincastillo', 'Science deal another outside no can partner. Food recent once moment.
Book crime option rise. Meet together argue life. However page agree beat whose stand reflect.', '2017-05-08 19:00:16', 'distribue'),
(132, 'ubriggs', 'Company seek three Republican. Forget senior describe. Rather none spring really.
Girl imagine friend edge rather from reduce. Mention number oil change share. Court former some event.', '2023-07-03 20:53:28', 'lu'),
(133, 'isaac70', 'Matter three final beyond avoid Mrs. Power even past page and upon. Time character election. Matter safe color total customer cause.', '2022-12-28 10:45:18', 'lu'),
(134, 'josehicks', 'System particular office certain real simply manager. Why beyond could mother like assume.
When protect building reduce even course. Shake television I strategy art real nothing.', '2015-06-21 16:23:24', 'lu'),
(135, 'pbell', 'Speak senior leave recently to perhaps simple third.
Explain raise window about. Both appear husband either fine.
Until moment six eye. Figure heavy moment big for north.', '2020-01-11 10:22:19', 'lu'),
(136, 'kjohnson', 'Boy federal later somebody no economy how forward. Price budget establish much player worry. Market vote color member nature mind series.
Represent network offer hope describe along.', '2017-11-16 07:52:52', 'distribue'),
(137, 'michaelkoch', 'Along hit those address reality network thank. Decade majority pick worker.
Single himself good even. Quickly rise understand sense beat develop about. Serious other majority young lose.', '2023-08-16 23:21:47', 'lu'),
(138, 'westfrederick', 'Growth leader season through hope. Avoid if party good choice particularly move.', '2021-12-04 02:00:05', 'distribue'),
(139, 'juan08', 'General ago game skin commercial wind material. Start American participant prevent. Listen effect operation sell person.', '2014-04-02 06:55:40', 'lu'),
(140, 'brenda15', 'Least radio prevent voice town. Say I former become go recent head. Front would month hospital.
Deal itself east market style. Of live service last like money wait.', '2021-09-23 01:47:38', 'lu'),
(141, 'gibsonfrancis', 'Former billion since. Authority Mr she else. Boy success beautiful community assume toward.', '2017-06-05 10:47:03', 'distribue'),
(142, 'jenniferhaney', 'Why system actually teach country continue direction. Player question agency final. Kid art return investment so Mr weight. Live certainly within matter six media.', '2022-04-14 14:54:13', 'distribue'),
(143, 'alipatrick', 'Among reach international various among both first thus. Political the talk player somebody official. Vote effort finally enough technology significant impact think.', '2019-12-16 08:39:07', 'distribue'),
(144, 'marshelizabeth', 'Live before cause minute peace likely. Themselves behavior everyone listen way character class.
Include guy region various must game teach sport. Maybe form increase car expect hundred argue receive.', '2020-01-19 10:15:01', 'lu'),
(145, 'khandawn', 'Affect could high sound. From identify space.
Push soldier despite act.
Easy throw treat watch firm together ever trial. Only its option low sport catch. Call son push.', '2016-10-11 03:30:26', 'distribue'),
(146, 'ellisoncraig', 'Get interesting field protect need reveal notice. Need the owner inside crime discussion.
Concern upon less. Others data middle way realize role pretty do.
Appear once less life impact work trip.', '2016-11-13 18:25:17', 'lu'),
(147, 'tbartlett', 'Chair design positive hospital special each go. Set great watch along.
I every fish half trouble prevent. Prepare people say family herself candidate production.', '2014-04-18 03:30:47', 'distribue'),
(148, 'kathryn43', 'Glass top leave know sport. Pattern off activity fly red ground note visit. Our current public.
Provide interview appear factor. Baby start like leader amount place without.', '2018-03-14 16:22:38', 'distribue'),
(149, 'josehunter', 'Would both too ball body degree. Pass question start least since sort. None since remember agree peace suffer.
Main seven American former woman what.', '2022-03-17 20:41:10', 'distribue'),
(150, 'michael79', 'Pick note pretty nation. Amount class miss administration industry world.
Pm suffer act learn. North six check while. Per two artist attack occur very still.', '2017-09-15 18:32:56', 'lu')

-- Suggestion
INSERT INTO Suggestion (Suggestion_ID, Type, Date) VALUES
(1, 'Suggestion amis en fonction des intérêts communs', '2020-07-28'),
(2, 'Suggestion Ami', '2021-06-03'),
(3, 'Suggestion de Groupe', '2023-07-21'),
(4, 'Suggestion de playlists basée sur les habitudes écoute', '2020-08-26'),
(5, 'Suggestion de Playlist', '2023-01-13'),
(6, 'Suggestion de playlists basée sur les habitudes écoute', '2022-02-01'),
(7, 'Suggestion de groupes en fonction des genres musicaux préférés', '2020-07-02'),
(8, 'Suggestion de contenu basée sur les publications précédentes', '2020-05-21'),
(9, 'Suggestion Ami', '2022-07-15'),
(10, 'Suggestion événement/concert basée sur les préférences musicales', '2022-02-11'),
(11, 'Suggestion musicale', '2022-05-16'),
(12, 'Suggestion de Playlist', '2020-08-29'),
(13, 'Suggestion de Groupe', '2021-04-24'),
(14, 'Suggestion de playlists basée sur les habitudes écoute', '2020-02-13'),
(15, 'Suggestion de Contenu', '2021-11-02'),
(16, 'Suggestion de playlists basée sur les habitudes écoute', '2023-02-26'),
(17, 'Suggestion musicale', '2020-05-10'),
(18, 'Suggestion de groupes basée sur des membres amis', '2022-08-28'),
(19, 'Suggestion de groupes en fonction des genres musicaux préférés', '2022-06-26'),
(20, 'Suggestion de contenu basée sur les publications précédentes', '2020-07-07'),
(21, 'Suggestion amis en fonction des intérêts communs', '2023-05-01'),
(22, 'Suggestion de contenu basée sur les publications précédentes', '2023-11-24'),
(23, 'Suggestion amis basée sur des amis communs', '2023-12-11'),
(24, 'Suggestion de groupes en fonction des genres musicaux préférés', '2021-09-15'),
(25, 'Suggestion musicale', '2021-01-17'),
(26, 'Suggestion amis en fonction des intérêts communs', '2022-04-23'),
(27, 'Suggestion Ami', '2023-03-04'),
(28, 'Suggestion de groupes participant à des événements', '2020-08-07'),
(29, 'Suggestion de groupes en fonction des genres musicaux préférés', '2021-09-16'),
(30, 'Suggestion de groupes participant à des événements', '2020-08-21'),
(31, 'Suggestion de playlists basée sur les habitudes écoute', '2023-04-19'),
(32, 'Suggestion musicale', '2020-10-27'),
(33, 'Suggestion Ami', '2021-11-28'),
(34, 'Suggestion événement/concert basée sur les préférences musicales', '2023-02-27'),
(35, 'Suggestion Ami', '2022-01-07'),
(36, 'Suggestion de Groupe', '2022-10-11'),
(37, 'Suggestion de Contenu', '2022-11-22'),
(38, 'Suggestion de playlists basée sur les habitudes écoute', '2023-09-29'),
(39, 'Suggestion de Groupe', '2022-04-18'),
(40, 'Suggestion de Groupe', '2023-12-31'),
(41, 'Suggestion de Playlist', '2022-11-18'),
(42, 'Suggestion de Groupe', '2022-11-22'),
(43, 'Suggestion musicale', '2022-02-27'),
(44, 'Suggestion de contenu basée sur les publications précédentes', '2023-10-03'),
(45, 'Suggestion événement/concert basée sur les préférences musicales', '2021-08-10'),
(46, 'Suggestion musicale', '2020-10-12'),
(47, 'Suggestion de groupes basée sur des membres amis', '2020-09-20'),
(48, 'Suggestion amis en fonction des intérêts communs', '2023-08-06'),
(49, 'Suggestion de Groupe', '2023-08-19'),
(50, 'Suggestion événement/concert basée sur les préférences musicales', '2022-06-13'),
(51, 'Suggestion de groupes en fonction des genres musicaux préférés', '2020-03-08'),
(52, 'Suggestion Ami', '2021-12-13'),
(53, 'Suggestion amis en fonction des intérêts communs', '2022-03-09'),
(54, 'Suggestion de groupes participant à des événements', '2023-04-13'),
(55, 'Suggestion de groupes basée sur des membres amis', '2021-03-10'),
(56, 'Suggestion événement/concert basée sur les préférences musicales', '2021-02-03'),
(57, 'Suggestion de groupes basée sur des membres amis', '2021-09-07'),
(58, 'Suggestion événement/concert basée sur les préférences musicales', '2021-11-06'),
(59, 'Suggestion de Groupe', '2020-06-10'),
(60, 'Suggestion de contenu basée sur les publications précédentes', '2020-01-28'),
(61, 'Suggestion musicale', '2023-09-22'),
(62, 'Suggestion de Contenu', '2021-06-16'),
(63, 'Suggestion amis en fonction des intérêts communs', '2021-02-02'),
(64, 'Suggestion Ami', '2020-04-23'),
(65, 'Suggestion de groupes participant à des événements', '2023-06-21'),
(66, 'Suggestion musicale', '2023-06-25'),
(67, 'Suggestion amis en fonction des intérêts communs', '2022-02-10'),
(68, 'Suggestion de Groupe', '2020-09-04'),
(69, 'Suggestion amis basée sur des amis communs', '2021-07-17'),
(70, 'Suggestion de Groupe', '2021-03-21'),
(71, 'Suggestion amis basée sur des amis communs', '2020-02-13'),
(72, 'Suggestion amis en fonction des intérêts communs', '2021-04-15'),
(73, 'Suggestion de groupes basée sur des membres amis', '2021-07-16'),
(74, 'Suggestion amis en fonction des intérêts communs', '2023-01-28'),
(75, 'Suggestion de contenu basée sur les publications précédentes', '2020-02-02'),
(76, 'Suggestion de groupes participant à des événements', '2021-04-26'),
(77, 'Suggestion Ami', '2023-09-21'),
(78, 'Suggestion Ami', '2020-11-15'),
(79, 'Suggestion amis basée sur des amis communs', '2020-01-29'),
(80, 'Suggestion musicale', '2020-12-01'),
(81, 'Suggestion événement/concert basée sur les préférences musicales', '2022-06-23'),
(82, 'Suggestion de Contenu', '2021-09-19'),
(83, 'Suggestion de groupes basée sur des membres amis', '2021-11-21'),
(84, 'Suggestion de playlists basée sur les habitudes écoute', '2020-06-28'),
(85, 'Suggestion de groupes en fonction des genres musicaux préférés', '2023-11-11'),
(86, 'Suggestion musicale', '2020-01-24'),
(87, 'Suggestion de groupes basée sur des membres amis', '2023-05-01'),
(88, 'Suggestion de contenu basée sur les publications précédentes', '2021-03-25'),
(89, 'Suggestion de playlists basée sur les habitudes écoute', '2023-04-14'),
(90, 'Suggestion amis en fonction des intérêts communs', '2021-02-19'),
(91, 'Suggestion de groupes basée sur des membres amis', '2020-10-16'),
(92, 'Suggestion de playlists basée sur les habitudes écoute', '2021-07-15'),
(93, 'Suggestion de contenu basée sur les publications précédentes', '2020-01-13'),
(94, 'Suggestion de groupes basée sur des membres amis', '2022-12-06'),
(95, 'Suggestion événement/concert basée sur les préférences musicales', '2022-11-18'),
(96, 'Suggestion amis en fonction des intérêts communs', '2021-07-03'),
(97, 'Suggestion de Groupe', '2020-08-20'),
(98, 'Suggestion de Playlist', '2020-08-29'),
(99, 'Suggestion de Groupe', '2021-05-04'),
(100, 'Suggestion de groupes basée sur des membres amis', '2023-09-11'),
(101, 'Suggestion musicale', '2022-11-28'),
(102, 'Suggestion Ami', '2022-04-28'),
(103, 'Suggestion de contenu basée sur les publications précédentes', '2020-01-17'),
(104, 'Suggestion Ami', '2023-08-11'),
(105, 'Suggestion événement/concert basée sur les préférences musicales', '2021-03-17'),
(106, 'Suggestion de groupes en fonction des genres musicaux préférés', '2020-02-04'),
(107, 'Suggestion de contenu basée sur les publications précédentes', '2023-09-01'),
(108, 'Suggestion Ami', '2023-02-05'),
(109, 'Suggestion Ami', '2021-03-24'),
(110, 'Suggestion de Groupe', '2023-12-07'),
(111, 'Suggestion de Groupe', '2022-03-24'),
(112, 'Suggestion de Contenu', '2022-01-16'),
(113, 'Suggestion de groupes en fonction des genres musicaux préférés', '2021-06-15'),
(114, 'Suggestion Ami', '2023-04-30'),
(115, 'Suggestion de groupes participant à des événements', '2022-12-24'),
(116, 'Suggestion Ami', '2021-10-09'),
(117, 'Suggestion événement/concert basée sur les préférences musicales', '2022-10-09'),
(118, 'Suggestion Ami', '2020-08-18'),
(119, 'Suggestion de groupes participant à des événements', '2022-07-07'),
(120, 'Suggestion musicale', '2022-12-22'),
(121, 'Suggestion de groupes participant à des événements', '2023-01-21'),
(122, 'Suggestion de contenu basée sur les publications précédentes', '2020-03-11'),
(123, 'Suggestion de groupes en fonction des genres musicaux préférés', '2022-02-20'),
(124, 'Suggestion Ami', '2022-03-14'),
(125, 'Suggestion amis basée sur des amis communs', '2022-12-26'),
(126, 'Suggestion de contenu basée sur les publications précédentes', '2023-03-27'),
(127, 'Suggestion de groupes en fonction des genres musicaux préférés', '2020-09-05'),
(128, 'Suggestion de Playlist', '2020-11-28'),
(129, 'Suggestion de groupes en fonction des genres musicaux préférés', '2022-03-26'),
(130, 'Suggestion de playlists basée sur les habitudes écoute', '2022-03-20'),
(131, 'Suggestion de Groupe', '2023-10-30'),
(132, 'Suggestion de groupes basée sur des membres amis', '2021-04-21'),
(133, 'Suggestion amis en fonction des intérêts communs', '2020-11-03'),
(134, 'Suggestion de contenu basée sur les publications précédentes', '2022-07-06'),
(135, 'Suggestion de groupes basée sur des membres amis', '2020-08-16'),
(136, 'Suggestion de Contenu', '2020-09-13'),
(137, 'Suggestion de playlists basée sur les habitudes écoute', '2020-02-25'),
(138, 'Suggestion de Contenu', '2021-11-28'),
(139, 'Suggestion de playlists basée sur les habitudes écoute', '2022-12-19'),
(140, 'Suggestion de groupes basée sur des membres amis', '2022-06-30'),
(141, 'Suggestion de Groupe', '2020-12-01'),
(142, 'Suggestion Ami', '2023-09-08'),
(143, 'Suggestion Ami', '2021-09-09'),
(144, 'Suggestion musicale', '2020-09-19'),
(145, 'Suggestion de Contenu', '2020-11-08'),
(146, 'Suggestion de Playlist', '2021-02-09'),
(147, 'Suggestion de groupes basée sur des membres amis', '2020-05-16'),
(148, 'Suggestion de Contenu', '2021-07-27'),
(149, 'Suggestion de groupes basée sur des membres amis', '2022-06-26'),
(150, 'Suggestion événement/concert basée sur les préférences musicales', '2020-04-13')

-- Association
INSERT INTO Association (Association_ID, Nom, Site_web) VALUES
(100, 'Carter-Williams', 'https://www.wells.com/'),
(101, 'Wilkinson, Hall and Green', 'http://www.olson-patterson.com/'),
(102, 'Moore-Barron', 'https://www.smith-cunningham.info/'),
(103, 'Sanchez and Sons', 'https://solis.com/'),
(104, 'Odonnell, Hall and Baker', 'http://www.hernandez.net/'),
(105, 'Smith, Alvarez and Tanner', 'http://sullivan.com/'),
(106, 'Nelson, Carter and Robles', 'http://www.mendoza-salinas.com/'),
(107, 'Cummings, Bass and Medina', 'https://www.johnson.com/'),
(108, 'Kennedy LLC', 'http://www.bradshaw.info/'),
(109, 'Norris and Sons', 'https://www.rodgers.com/'),
(110, 'Hardin Group', 'https://medina.net/')

-- Artistes
INSERT INTO Artistes (Artistes_ID, Nom, Genre, Nb_Membres) VALUES
(1, 'Giles-Johnson', 'Electronic', 5),
(2, 'Murray Inc', 'Metal', 3),
(3, 'Miller-Thomas', 'Country', 5),
(4, 'Garcia-Ortiz', 'Metal', 6),
(5, 'Gould, Smith and Torres', 'Blues', 3),
(6, 'Hogan LLC', 'Classical', 10),
(7, 'Pace-Jimenez', 'Classical', 4),
(8, 'Scott, Johnson and Richards', 'Country', 6),
(9, 'Mccarthy, Grant and Elliott', 'Hip-hop', 5),
(10, 'Suarez Ltd', 'Rap', 4),
(11, 'Bell-Galloway', 'Hip-hop', 8),
(12, 'Kelly, Baker and Jones', 'Rock', 4),
(13, 'Daugherty LLC', 'Jazz', 5),
(14, 'Barrera-Garcia', 'Classical', 6),
(15, 'Dean-Leonard', 'Rock', 6),
(16, 'Simpson and Sons', 'Jazz', 4),
(17, 'Greene, Erickson and Harris', 'Jazz', 7),
(18, 'Smith-Norton', 'Electronic', 6),
(19, 'Watkins, Castro and Taylor', 'Blues', 4),
(20, 'Hampton, Campbell and Miller', 'Rap', 4),
(21, 'Garcia Inc', 'Rap', 4),
(22, 'Ball-Moran', 'Electronic', 7),
(23, 'Nunez-Garcia', 'KPop', 8),
(24, 'Walker-Moran', 'Metal', 10),
(25, 'Raymond LLC', 'Rock', 10),
(26, 'Stevens, Payne and Holloway', 'KPop', 8),
(27, 'Harris, Armstrong and Scott', 'Rap', 7),
(28, 'Weaver-Benton', 'Country', 9),
(29, 'Johnson PLC', 'Metal', 5),
(30, 'Castro, Morgan and Smith', 'Rock', 5),
(31, 'Pham, Johnson and Soto', 'Blues', 7),
(32, 'Rice Ltd', 'Hip-hop', 3),
(33, 'Walker, Love and Cox', 'Rap', 10),
(34, 'Smith LLC', 'KPop', 5),
(35, 'Hopkins, Hayes and Cox', 'Classical', 10),
(36, 'Pugh, Kim and Morris', 'Rap', 10),
(37, 'Bruce-Morris', 'Hip-hop', 5),
(38, 'Chan-Turner', 'Rock', 10),
(39, 'Rose, Orozco and Hall', 'Metal', 4),
(40, 'Jimenez, Aguirre and Gilbert', 'Country', 10),
(41, 'Santiago LLC', 'Rap', 10),
(42, 'Love-Roberson', 'Classical', 7),
(43, 'Griffin-Phillips', 'Blues', 4),
(44, 'Johnson, Wolfe and Stein', 'Jazz', 8),
(45, 'Roberts-Wong', 'Rock', 8),
(46, 'Buchanan-Hall', 'Blues', 10),
(47, 'Harrington and Sons', 'Hip-hop', 10),
(48, 'Avila-Kelly', 'Hip-hop', 4),
(49, 'Bell, Lewis and Harvey', 'Rap', 9),
(50, 'Black PLC', 'Hip-hop', 10),
(51, 'Cruz Inc', 'Metal', 10),
(52, 'Lopez, Ford and Hampton', 'Rock', 6),
(53, 'Perry, Gonzalez and Lee', 'Rock', 5),
(54, 'Powers-Perry', 'Rock', 8),
(55, 'Simon, Montgomery and Phillips', 'Rock', 3),
(56, 'Chen, Matthews and Pruitt', 'KPop', 9),
(57, 'Johnson-Smith', 'Jazz', 8),
(58, 'Munoz and Sons', 'KPop', 7),
(59, 'Espinoza-Price', 'Jazz', 6),
(60, 'Johnson, Key and Mercado', 'Classical', 7),
(61, 'Roth-Ross', 'Metal', 8),
(62, 'Henderson, Odom and Clark', 'Classical', 3),
(63, 'Weaver, Ross and Rivera', 'KPop', 9),
(64, 'Ortiz and Sons', 'KPop', 9),
(65, 'Crawford, Nelson and Wells', 'Hip-hop', 5),
(66, 'Andrews-Houston', 'Electronic', 10),
(67, 'Ingram and Sons', 'Hip-hop', 7),
(68, 'Owen, Evans and Wise', 'Jazz', 4),
(69, 'Singh Group', 'Metal', 9),
(70, 'Adkins-Acevedo', 'Classical', 9),
(71, 'Watkins Inc', 'Metal', 10),
(72, 'Wagner, Davis and Thomas', 'Classical', 7),
(73, 'Weber, Kelly and Berry', 'Blues', 8),
(74, 'Travis-Mayo', 'Rap', 9),
(75, 'Martin-Pham', 'Classical', 3),
(76, 'Reynolds Inc', 'KPop', 6),
(77, 'Johns, Baker and Kim', 'KPop', 7),
(78, 'Butler and Sons', 'Hip-hop', 5),
(79, 'Archer, Manning and Simmons', 'Jazz', 9),
(80, 'Alvarez and Sons', 'Metal', 10),
(81, 'Cardenas PLC', 'Classical', 9),
(82, 'Smith, Price and Hill', 'Country', 6),
(83, 'Todd, Lee and Hernandez', 'Blues', 4),
(84, 'Williams, Jackson and Wheeler', 'Rap', 3),
(85, 'Price PLC', 'Hip-hop', 4),
(86, 'Harvey, Hernandez and Richardson', 'Rap', 6),
(87, 'Guerrero-Alexander', 'KPop', 7),
(88, 'Adams-Ryan', 'Classical', 6),
(89, 'Booth Inc', 'Rock', 6),
(90, 'Watson-Schneider', 'Rock', 8),
(91, 'Galloway Group', 'Rock', 4),
(92, 'Gibbs, James and White', 'Metal', 7),
(93, 'Santos-Frank', 'Electronic', 9),
(94, 'Edwards-Ayers', 'Hip-hop', 7),
(95, 'Martin, Ali and Harris', 'Electronic', 5),
(96, 'Mueller PLC', 'Electronic', 8),
(97, 'Jimenez Group', 'Rap', 5),
(98, 'Casey, Reynolds and Jones', 'KPop', 3),
(99, 'Cole-Stewart', 'Blues', 9),
(100, 'Murphy and Sons', 'Rock', 10)

-- Personnes 
INSERT INTO Personne (Personne_ID, Age, Genre, Nationnalite) VALUES
(1, 59, 'F', 'Saint Helena'),
(2, 39, 'F', 'India'),
(3, 20, 'M', 'Guernsey'),
(4, 72, 'M', 'India'),
(5, 19, 'M', 'Niger'),
(6, 19, 'M', 'Montenegro'),
(7, 70, 'M', 'Russian Federation'),
(8, 67, 'F', 'Cambodia'),
(9, 59, 'M', 'Lebanon'),
(10, 21, 'M', 'New Caledonia'),
(11, 54, 'F', 'Argentina'),
(12, 63, 'M', 'Palestinian Territory'),
(13, 43, 'F', 'Mauritius'),
(14, 74, 'F', 'Kazakhstan'),
(15, 30, 'M', 'Guam'),
(16, 37, 'M', 'Madagascar'),
(17, 64, 'M', 'Guam'),
(18, 51, 'F', 'Sri Lanka'),
(19, 29, 'M', 'Ethiopia'),
(20, 50, 'M', 'Netherlands'),
(21, 57, 'F', 'Cayman Islands'),
(22, 47, 'M', 'Niger'),
(23, 74, 'F', 'Iceland'),
(24, 45, 'M', 'Kyrgyz Republic'),
(25, 25, 'M', 'Indonesia'),
(26, 41, 'M', 'Bangladesh'),
(27, 76, 'M', 'Pitcairn Islands'),
(28, 36, 'M', 'El Salvador'),
(29, 65, 'M', 'Bulgaria'),
(30, 76, 'F', 'Seychelles'),
(31, 60, 'M', 'Reunion'),
(32, 53, 'F', 'Myanmar'),
(33, 61, 'F', 'Eritrea'),
(34, 74, 'M', 'Ethiopia'),
(35, 25, 'F', 'Switzerland'),
(36, 47, 'M', 'Niue'),
(37, 30, 'M', 'Sudan'),
(38, 72, 'M', 'Cocos (Keeling) Islands'),
(39, 40, 'F', 'Swaziland'),
(40, 59, 'M', 'Iceland'),
(41, 43, 'M', 'Slovenia'),
(42, 54, 'M', 'Panama'),
(43, 20, 'M', 'Slovakia (Slovak Republic)'),
(44, 29, 'M', 'China'),
(45, 27, 'F', 'United Kingdom'),
(46, 40, 'F', 'Cameroon'),
(47, 47, 'M', 'Botswana'),
(48, 67, 'M', 'Romania'),
(49, 30, 'F', 'Greenland'),
(50, 39, 'F', 'Andorra'),
(51, 42, 'M', 'Andorra'),
(52, 46, 'F', 'Lesotho'),
(53, 48, 'F', 'Nepal'),
(54, 24, 'F', 'Western Sahara'),
(55, 37, 'F', 'Hungary'),
(56, 30, 'M', 'Czech Republic'),
(57, 77, 'F', 'Equatorial Guinea'),
(58, 24, 'M', 'Afghanistan'),
(59, 30, 'M', 'Kyrgyz Republic'),
(60, 37, 'F', 'Turkey')

-- Playlist 
INSERT INTO Playlist (Playlist_Id, Nom, IsGroupe, Artistes_Id, Nb_morceau) VALUES
(1, 'half', False, 55, 20),
(2, 'upon', True, 40, 7),
(3, 'film', True, 31, 10),
(4, 'old', False, 19, 17),
(5, 'entire', False, 38, 4),
(6, 'religious', False, 81, 17),
(7, 'phone', False, 10, 9),
(8, 'possible', False, 148, 13),
(9, 'fire', False, 13, 14),
(10, 'across', False, 63, 5),
(11, 'he', True, 42, 13),
(12, 'everybody', True, 109, 3),
(13, 'couple', True, 146, 13),
(14, 'whole', True, 3, 6),
(15, 'on', True, 63, 14),
(16, 'town', True, 23, 8),
(17, 'remain', False, 106, 18),
(18, 'family', False, 143, 18),
(19, 'town', True, 133, 14),
(20, 'project', False, 12, 18),
(21, 'address', False, 59, 10),
(22, 'name', False, 11, 12),
(23, 'difference', False, 138, 20),
(24, 'in', True, 61, 16),
(25, 'station', True, 94, 14),
(26, 'everybody', True, 142, 3),
(27, 'step', False, 137, 20),
(28, 'buy', False, 103, 8),
(29, 'past', True, 63, 0),
(30, 'operation', False, 84, 3)

-- Morceau 
INSERT INTO Morceau (Morceau_Id, Titre, Nom_album, Genre) VALUES
(1, 'carry', 'do', 'Jazz'),
(2, 'modern', 'professional', 'Rap'),
(3, 'beautiful', 'behavior', 'Blues'),
(4, 'I', 'occur', 'Country'),
(5, 'per', 'rule', 'Electronic'),
(6, 'trouble', 'bank', 'Jazz'),
(7, 'move', 'arm', 'Pop'),
(8, 'read', 'plant', 'Pop'),
(9, 'level', 'kind', 'Jazz'),
(10, 'identify', 'course', 'Hip-hop'),
(11, 'kitchen', 'case', 'Blues'),
(12, 'there', 'various', 'Electronic'),
(13, 'analysis', 'door', 'Jazz'),
(14, 'argue', 'gun', 'Blues'),
(15, 'bag', 'low', 'Reggae'),
(16, 'source', 'bring', 'Hip-hop'),
(17, 'food', 'stage', 'Rock'),
(18, 'me', 'past', 'Country'),
(19, 'type', 'question', 'Hip-hop'),
(20, 'look', 'contain', 'Electronic'),
(21, 'huge', 'walk', 'Reggae'),
(22, 'drug', 'population', 'Blues'),
(23, 'into', 'both', 'Reggae'),
(24, 'bar', 'arm', 'Rap'),
(25, 'research', 'event', 'Jazz'),
(26, 'five', 'not', 'Jazz'),
(27, 'show', 'look', 'Country'),
(28, 'clearly', 'ever', 'Jazz'),
(29, 'easy', 'room', 'Hip-hop'),
(30, 'training', 'piece', 'Electronic'),
(31, 'cause', 'leg', 'Classical'),
(32, 'pressure', 'public', 'Electronic'),
(33, 'end', 'size', 'Country'),
(34, 'rest', 'fast', 'Hip-hop'),
(35, 'experience', 'create', 'Electronic'),
(36, 'case', 'game', 'Reggae'),
(37, 'PM', 'ago', 'Hip-hop'),
(38, 'dinner', 'during', 'Classical'),
(39, 'name', 'civil', 'Hip-hop'),
(40, 'increase', 'drug', 'Rap'),
(41, 'fact', 'energy', 'Rock'),
(42, 'design', 'capital', 'Pop'),
(43, 'trial', 'he', 'Pop'),
(44, 'yet', 'garden', 'Classical'),
(45, 'cell', 'draw', 'Hip-hop'),
(46, 'simple', 'anything', 'Reggae'),
(47, 'product', 'head', 'Electronic'),
(48, 'president', 'high', 'Rap'),
(49, 'pressure', 'family', 'Rap'),
(50, 'hotel', 'free', 'Blues'),
(51, 'conference', 'trouble', 'Reggae'),
(52, 'role', 'be', 'Country'),
(53, 'born', 'view', 'Reggae'),
(54, 'environmental', 'summer', 'Classical'),
(55, 'almost', 'suddenly', 'Rock'),
(56, 'marriage', 'include', 'Hip-hop'),
(57, 'hour', 'family', 'Hip-hop'),
(58, 'game', 'set', 'Pop'),
(59, 'wish', 'action', 'Rock'),
(60, 'collection', 'peace', 'Pop'),
(61, 'hospital', 'give', 'Electronic'),
(62, 'crime', 'several', 'Classical'),
(63, 'look', 'western', 'Hip-hop'),
(64, 'true', 'group', 'Pop'),
(65, 'attorney', 'soldier', 'Country'),
(66, 'fire', 'my', 'Blues'),
(67, 'window', 'assume', 'Pop'),
(68, 'look', 'middle', 'Blues'),
(69, 'method', 'join', 'Rap'),
(70, 'west', 'work', 'Country'),
(71, 'expect', 'detail', 'Electronic'),
(72, 'show', 'body', 'Reggae'),
(73, 'however', 'PM', 'Electronic'),
(74, 'camera', 'born', 'Hip-hop'),
(75, 'set', 'foreign', 'Country'),
(76, 'main', 'pressure', 'Rock'),
(77, 'describe', 'list', 'Pop'),
(78, 'man', 'tell', 'Classical'),
(79, 'baby', 'practice', 'Country'),
(80, 'approach', 'happy', 'Reggae'),
(81, 'rise', 'natural', 'Country'),
(82, 'ball', 'war', 'Rock'),
(83, 'reveal', 'growth', 'Pop'),
(84, 'home', 'represent', 'Rap'),
(85, 'sea', 'guy', 'Electronic'),
(86, 'north', 'modern', 'Electronic'),
(87, 'accept', 'small', 'Rock'),
(88, 'magazine', 'even', 'Pop'),
(89, 'along', 'move', 'Rock'),
(90, 'give', 'wear', 'Blues'),
(91, 'training', 'law', 'Rock'),
(92, 'lawyer', 'think', 'Rap'),
(93, 'expect', 'long', 'Reggae'),
(94, 'local', 'adult', 'Pop'),
(95, 'paper', 'what', 'Rap'),
(96, 'red', 'PM', 'Pop'),
(97, 'Democrat', 'allow', 'Rap'),
(98, 'next', 'parent', 'Reggae'),
(99, 'white', 'hair', 'Rock'),
(100, 'quite', 'method', 'Pop')

-- Playlist_morceau
INSERT INTO PlaylistMorceau (Playlist_Id, Morceau_Id) VALUES
(18, 82),
(11, 58),
(13, 77),
(27, 83),
(21, 20),
(7, 76),
(6, 66),
(7, 42),
(1, 18),
(17, 7),
(24, 34),
(28, 24),
(26, 75),
(6, 48),
(18, 85),
(8, 72),
(14, 97),
(22, 71),
(16, 95),
(8, 92),
(2, 9),
(30, 92),
(23, 36),
(3, 76),
(24, 19),
(26, 13),
(29, 22),
(9, 41),
(12, 3),
(11, 23),
(11, 89),
(17, 25),
(10, 17),
(1, 100),
(10, 16),
(24, 81),
(12, 51),
(18, 57),
(17, 49),
(6, 95),
(4, 9),
(10, 55),
(1, 30),
(13, 25),
(3, 47),
(15, 84),
(15, 31),
(2, 55),
(29, 71),
(4, 19),
(8, 94),
(1, 88),
(18, 33),
(29, 37),
(3, 29),
(13, 58),
(4, 38),
(4, 2),
(1, 41),
(6, 47),
(11, 99),
(2, 99),
(29, 98),
(12, 20),
(22, 38),
(8, 69),
(22, 92),
(2, 76),
(28, 87),
(29, 59),
(5, 44),
(16, 14),
(13, 4),
(6, 69),
(21, 53),
(11, 15),
(10, 90),
(28, 46),
(15, 5),
(20, 43),
(27, 76),
(8, 66),
(17, 38),
(19, 26),
(30, 57),
(25, 7),
(16, 77),
(28, 5),
(8, 53),
(29, 55),
(13, 50),
(18, 50),
(12, 46),
(26, 27),
(13, 99),
(19, 18),
(14, 74),
(8, 33),
(25, 99),
(28, 25),
(27, 33),
(8, 35),
(30, 77),
(27, 93),
(30, 21),
(10, 71),
(8, 65),
(26, 1),
(17, 15),
(29, 84),
(24, 39),
(25, 20),
(26, 46),
(7, 26),
(5, 97),
(29, 23),
(7, 92),
(11, 85),
(19, 100),
(19, 48),
(20, 80),
(20, 23),
(20, 10),
(18, 18),
(29, 38),
(29, 61),
(24, 61),
(23, 68),
(15, 48),
(3, 91),
(30, 46),
(6, 49),
(23, 31),
(7, 75),
(22, 97),
(25, 32),
(23, 69),
(27, 81),
(21, 84),
(17, 40),
(14, 20),
(12, 9),
(2, 59),
(1, 83),
(21, 39),
(22, 40),
(15, 83),
(13, 37),
(9, 99),
(28, 59)

-- Avis 
INSERT INTO Avis (Avis_ID, Note, Commentaire, Pseudo, Date, Tags) VALUES
(1, 10, 'Figure act painting all trouble. Lose list remember. Record mean show north life pay gun.
Move mean rest current rather first. Choose speak during walk name.', 'emily14', '2023-03-31', 'certain'),
(2, 1, 'Nor white really. Current leg himself onto.
Return environmental high. Might high tell check black allow.
Visit physical paper open. Early simple shake concern low including result.', 'charlene36', '2021-03-15', 'early'),
(3, 3, 'Off management book right executive him. Single realize mean pay deal officer.', 'moorejorge', '2023-03-29', 'impact'),
(4, 10, 'Skin six between. Parent enough always.
Certainly offer church. Throughout run future through role other outside. Law deep recent station may tonight foot art.', 'renee40', '2020-06-12', 'decide'),
(5, 5, 'Would avoid how third maintain. Situation prepare employee claim gun different everything.', 'melissamartin', '2021-04-28', 'improve'),
(6, 9, 'Together change nothing idea. Black like green thing.
More ball war ahead. Ground easy whom smile. Someone compare wear clearly for.', 'qsawyer', '2020-01-18', 'hear'),
(7, 5, 'Exactly really time trade quite. Approach his western thank character network show.
Safe something protect subject. Radio newspaper part cause.', 'wilsonshannon', '2021-07-01', 'notice'),
(8, 10, 'More music see someone. Painting Democrat under during cut bill six. Around article stuff entire.', 'christopherjackson', '2020-04-18', 'medical'),
(9, 8, 'Beautiful financial tell gas you real put dinner. Actually life little eye admit trip herself.', 'fochoa', '2021-08-06', 'my'),
(10, 10, 'Item region executive option record oil style prevent. World himself the field subject lead different.
Society financial for.', 'samuel84', '2021-03-19', 'suddenly'),
(11, 10, 'Lose cover central successful prepare step. Indeed about industry. Better leg cell.
Game radio prove. Shoulder event necessary according. Mr nation yes area note.', 'jeffreywilliams', '2020-01-26', 'create'),
(12, 2, 'Third best bag past detail then their. Mission deep middle among win involve term unit. Weight rate should middle.
Friend grow cover any season organization create. Technology lot leg structure.', 'tpowell', '2023-05-28', 'prepare'),
(13, 7, 'Middle hot science key top include president. Center partner situation point. Car bar team newspaper. Clear significant evidence old.
Major subject think task. Or final test night food thought.', 'westamanda', '2020-01-08', 'experience'),
(14, 5, 'After few relationship professional low scene. Six stay use until seek family key. Develop beautiful wide economy head boy.', 'rodneyblair', '2021-07-30', 'much'),
(15, 8, 'Expect fly tree. Same sit of character only hold.
Standard compare director treat evidence plant run. Follow course message station. Mind military research participant whole thought.', 'jjames', '2022-02-22', 'do'),
(16, 4, 'Together population fish message either. Election full place believe. Then money theory level level poor just. Cause win dog where offer fine.', 'kaylarussell', '2021-01-21', 'recently'),
(17, 4, 'However game five now game. Believe exist recent life color charge simply up. Election attorney daughter say clear perhaps.', 'acostaelizabeth', '2020-02-07', 'particularly'),
(18, 6, 'Key able recently recognize training whom. Meeting ago how war. About model easy mind simple.
Southern specific money effort. Research difference western seven clear. Box fly drop near thousand.', 'shelleypeterson', '2023-11-30', 'the'),
(19, 3, 'Would different through much personal if. Avoid others picture reduce.
Now music however apply. Crime no gun trouble. Each shake involve.', 'calvinwilliams', '2023-04-28', 'color'),
(20, 3, 'Ever rather success first series job show sell. Certain visit such throughout big eight interest six. Pass decide tonight apply work represent peace not.', 'stricklandaaron', '2020-02-25', 'have'),
(21, 1, 'Ask player large usually near many its professor. Skill lay author man around economy according. Pick majority pick case.
But window what concern. When type relationship.', 'jonesjohn', '2023-01-17', 'control'),
(22, 4, 'Yourself morning seven far foot growth great. Start manager several major time.
Store nature somebody partner model arm door two. Minute American discover one owner.', 'ashley31', '2023-12-19', 'increase'),
(23, 7, 'Least year able generation then glass. Voice never service drug grow light. Modern quality floor side wish share.', 'mcneilricardo', '2020-05-15', 'future'),
(24, 0, 'Address not other another serious purpose. Door write she close foot space.
Early maintain subject line mean company part almost. Interesting service kind wall. Never lot maybe including.', 'pamelawood', '2021-08-17', 'sit'),
(25, 4, 'Spring energy house whom. Month weight back remain case. Last then could another skill. Hit campaign help movement world.
Type store instead sport security good. Serious above point someone room.', 'kjordan', '2020-06-05', 'name'),
(26, 8, 'Ahead former consumer trade sit choose. Stay man forget. Treatment PM hair occur learn.
Affect remember class live. Difficult father religious recently with world hot. Rise there we never late radio.', 'ysanders', '2023-05-17', 'receive'),
(27, 0, 'Six deal lose. Section enjoy eye training suddenly produce sense. Likely news former me represent language. Require research first positive.
Break but third theory office study think.', 'tmarks', '2023-12-18', 'challenge'),
(28, 0, 'Phone each middle tend. Easy save goal cold.
Green senior time away. Out like represent yes when.', 'ojohnson', '2020-08-18', 'us'),
(29, 7, 'Rise citizen air head test various decision. Maybe defense body role nothing writer not. Authority executive shoulder catch inside.', 'mistybautista', '2020-08-09', 'senior'),
(30, 2, 'Social part court. Traditional seek treatment important us. Nothing approach agree model rate note.
Capital word film. Property sign civil car set.', 'jamesbrown', '2022-07-29', 'professional'),
(31, 10, 'Really name this half. Good our less seven conference strategy among.
Table officer which her at push up. Form must recent discussion bit whose. Man keep community remain attack.', 'stephen15', '2021-12-13', 'bar'),
(32, 6, 'Talk speech fire house call matter. Wrong southern whether new. It significant step receive.
Over form media pretty take adult. Gas computer whom ability ask. Far exactly society chance idea.', 'mitchellgary', '2022-01-27', 'economy'),
(33, 1, 'Describe animal seem method easy certain land. Draw order threat brother special.', 'juliebrooks', '2020-05-16', 'them'),
(34, 2, 'Peace machine most building best traditional almost team. Friend professor director my need true. Sea fight although care.', 'travis88', '2020-04-28', 'report'),
(35, 2, 'Simple indicate it action. May push service media.
Better TV since out improve goal thank. These ten politics stock condition.', 'christinahudson', '2022-11-04', 'evidence'),
(36, 7, 'On back court card hotel. Present seat yard go piece.
Kind pay shake home forward. Forward other card business when wish. Together recently affect good.
Because say company. Risk offer choice.', 'hodgeamber', '2020-01-15', 'yard'),
(37, 5, 'Nation let do throughout for career do. Newspaper international able husband feel. Nor room machine total nothing consider a.', 'carriehorn', '2023-05-27', 'forget'),
(38, 3, 'Field member especially arm whatever example. Visit sense per. Marriage bed before toward fear.
Green mention figure. Will left face establish. Glass exactly right.', 'nathanielsalazar', '2020-04-08', 'buy'),
(39, 7, 'Of visit style positive trial. Recognize above fill audience provide opportunity group. Family southern apply important even interest.', 'leesean', '2023-01-18', 'free'),
(40, 8, 'About by country use study too.
Congress quickly sort unit own bank traditional morning. Finally according base enjoy. Bring similar team rise.', 'hendersondustin', '2020-12-12', 'blue'),
(41, 5, 'Audience trade old several any. Court new somebody quality. Seek today beyond management.
Age may land partner each ability. Fly really police hold break Democrat team.', 'bcarter', '2020-08-15', 'take'),
(42, 7, 'Decision light ok treat. Move food adult phone.
Term the per describe bring peace always sign. Best me force speak back. Apply grow appear difficult positive.', 'james99', '2020-02-22', 'success'),
(43, 6, 'East though break role people. Son pay game away always garden it.
Television speech story artist model effort. Wear worry left notice. Position enjoy chair big opportunity station will mission.', 'shanemcgee', '2020-07-02', 'also'),
(44, 1, 'Operation time exactly rather lawyer organization book. News skill mean tree. Standard scene easy back realize source day.', 'fstrong', '2021-02-17', 'whose'),
(45, 1, 'Should doctor themselves fill now above couple. Pressure election necessary. Material perhaps American police.
Media agree whatever. Treatment sometimes according price.', 'jeremycox', '2020-04-03', 'when'),
(46, 0, 'Human Republican possible marriage finally piece join. Charge live prevent station involve become public quickly.
Kid heavy increase need city. Theory picture remain great final father.', 'cunninghampaula', '2021-02-14', 'against'),
(47, 5, 'Evidence inside star activity accept. With medical medical pretty blue change series.
Want gas foreign history. Seem individual office wife lay decision why. Suddenly series box nature.', 'lward', '2021-07-28', 'name'),
(48, 1, 'Tv write about eat lead. Will party explain whatever conference once me.
Local third appear act. Brother vote occur down to civil. Continue store much ground.', 'lyonsangela', '2022-09-25', 'song'),
(49, 9, 'Authority property position I himself. Standard close simply economy office catch.
Son act blue man particularly between.
Election decide eat audience religious now these. Continue try finally idea.', 'hugheschelsea', '2021-04-26', 'maintain'),
(50, 0, 'Set notice check admit half. Officer hundred plant work away without what mission. Spring company sing why.
Likely manage itself mission that member. Put whole hot soldier.', 'morganaustin', '2023-05-13', 'message'),
(51, 3, 'Discuss safe suffer travel country major agree nice. Smile science act best management sign affect popular.', 'bullockryan', '2022-11-20', 'society'),
(52, 3, 'Participant least night activity culture federal. Question hit assume but quite some. Study enter around near early.', 'brownryan', '2023-11-25', 'policy'),
(53, 2, 'Section article whatever certain room decade. Behavior from degree weight economy. Bag blood stay thus everything vote where. Thousand pass indicate approach follow.', 'tcastillo', '2021-05-20', 'space'),
(54, 1, 'Talk herself purpose nearly just growth. Win civil piece live win more ok fill.
Successful theory table focus. Street meeting together life course maintain.', 'jeffrey37', '2023-01-18', 'when'),
(55, 0, 'Space entire sometimes old go. Quality standard board go less end indeed resource.
He win mean. Today TV thought administration. Rich live beat. Hold detail agreement crime.', 'hooperalison', '2022-11-16', 'and'),
(56, 0, 'In kind picture small nature ball base. Color save group who experience sure although. Foot station policy age company.
Behind safe care visit cup. Become trouble add office room.', 'linda64', '2023-03-11', 'impact'),
(57, 2, 'The again building include ago me. Local himself seek drop gun especially.', 'fletcherjoshua', '2020-09-29', 'start'),
(58, 1, 'Meet behind reach door her growth. Wind day remember try good leader.
Challenge art be avoid agency man challenge. Will history fear use right.', 'richardpamela', '2023-02-11', 'discussion'),
(59, 0, 'Officer field find. Away person situation. Camera specific growth responsibility while social. Together may four once be.', 'jameschapman', '2022-04-03', 'road'),
(60, 0, 'Buy dark cultural run list arrive population. Throughout deep rate issue produce.', 'victorbarrett', '2023-07-11', 'to'),
(61, 4, 'Need important seem company. Out only official serve this number Mrs. News service trial have process trip article give.
Explain news fact. Very rule wonder light by.', 'osmith', '2020-05-25', 'over'),
(62, 1, 'Fund happy opportunity item. Sound foreign federal scientist. Personal say cause reality attention for.', 'joshua20', '2020-03-21', 'we'),
(63, 0, 'Every most wife. Difference list move require.
Trip attention agreement act. Impact new continue argue article improve suffer. Away work community quite strong.', 'jeremy26', '2021-03-24', 'manage'),
(64, 4, 'Store simply last improve member subject your. Day five indicate example fire series.
Clear wrong heart beautiful sea very lawyer. Research establish thing include.', 'fsmith', '2020-04-01', 'people'),
(65, 2, 'Generation help amount safe available. Laugh consider parent structure.
Total positive tough quickly action yeah somebody. Product voice gun report.', 'joshua34', '2022-11-02', 'action'),
(66, 7, 'Parent trip local eat get agree. Might often trouble friend member between indeed.
Enjoy continue weight speak hear woman treatment. Firm its owner morning recent too.', 'juanrivers', '2020-01-30', 'throw'),
(67, 1, 'Event inside song allow security PM. Myself day hour court rest.
Yourself least move. Economic food appear animal weight.
Factor expert production scientist remain event. Special I professional.', 'castromegan', '2020-05-05', 'put'),
(68, 3, 'Military school car. History crime hotel growth church event. International such Mrs them language road memory thank.
Couple enjoy friend know act sea. Often attention position of task performance.', 'amberturner', '2020-02-14', 'watch'),
(69, 7, 'Support game eight try security. Just between idea role. Look very run civil fire fund foot.', 'joseph51', '2021-12-25', 'because'),
(70, 6, 'Music truth there few. Voice dog loss.
Under decide per wait north heart rather. At organization lay model. Drug war level.
Speak third analysis standard bar exist. Very few receive amount account.', 'burnsmichael', '2020-06-02', 'continue'),
(71, 7, 'Ground PM sea security report process offer recognize. After bank maintain off sell. Require job line baby five trial night.', 'jacksonlindsay', '2020-05-25', 'both')

-- Lieu 
INSERT INTO Lieu (Lieu_ID, Nom, Adresse, Avis_ID) VALUES
(1, 'Kim-Williams', '9996 Gonzalez Circle
New Matthewfort, GA 11677', 68),
(2, 'Fisher, Mcpherson and Parks', '0705 Clayton Loaf
West Christopher, WI 08023', 8),
(3, 'Zimmerman, Lee and Sawyer', '24560 Brian Parkway
Deborahstad, VT 94048', 35),
(4, 'Kline PLC', '062 Sanders Mountains Apt. 733
Wallerchester, IN 56621', 38),
(5, 'Huerta PLC', '275 Tyler Harbors
East Heatherborough, ME 01165', 54),
(6, 'White, Guerrero and Yang', 'PSC 3917, Box 5009
APO AP 15651', 70),
(7, 'Reed, Thomas and Mckinney', '1373 Meyer Flat
Whiteport, VA 13133', 25),
(8, 'Nichols LLC', '3137 Drake Trafficway
Jamesbury, GU 95577', 29),
(9, 'Stevens, Russo and Greer', '0776 Jacqueline Forest
East Travis, MS 43063', 45),
(10, 'Porter PLC', '00257 Jose Parkways Apt. 824
Port John, AS 15823', 37)

-- Concert 
INSERT INTO Concert (Concert_Id, Nom, Date, Organisateurs, "Line-up", Nombre_places, Cause_soutien, Espace_exterieur, Enfants_permis, Prix, Nb_volontaires, ID_Lieu) VALUES
(1, 'Murphy and Sons', '2023-12-16', 'Christopher Davis', 'Much side size book., Machine actually sort effort., Eat firm public ball piece hour.', 411, True, True, True, 55279.81, 11, 4),
(2, 'Wood, Aguirre and Mccoy', '2024-01-14', 'Martin Smith', 'Admit fill hotel record., Financial cultural information compare hospital., Page say follow goal baby suddenly meet.', 184, True, True, False, 74305.96, 10, 4),
(3, 'Burns-Wade', '2024-01-14', 'James Cruz', 'Store thought they technology course kid., South girl account rest skin., Inside various full walk alone.', 294, False, True, True, 93993.03, 2, 6),
(4, 'Morgan LLC', '2023-12-10', 'Julie Whitney', 'Though organization do upon sell floor live easy., Discussion very card election say company while type., Tv someone system music.', 106, True, True, False, 59318.05, 9, 5),
(5, 'Peterson Group', '2023-12-16', 'Samantha Hensley', 'Sign try color listen improve., Past of carry early., General rock station affect team how.', 82, False, False, True, 45567.00, 3, 5),
(6, 'Buck-Miranda', '2023-12-09', 'Kimberly Brooks', 'On clearly quality stay., Much how join., Day approach development economy goal.', 362, False, True, False, 28233.25, 6, 6),
(7, 'Torres and Sons', '2023-12-24', 'William Lewis', 'Interest step there learn., Section some executive whom sign PM catch., Foot sign all up.', 338, False, True, True, 20321.10, 17, 1),
(8, 'Reed, Harris and Mcgee', '2024-02-01', 'Alexis Sosa', 'You hundred organization open., Pull such well Congress., Event onto condition political type.', 449, False, False, True, 71526.73, 1, 4),
(9, 'Armstrong-George', '2023-12-31', 'Jamie Taylor', 'Deep avoid both buy soldier base lawyer., Certain cup computer girl participant., But born reality again upon understand.', 269, False, True, False, 26641.76, 3, 1),
(10, 'Haynes, Mendez and Trujillo', '2024-02-05', 'Shawn Manning', 'Thousand me likely cost institution., Mind early age shake six., Consumer year star loss blood conference visit we.', 325, False, False, True, 22136.13, 4, 5),
(11, 'Ali-Smith', '2024-01-12', 'Shelley James', 'Amount style always serve air write increase., Laugh begin away though cut least., Image computer movie nation vote.', 133, False, True, True, 9775.33, 7, 10),
(12, 'Wright, Wilson and Martin', '2023-12-09', 'Stephen Davis', 'Join leg customer condition fly detail., Offer beyond reach together PM room., Beat development worry side good its president.', 470, True, True, False, 61397.11, 5, 3),
(13, 'Donovan and Sons', '2024-01-01', 'Sarah Bennett', 'Collection forget though authority protect., Hospital cup with., Dog worker project political middle interest dog arm.', 376, False, True, False, 90727.43, 6, 4),
(14, 'Allen-Huff', '2024-01-31', 'Leslie Curry', 'Agree politics worker., Pressure seat call should data nation adult., Those big recent offer structure teach phone.', 462, False, True, True, 85164.13, 11, 7),
(15, 'Pena-Mason', '2024-01-14', 'Patrick Bradshaw', 'Skin though goal discover., Too civil give player., Agree black door look oil month call future.', 247, False, True, True, 21430.37, 20, 10),
(16, 'Hunt-Tate', '2023-12-09', 'Patrick Walters', 'Government father condition enough property game., Coach wife onto even far., At bag note.', 225, True, False, False, 10104.05, 17, 2),
(17, 'Hernandez Group', '2023-12-14', 'Roberto Best', 'Thus note record by case., While order house growth level sit., Know not wonder very oil realize join.', 126, True, False, True, 50036.63, 12, 7),
(18, 'Smith, Anderson and Patton', '2024-02-06', 'Tammy Farrell', 'Same receive sort service necessary moment response., Heart rule feeling strategy land west in., Degree find his.', 366, False, False, False, 31949.67, 12, 7),
(19, 'Jenkins Group', '2024-01-14', 'Meghan Smith', 'Parent cause smile paper., Development himself cause collection son., Clearly water person.', 446, False, True, False, 28160.37, 11, 6),
(20, 'Brooks-Mathis', '2023-12-24', 'Shane Larson', 'Loss sell region., For college federal work., He speak avoid after serious factor.', 286, True, True, True, 86982.80, 4, 7),
(21, 'Stewart, Avery and Matthews', '2024-01-12', 'Jennifer Perkins', 'Station treatment among peace indeed purpose., Red us phone because major without student., Turn future throw should budget share.', 307, True, False, False, 4079.26, 16, 3),
(22, 'Hernandez, Cervantes and Cunningham', '2023-12-30', 'Joseph Taylor', 'Exactly should interest surface west., Power my white majority., On type art save experience think education.', 99, False, True, False, 50512.22, 13, 1),
(23, 'Jackson Inc', '2024-01-23', 'Angela Cameron', 'Writer understand certain must hard stock., Rate people meet book concern several score., Describe world moment cultural rule sort.', 341, False, False, False, 27282.81, 11, 7),
(24, 'King, Gould and Fox', '2023-12-22', 'Samuel Kelly', 'Become material new executive figure card., Through degree sure director., Significant skin avoid trouble home.', 117, False, False, False, 31776.21, 20, 6),
(25, 'Perkins, Sanchez and Douglas', '2024-01-17', 'Adam Hurley', 'Argue little seat little., Stay without what., Partner role maybe both before.', 198, False, False, False, 91392.31, 3, 3),
(26, 'Lang Group', '2024-01-27', 'Matthew Young', 'Laugh when act PM half., Purpose than believe seven mouth nearly., Than strong every upon trial.', 214, False, False, False, 15878.04, 2, 3),
(27, 'Rowe-Johnson', '2024-01-12', 'Dennis Randall', 'Beyond name conference., Hear box American work., Beat how threat think page every task.', 113, True, True, False, 11672.12, 3, 6),
(28, 'Rodriguez, Parker and Dean', '2024-02-05', 'Amanda Chambers', 'Identify cover citizen raise bag too still., Whatever detail age science a drop., Raise once professional direction.', 150, False, True, False, 47351.76, 12, 6),
(29, 'Martin, Martinez and Turner', '2024-01-24', 'Christine White', 'Program because entire doctor scientist mind threat risk., Five join as enter., Mission could always rate these.', 296, True, False, False, 67434.83, 1, 8),
(30, 'Harris, Hampton and Sims', '2023-12-26', 'Latoya Sanchez', 'Mother animal under explain he., Against theory from size central crime., Rock paper event two firm than range.', 397, False, False, False, 7081.28, 2, 3),
(31, 'Sanders-Dixon', '2024-01-05', 'Sarah Ruiz', 'Series even whatever bill., Either place stage anything., Quickly full sense say hotel read.', 477, False, False, False, 19704.87, 1, 2),
(32, 'Wilcox and Sons', '2024-01-04', 'Robert Cox', 'Shoulder see fine move talk though., Couple kid stock hope movement continue PM., Step society lead talk behind.', 500, False, False, False, 6939.30, 11, 8),
(33, 'Nelson, Morgan and Macdonald', '2024-01-04', 'Russell Harper', 'Consumer action project campaign., Including finally religious color program., Expert serious administration likely type level.', 285, True, False, False, 46156.07, 10, 10),
(34, 'Parker, Goodman and Mcgrath', '2023-12-13', 'Michelle Quinn', 'War bed hotel cause., Until suggest thought or modern., Blood local doctor take language hour.', 97, True, False, False, 81708.47, 10, 9),
(35, 'Bradley Inc', '2024-01-14', 'Janet Abbott', 'Deal tend among million ready., Role baby service role specific., Consumer just sign name spring.', 474, False, False, False, 24032.14, 18, 5),
(36, 'Fitzgerald, Lewis and Soto', '2024-01-03', 'Michael Robinson', 'Quite first recently kitchen amount news development., Wall start beat interesting short through young., In site carry benefit Congress.', 337, True, False, True, 66851.63, 16, 5),
(37, 'Mckinney Ltd', '2024-02-05', 'Linda Williams', 'Always scene door realize brother couple., Source energy him consider change whom take major., Open have consumer north nation.', 90, False, False, True, 27034.74, 2, 6),
(38, 'Miller PLC', '2024-01-14', 'Brent Ortiz', 'Drug such simple happy fly without., Product training mind mission., Young language reality live.', 58, True, True, True, 66720.02, 17, 10),
(39, 'Rivera, Hughes and Mcdonald', '2024-01-19', 'Lawrence Hutchinson', 'Several practice perform institution model morning military., Sport back manager either consider lawyer before threat., Sometimes plant need far hand occur.', 78, True, False, True, 71711.00, 11, 2),
(40, 'Perez-Arnold', '2023-12-27', 'David Vaughn', 'Hour involve money budget institution., Institution fly what cultural., And Republican rock commercial day.', 147, True, False, True, 45756.81, 1, 4),
(41, 'Whitaker and Sons', '2023-12-20', 'Willie Haas', 'White watch across never traditional., Region performance cost know most according stay., Beautiful guy cup deal government region remember.', 203, True, True, True, 37457.54, 17, 1),
(42, 'Cole, Cortez and Park', '2024-01-23', 'Joseph Smith', 'Trip would more get fly., Catch doctor scientist get quickly., Feeling nation mention.', 125, False, True, True, 34453.63, 11, 5),
(43, 'Taylor-Rivas', '2024-01-31', 'Alexandra Alvarez', 'Drug forget during protect leave yard yourself miss., Machine watch music., Read tough develop main price.', 75, False, False, True, 96793.25, 9, 3),
(44, 'Thompson-Moore', '2024-01-03', 'Timothy Moore', 'Wife five experience a., Himself before movie drug., Capital check will teacher way collection market town.', 231, True, False, True, 83959.91, 1, 4),
(45, 'Gregory PLC', '2024-01-18', 'Thomas Mcgrath', 'Become success old PM network hour., Outside apply mean yet involve stop myself., Smile really customer huge media indeed.', 146, True, True, False, 95729.18, 7, 9),
(46, 'Beck Ltd', '2024-01-01', 'Jane Moore', 'Some sell seem huge hotel., Budget increase someone family morning., Them price find office newspaper.', 142, False, False, False, 91958.36, 13, 1),
(47, 'Scott-Davis', '2024-01-08', 'Melissa Moore', 'Yeah clearly whole form population focus., Full occur effort., Able if serve a gas senior sell.', 394, True, True, False, 8802.59, 17, 8),
(48, 'Berger-Nguyen', '2024-01-02', 'Erica Alexander', 'Born book debate total through production appear everyone., Focus vote together new., View cold cell no reduce.', 421, False, True, False, 40217.83, 6, 1),
(49, 'Richardson, Martinez and Case', '2024-01-08', 'Erika Conley', 'Now everybody might raise page partner meeting., Cell wide friend tend raise., Card issue political toward report there beat.', 55, False, True, True, 25475.49, 12, 10),
(50, 'Smith Ltd', '2024-01-14', 'Donald Miller', 'Word one claim certainly., Model meeting hundred across., Bit evidence especially thank industry instead city movement.', 220, True, False, False, 81132.78, 19, 9),
(51, 'Levy, King and Kelly', '2023-12-23', 'Joel Howe', 'Kitchen when indicate page before., Line nation picture., Girl against good pattern food.', 413, True, False, False, 58773.06, 16, 5),
(52, 'Francis-Mills', '2024-01-06', 'Matthew Owens', 'Street play car sport action in., Wear wait build clearly., Hope might model game hair for marriage.', 296, False, False, True, 76205.83, 8, 7),
(53, 'Nguyen, Rodriguez and Williams', '2023-12-17', 'John Stout', 'Sell dark up but your., Cultural old respond bill anyone., Beautiful draw evening reduce her station travel simple.', 156, False, True, False, 44597.82, 8, 8),
(54, 'Hood, Clark and Ortiz', '2024-01-29', 'Karen Nelson', 'Address agree learn kid important Mrs seek., Point form part every PM law drug., Meeting measure election our pull.', 273, True, True, False, 74582.24, 12, 7),
(55, 'Serrano Inc', '2024-01-11', 'Richard Blake', 'Former audience mean across hospital instead., Voice position score spend., Cup church option.', 429, True, False, True, 37886.00, 14, 10),
(56, 'Bartlett Ltd', '2023-12-10', 'Edward Hale', 'Life company free it green walk., Line loss wonder glass none., Either dog now walk.', 283, False, True, False, 12181.30, 1, 10),
(57, 'Bryant, Russo and Romero', '2024-01-24', 'Edward Henderson', 'Huge well dream culture also., Tree today camera case teach., Police enough since structure have development major.', 123, False, True, True, 49885.60, 19, 5),
(58, 'Macias and Sons', '2024-01-10', 'Benjamin Lawrence', 'Former range forward rather ready collection and., Phone sing black thought rise rock meeting., Reach else put him term view.', 353, False, False, True, 26162.41, 7, 2),
(59, 'Miller-Glenn', '2024-01-25', 'Lori Sutton MD', 'Perhaps recent bad get fund black question., Long indeed including fear., Option live wall dark still if ask nearly.', 74, False, True, False, 39956.30, 20, 4),
(60, 'Campbell-White', '2024-01-23', 'Melissa Johnson', 'Imagine art back voice., Someone however quickly but ten family., Discussion when well ready safe structure production.', 162, False, False, True, 20932.36, 5, 2)

-- Archive 
INSERT INTO Archive (Archive_Id, Concert_Id, Avis_Id, Date_archivage, Nb_participants, Avis_participants, Photo_path, Video_path) VALUES
(1, 5, 19, '2023-10-13', 311, 'Man food join break green ready. Whether common season myself situation hope Congress.', '/chemin/vers/photos/son.mp4', '/chemin/vers/videos/particular.csv'),
(2, 18, 24, '2023-02-13', 271, 'Certainly stage data. Not last boy heavy buy man nice.
Everyone cost education interview. Federal bit similar a least positive dark. Head fall apply create computer.', '/chemin/vers/photos/before.numbers', '/chemin/vers/videos/officer.avi'),
(3, 11, 4, '2023-01-11', 393, 'Go power PM Congress expect. Speech partner million by. Peace effort big nothing.
Everything site teach company near. World white behavior month.', '/chemin/vers/photos/maybe.json', '/chemin/vers/videos/relationship.odp'),
(4, 15, 10, '2023-01-21', 288, 'Force public general important. Sort without born street country kid. Approach letter information myself very general.', '/chemin/vers/photos/nothing.wav', '/chemin/vers/videos/live.json'),
(5, 14, 18, '2023-08-15', 340, 'Discuss him hospital trial cover.
Camera seven dark seem movement. Smile especially course be understand.
Draw hope least computer. Quite never travel more name. Protect local house work performance.', '/chemin/vers/photos/according.css', '/chemin/vers/videos/site.mov'),
(6, 4, 2, '2024-01-05', 155, 'Bill whose word present election rather. Whole prove their only course your.', '/chemin/vers/photos/response.webm', '/chemin/vers/videos/very.bmp'),
(7, 3, 12, '2023-02-12', 239, 'Court state clearly experience reflect weight court. Form there grow place capital. Cut best seek east network site moment.', '/chemin/vers/photos/else.wav', '/chemin/vers/videos/time.jpeg'),
(8, 10, 1, '2023-12-25', 235, 'Drop save give listen school society. Themselves increase role fall somebody image benefit. These here discuss recognize our.', '/chemin/vers/photos/traditional.tiff', '/chemin/vers/videos/teacher.wav'),
(9, 21, 24, '2023-04-07', 126, 'Build yes third case although ask. Economic value economy community company finally eat. Clear quality kid week.
Recognize process seven past themselves those another.', '/chemin/vers/photos/short.webm', '/chemin/vers/videos/course.pdf'),
(10, 24, 1, '2023-10-18', 165, 'Billion lose challenge power sign stop. Single church stock order conference TV strong.
East type science rise team black. Happy together activity. Painting field ready material.', '/chemin/vers/photos/one.webm', '/chemin/vers/videos/interest.mp3'),
(11, 22, 22, '2023-12-11', 372, 'Reflect various much say hotel oil car late. Investment admit magazine can notice analysis ability. Half own century poor detail career probably. Throw all particular leave.', '/chemin/vers/photos/hear.xls', '/chemin/vers/videos/provide.webm'),
(12, 9, 14, '2023-05-25', 449, 'Responsibility however radio fish right attack specific. Song usually shake face. Rule bit its Mrs important time husband.
Reduce rich couple Mr. Edge young prepare reflect force here this hour.', '/chemin/vers/photos/particularly.mov', '/chemin/vers/videos/information.mov'),
(13, 11, 23, '2023-10-31', 316, 'Fast radio president couple back natural box as. Yard keep movie story evidence arm. Court sell all consumer argue several member.', '/chemin/vers/photos/organization.jpg', '/chemin/vers/videos/send.mp4'),
(14, 12, 16, '2023-02-05', 293, 'Camera quality public successful budget fund program. True direction maintain return series. House although save goal can.', '/chemin/vers/photos/hundred.txt', '/chemin/vers/videos/people.mov'),
(15, 5, 5, '2023-07-03', 195, 'Tree increase happen never million study gun five. Position response enjoy still her benefit surface. Top worry ready.
Consumer while ever open result brother. Leader old speech street reduce.', '/chemin/vers/photos/smile.mp3', '/chemin/vers/videos/second.webm'),
(16, 25, 23, '2023-12-18', 95, 'Fine realize price by them scene pressure. Plan too loss add always field page. Protect large citizen charge phone almost kind.', '/chemin/vers/photos/success.csv', '/chemin/vers/videos/image.docx'),
(17, 15, 18, '2023-07-29', 272, 'Practice anything occur personal play attack. Note whole officer on.
Military others north president several. Information authority prevent light.', '/chemin/vers/photos/project.mp4', '/chemin/vers/videos/TV.mp4'),
(18, 21, 3, '2023-11-23', 126, 'For debate establish away people author. Actually time give camera.', '/chemin/vers/photos/special.txt', '/chemin/vers/videos/painting.wav'),
(19, 14, 7, '2023-04-07', 165, 'Follow difficult plant quickly our. Society young eat itself into threat.
After teach source yourself hot change. Town debate join city item finish miss.', '/chemin/vers/photos/on.html', '/chemin/vers/videos/its.mp4'),
(20, 25, 25, '2023-12-14', 399, 'Example budget relate focus one speak reflect. Enough minute finally help. Record together law rise.', '/chemin/vers/photos/cup.avi', '/chemin/vers/videos/wide.png'),
(21, 21, 25, '2023-11-12', 158, 'Last spend wait wonder still ready run raise. Second travel stock focus strategy run.', '/chemin/vers/photos/last.mp3', '/chemin/vers/videos/paper.bmp'),
(22, 8, 23, '2023-07-04', 85, 'Hope other note rule interview throughout. Prevent phone yet structure. Nearly religious from feeling recently research dinner support.', '/chemin/vers/photos/consumer.csv', '/chemin/vers/videos/until.odp'),
(23, 15, 3, '2023-06-06', 54, 'Commercial look in young single action. Small create claim politics. Within visit rock better.', '/chemin/vers/photos/nearly.png', '/chemin/vers/videos/especially.mp3'),
(24, 6, 24, '2023-09-11', 386, 'Side hit thought whether national.
Purpose type miss old month behind. Really tend scientist. Political article represent.', '/chemin/vers/photos/other.avi', '/chemin/vers/videos/team.jpeg'),
(25, 12, 11, '2023-10-30', 168, 'Happy blue view yes hope thus out. Indeed seat born likely consider.
Factor partner claim dark strategy offer. Strong on perform government.', '/chemin/vers/photos/dog.json', '/chemin/vers/videos/position.flac')

-- Participe 
INSERT INTO Participe (Concert_ID, Personne_ID) VALUES
(11, 14),
(7, 13),
(14, 11),
(7, 14),
(4, 6),
(4, 4),
(10, 5),
(2, 4),
(5, 9),
(13, 9),
(1, 7),
(12, 1),
(8, 14),
(7, 11),
(9, 12)

-- Interet 
INSERT INTO Interet (Concert_ID, Personne_ID) VALUES
(47, 23),
(58, 27),
(56, 33),
(19, 19),
(5, 21),
(5, 28),
(48, 19),
(16, 19),
(40, 30),
(16, 33),
(52, 20),
(8, 36),
(53, 33),
(48, 18),
(40, 17),
(32, 21),
(53, 26),
(48, 27),
(4, 18),
(47, 31)

-- Utilisateur
INSERT INTO Utilisateur (Utilisateur_ID, Pseudo, Email, Password, Biographie, Date_inscription, Historique_Id, Publication_Id, Association_Id, Personne_Id, Lieu_Id, Artistes_Id, Playlist_Id) VALUES
(1, 'april36', 'nwolf@example.net', ')x4FA^lnbS', 'Executive upon able only word space agree. Professor back who.
Into hour other now. Speak arm indicate until. Might produce along conference over voice age.', '2023-04-24', 9, 20, 100, 47, 9, 19, 18),
(2, 'shannonbrooks', 'zachary87@example.net', 'C)+8Pft5oc', 'Indicate about difficult kind. Indeed big fire appear same make.
Themselves window affect drop game color group. Plan stop decide.', '2023-03-08', 29, 11, 108, 13, 8, 43, 27),
(3, 'meganmarshall', 'diana12@example.org', 'Ng4VTNJuq^', 'She future administration sort notice. Suffer play place. South score spend when international country officer. Pull ability agree explain measure Congress mouth.', '2023-10-25', 61, 162, 100, 27, 2, 43, 26),
(4, 'vwarren', 'tnguyen@example.com', '+gw$&D$kZ9', 'Magazine suggest tonight fly car. Life factor tree.
Work budget maybe others rock. Enjoy north west attack suffer.
Father property church this professor keep so sign. Right rest available whether.', '2023-04-29', 180, 187, 102, 38, 5, 67, 17),
(5, 'adamssarah', 'david74@example.org', '(B1pCkM9yB', 'Type player piece education consider operation quite next. New part field property although boy likely.
Fast like some stay American suffer. Describe true produce and Congress middle carry.', '2023-09-01', 46, 172, 109, 3, 5, 49, 2),
(6, 'jessicaflowers', 'john36@example.org', 'mB@w6TBd!H', 'Third should about bit be section around. Single human entire.
She relate better data thank foot television. Similar entire manager hospital.', '2023-08-16', 219, 218, 105, 18, 8, 81, 23),
(7, 'tonyasmith', 'douglaschung@example.com', 's#u5fCVskd', 'Art picture office speech Mr. Indicate discuss trip modern south. Only manage most fill similar event.', '2023-07-15', 257, 65, 110, 30, 7, 37, 5),
(8, 'roysimpson', 'wbarajas@example.com', '^HIYhzDzs7', 'Beautiful discussion practice level. Only agreement security think. Set hot view ball threat.
Contain free draw yes firm. National cut wear new.', '2023-10-18', 66, 122, 107, 58, 2, 41, 13),
(9, 'steven65', 'whitebrittany@example.org', 'M5*eRFkc*j', 'Offer like conference. Reduce would test past finish. Price according enjoy guy much.', '2023-05-09', 231, 145, 108, 20, 8, 22, 12),
(10, 'singletonjacob', 'loretta98@example.com', '_2SOFSYdgS', 'Against kid event before almost. Surface entire especially if.
Easy society enter many believe since nor music. Receive important something suffer low this.', '2023-07-26', 58, 138, 102, 31, 8, 29, 15),
(11, 'xsimmons', 'reyesteresa@example.com', '!%Hp)rlfo3', 'Question office give arrive surface both. Paper these member cultural involve.
Within me all. Discover class civil research during analysis push get.', '2023-07-21', 152, 225, 101, 33, 2, 48, 2),
(12, 'joseph64', 'xtaylor@example.net', 'b3JHoH8k)P', 'From garden father challenge. Chance serve building behavior discuss would.
Social raise actually will rate pattern myself. Growth detail away easy.', '2023-10-22', 110, 12, 100, 54, 8, 56, 25),
(13, 'josephwilliamson', 'smithmichael@example.org', 'W6*%1Xb3Tq', 'May because campaign plant firm each. Accept law toward step.
Hot its son investment number also. Apply attorney find.', '2024-01-03', 80, 168, 109, 28, 7, 70, 26),
(14, 'zcampbell', 'nathanielwilliams@example.org', 'q176ToBn&a', 'Music nothing hope while message. Do media member thus.
Explain box television skill system senior dream. Thus or middle building. Far sing fund specific wait material.', '2023-02-02', 65, 75, 110, 8, 10, 79, 8),
(15, 'shelleyrivera', 'nelsonshawn@example.org', 'WonQvDfd+0', 'Now sign plant bar positive. Be move artist pull.
Education sometimes citizen century field body.', '2024-01-03', 50, 207, 108, 15, 6, 65, 16),
(16, 'annettefleming', 'thomasoscar@example.net', 'og^9aAyf_G', 'Energy memory poor stop arm similar either. Recent become paper grow. A decide successful beautiful growth set week place.', '2023-03-23', 275, 8, 104, 16, 5, 72, 4),
(17, 'qaustin', 'lwilson@example.com', '(O7NZq9)1%', 'Teacher cell employee last compare. President too something red open.
Town member give. Instead beyond admit information point safe.', '2023-08-29', 64, 152, 108, 1, 3, 12, 19),
(18, 'rebecca19', 'whitekim@example.org', 't3Bo3#xB$Z', 'Foreign interest usually should. Within collection shoulder.', '2023-01-08', 51, 93, 101, 49, 8, 49, 23),
(19, 'mdavis', 'brent09@example.com', 'd1eG32!0&b', 'Prepare my specific three. Take official ago six.
Road north act water. Free day short policy leg there. Door whom fear day able character.', '2023-10-05', 254, 139, 104, 43, 5, 11, 9),
(20, 'hjenkins', 'kevinbrown@example.com', 'Ap+b2C8pL%', 'Treatment course thought analysis ten. Church lose short.
Keep situation name anyone. In appear figure kid first. Place like idea economic standard hotel record.', '2023-11-16', 265, 78, 108, 1, 7, 63, 6),
(21, 'byrdheather', 'abrown@example.net', 'IK1OGSKj+7', 'Raise artist past someone.
Together although cost under draw. Entire parent then law project debate. Many throw almost determine.', '2023-08-18', 270, 116, 103, 34, 4, 80, 4),
(22, 'mbrown', 'derrick74@example.org', 'Z77R0E8p$@', 'Ago with woman. Outside road theory take. Machine collection certainly wall how other question sister.
Tax father kitchen almost store bank wear candidate. Turn store significant include.', '2023-04-02', 50, 241, 105, 15, 6, 61, 17),
(23, 'elizabeth23', 'thomasday@example.org', 'V2Apw%y(&0', 'Within art our professor avoid. Ten TV thing nice according.
Might sometimes trouble news. Behind base leader job late.', '2023-01-13', 19, 148, 100, 5, 6, 46, 10),
(24, 'rodriguezsabrina', 'ynorman@example.net', 'WXcgbNhl+0', 'See machine identify none since beautiful. Blood nice assume response subject back question.
Turn news mouth notice newspaper attack. Big room before necessary.', '2023-02-10', 94, 12, 109, 51, 2, 85, 1),
(25, 'powersdeanna', 'ramseyjennifer@example.com', 'm(g3QiJooT', 'However adult project class know. Government under last drop. Away will line raise like smile themselves. Education water yet.', '2023-10-09', 214, 91, 106, 28, 7, 32, 8),
(26, 'katieharper', 'garzakristina@example.net', 'B^3Xx^^oxF', 'Challenge strong call task production worker worry enter. Low financial our take real as admit.
Wish above show they grow. Remember stuff result bag game red.', '2023-03-26', 122, 11, 100, 9, 3, 47, 7),
(27, 'john66', 'davidhughes@example.org', 'g7RE5erU+O', 'Expect various final right his western fear. Community want picture whole everybody parent. Subject work join task sign science lay.', '2023-02-08', 81, 108, 104, 57, 1, 52, 29),
(28, 'sarah76', 'dillongina@example.com', 'MOW*#)So(3', 'Support sign book agent rather medical. National entire son professional yard. Forget line clearly prove one girl.', '2023-07-08', 27, 43, 108, 3, 5, 53, 5),
(29, 'todd05', 'christopherwagner@example.com', 'w@K8G6obLI', 'Quite run build to writer court decision. Thousand can notice on. Similar quality quickly even truth.', '2023-07-01', 106, 168, 100, 27, 5, 65, 19),
(30, 'smithevan', 'carolkramer@example.com', 'QZ27_Jdu)X', 'Finally book sit late green those article. Anyone gun every sound. Door thing necessary project believe necessary.', '2023-07-19', 131, 95, 110, 40, 1, 93, 28),
(31, 'clarkcindy', 'kim78@example.org', '&94AqckLZ2', 'Every image although around eat easy last purpose. Attack thing magazine mind stuff.
Degree evening arrive. Especially surface society number lay spend drive. Cut seat worker.', '2023-07-16', 16, 66, 109, 26, 8, 71, 19),
(32, 'abush', 'kenneth69@example.net', '7r$FC8Aw(z', 'Discuss yeah available professor of prove eight according. Law year thought want read. Picture mean hope.', '2023-09-28', 289, 171, 104, 42, 6, 41, 16),
(33, 'hamiltonjennifer', 'barnescrystal@example.com', 'sT6KGlUd&0', 'Effect major from case develop. Here try evidence everyone operation receive ok.', '2023-03-11', 49, 53, 103, 45, 3, 4, 5),
(34, 'pamela25', 'burnsdavid@example.net', '+3HtPSto6s', 'Arrive method finally major yes indicate. His experience far season.', '2023-01-19', 41, 223, 102, 45, 9, 88, 27),
(35, 'asullivan', 'gatesjohnny@example.org', '1W09EpOS^t', 'Beautiful strategy step range pass rate. Well international hot accept company use popular garden.', '2023-11-15', 53, 241, 107, 37, 1, 81, 16),
(36, 'cheryl76', 'parrishjose@example.net', 'd!APxert&5', 'Age night yeah quite job agent lay phone. May happy quickly class crime these law artist.
Much agent also admit much especially own. Huge artist matter prove color. Pattern effort can pull easy walk.', '2023-03-27', 20, 193, 105, 22, 3, 33, 26),
(37, 'lauren31', 'wrightjacob@example.net', 'YLPBeCb4(1', 'Rather much than court marriage degree. Practice expert size what able. Administration dark left last return car.', '2023-11-29', 275, 211, 106, 3, 1, 15, 11),
(38, 'mendozalindsey', 'gonzalezleonard@example.com', '%l74X0Vgfo', 'Result where face movie stock well. Seven president together mission today three against dinner.
Police factor age child make ten. Condition hotel cut. Purpose finish second around.', '2023-06-12', 271, 232, 109, 14, 4, 9, 14),
(39, 'munozjulie', 'caseyrichard@example.org', '5pOj3nOa^0', 'Contain explain official evidence region require. Thought teach walk recent wait box outside. Paper hit service however natural while.', '2023-07-02', 172, 105, 103, 30, 9, 86, 9),
(40, 'zgibson', 'ashleymitchell@example.net', ')cquL1Oa5z', 'Large city century most owner. Us both resource drive prove today close ahead. Partner parent people street better.
Body table skill quickly medical. So hard soon source.', '2023-05-18', 205, 28, 101, 29, 3, 85, 29),
(41, 'sparksfelicia', 'eharris@example.com', ')O#o14LjcC', 'Media music green take than people instead.
Technology learn rise key throughout. Law car I. Blue rise life account. Other sport happy specific.', '2023-03-16', 1, 83, 107, 13, 2, 11, 19),
(42, 'hunterbrooks', 'justingutierrez@example.com', '+oSuI#@$X0', 'People lead continue structure always compare threat. Figure job body fall sea light trouble.', '2023-12-27', 291, 233, 102, 36, 8, 32, 13),
(43, 'valentinemarissa', 'sgarcia@example.net', '_+l6FQbDGt', 'Ability feeling range. Eight girl skill break unit. Simply method prevent meet population wall.
Day need hear trouble. Grow career local especially rule who.', '2023-01-13', 287, 170, 101, 47, 4, 81, 29),
(44, 'robinedwards', 'ykemp@example.com', '@DLKgr%P6%', 'Dark receive include religious thousand. Popular support central someone town detail. Beyond bit training.', '2023-04-21', 284, 89, 107, 37, 2, 71, 30),
(45, 'sarajohnson', 'patricklopez@example.org', 'jik(7FpjkJ', 'Society far including hotel amount few. Realize course save everyone culture. Leader nor agreement good phone.', '2023-02-02', 141, 70, 106, 28, 8, 61, 24),
(46, 'ashley29', 'sandra52@example.net', '_1O9C5nz6I', 'Manage worker three recently central. Bank environmental late hand.', '2023-08-07', 32, 109, 108, 4, 6, 68, 12),
(47, 'lpierce', 'wigginstanya@example.com', '3jLmAOEp#1', 'Far big direction participant maintain. Cost set American. Pressure your fire offer start president admit.
Amount interesting subject best until memory. Heart example father machine everybody rich.', '2023-10-17', 46, 98, 110, 16, 1, 4, 26),
(48, 'fortiz', 'roberta46@example.net', 'v^1OzAZ5dN', 'Maintain face always. Foreign social TV speech manage film former.
Find class majority door back. Window week win matter series. Raise apply size onto.', '2023-10-25', 200, 85, 108, 3, 4, 23, 10),
(49, 'tellis', 'ysandoval@example.net', '$2H@RbTf8m', 'Represent where probably budget modern. Everybody quickly to radio use interest people have. Available onto room account summer yard.
Compare floor despite she. South similar third thank.', '2023-07-08', 212, 135, 100, 23, 1, 15, 20),
(50, 'michelletate', 'zlewis@example.net', '#43ySu6UvG', 'Show meeting we sea plan blood party region. Meeting great with issue explain they.
Image others first plant her next picture. Decide single more choice politics street.', '2023-09-08', 272, 185, 105, 46, 7, 47, 12),
(51, 'kristinyoder', 'martincheryl@example.org', '5)Oz6A#g69', 'Executive into blue western. Arrive letter behind experience decision.
Yourself sort few lot worry. End suggest police. Live event event hour fund.', '2023-09-01', 75, 181, 108, 34, 8, 39, 4),
(52, 'ronaldperez', 'scottjoanna@example.net', 's@x5B_k2g#', 'Become of at physical hear. Away produce continue listen occur play. Religious team camera score.
Enter culture product rise race him. Condition that less should to which less.', '2023-09-22', 50, 100, 100, 47, 9, 24, 27),
(53, 'jenniferlowe', 'andreluna@example.org', 'Gh%0Th_4cf', 'Lose few design letter TV however analysis. Example business when Mr around total ahead.', '2023-10-26', 221, 171, 107, 53, 9, 88, 6),
(54, 'amyjackson', 'acevedoann@example.org', '0bK1O4ou&K', 'Responsibility business fear by consumer. Right happy western push place young edge standard.
Yeah activity find high by us throw. Local when than whole fish sit huge.', '2023-02-25', 23, 63, 109, 43, 1, 40, 17),
(55, 'erinmcknight', 'othomas@example.net', 'L36!Tb(!%R', 'Per hope east about debate author shake. Line article off indeed degree key.
Onto beat mean election clear machine. Threat land tend edge board usually people.', '2023-12-09', 121, 230, 100, 55, 9, 72, 8),
(56, 'mccormickmax', 'vargassarah@example.com', ')FdQkbvvV6', 'Society prevent heavy morning expect. Response nothing wife when every consider floor.
You management drug. Early relationship whole note available. Picture instead suffer card last smile often rich.', '2023-07-25', 17, 226, 105, 51, 9, 15, 1),
(57, 'jaime94', 'rebeccalawrence@example.com', 'yw(gPmm*^9', 'Sign fast try fight itself. Should against human thing few car stuff.
Center other garden PM keep throughout simple drop. Summer call realize ground case even culture.', '2023-02-28', 64, 228, 108, 30, 9, 52, 15),
(58, 'jdavis', 'yestrada@example.com', 'x+gfbD*f_8', 'Report young out test plant. Research Mrs director style. Of participant rate when pull behavior.', '2023-11-08', 105, 111, 101, 49, 7, 28, 6),
(59, 'coltonpayne', 'dananguyen@example.org', 'W^Q9P&3ipR', 'Between traditional ever travel dog knowledge quite. Send conference pick perhaps my break. Yet listen light.
College two candidate issue.', '2023-02-13', 196, 7, 108, 19, 6, 30, 13),
(60, 'montoyajasmine', 'powersryan@example.org', ')vUSJlwF3a', 'Form week prove student industry young eight. Voice fight dinner almost deal.
Clear four and up appear. Really as main music treatment help happen life.', '2023-04-24', 163, 158, 103, 28, 8, 56, 2),
(61, 'carol72', 'campbellshannon@example.com', '%v$3KKW2*6', 'Factor level rule cup eat water. Center effect price fear phone.', '2023-06-11', 64, 10, 102, 53, 10, 4, 17),
(62, 'dustinglass', 'thomas81@example.org', 'cM!6BFlWgF', 'Him fill effect face focus music significant. Before bill pay authority down. Entire century network despite over which.
What major commercial eight inside here reflect.', '2023-01-26', 207, 118, 107, 20, 2, 14, 23),
(63, 'wgarcia', 'karinasims@example.net', '&L21Ai6cxE', 'Low car compare organization recognize also. Newspaper could result foot.
School late really eye drug idea. Doctor ball out detail three prevent. Throughout way outside role reflect.', '2023-10-03', 264, 201, 101, 58, 6, 44, 8),
(64, 'christopherbyrd', 'ethan47@example.net', '%0Fdn2ZsAu', 'Official benefit sure buy.
Its arm company account upon. Back agent sometimes hour. Street feel send. Test quality become tax since.
Drive growth order.', '2023-07-06', 48, 181, 101, 30, 3, 38, 21),
(65, 'eburnett', 'dawn72@example.net', '_qJ7WAeW7*', 'Choose thank marriage thing smile. Science bank experience your. Will color politics stay huge.
Bag part exist.
Well lawyer poor more happen. Your nearly ball tonight focus I. Son show plan.', '2023-04-19', 231, 40, 101, 10, 3, 71, 11),
(66, 'lindathompson', 'carpenternathan@example.org', 'ps7c8QslB^', 'Organization attack money human reduce listen.
Worker personal every. Into want or difference professor star Mr. Deal need question black.', '2023-12-07', 242, 225, 105, 42, 8, 79, 17),
(67, 'parkerjason', 'mmyers@example.net', 'uS&Os8Qd^i', 'Close race foreign sort. Interesting consumer bring positive evening career. Likely how responsibility try class.', '2023-10-17', 111, 82, 102, 41, 6, 28, 16),
(68, 'dickersonmichele', 'kristen00@example.org', '_HZi9H)n2U', 'Drive though bill draw. Mean third reason summer movie stop. Out believe these general result. Language produce relate act like.', '2023-01-08', 92, 61, 103, 1, 9, 9, 25),
(69, 'brandon76', 'seanblanchard@example.com', 'a+Y6vNKsLl', 'Three better head who.
Friend administration fall suddenly it. Strong thank research ten. Debate rise small power lose ahead suggest.', '2023-08-30', 133, 61, 100, 33, 9, 40, 19),
(70, 'jennifer20', 'maryperez@example.net', '$L$y9BPhkB', 'Position or family top. Wife decision themselves hold.
Value name letter of few. Tonight key upon bank born.
Fire direction their hear result. Arrive recognize assume bag.', '2024-01-04', 83, 238, 107, 17, 9, 4, 27),
(71, 'ldavis', 'ymiller@example.net', 'Eq54nKKnZ+', 'Home trade person product ready work focus. Edge require one product.
Trial treat financial full watch. Range since learn adult get key than open.', '2023-04-06', 234, 234, 102, 36, 4, 5, 30),
(72, 'zthomas', 'mark70@example.com', 'V&ve30Zh72', 'Sometimes real different defense property guy computer. Use challenge last wall dream audience.', '2023-03-13', 84, 34, 107, 10, 3, 28, 23),
(73, 'hburch', 'joseph25@example.net', 't32GvCqQ($', 'Toward follow born president human executive. Might attack since long white.
Learn feeling sometimes former. Again drive or trouble site.', '2023-04-30', 155, 231, 105, 34, 10, 76, 22),
(74, 'abbottaaron', 'nicholas78@example.net', '0#RX0RpZ&%', 'Finish we wide anything beyond one. Somebody vote effect until result lead. You than understand.', '2023-09-14', 287, 88, 100, 55, 10, 12, 26),
(75, 'greendavid', 'amygonzalez@example.com', '%b6yFY8tLE', 'Pretty dark above scientist. Current base may discussion hair bank particular.
Source three husband draw media hair recognize. Television for floor happy democratic glass.', '2023-04-13', 148, 7, 102, 40, 8, 17, 2),
(76, 'figueroakristen', 'brookescott@example.com', 'cisX2uln!9', 'Foot argue method American. Most career major ask point term. According then matter student play.', '2023-03-16', 53, 85, 103, 55, 9, 88, 23),
(77, 'davisdebra', 'caldwellmitchell@example.com', 'JG5#P4Lizx', 'Green east painting song. Weight know cause this majority way action. Himself blood season smile argue easy wrong quality.', '2023-02-04', 128, 141, 100, 16, 10, 58, 21),
(78, 'phensley', 'scottkayla@example.net', '#SaXIxSb49', 'Local under time set yard. Walk operation yet want.
Family charge consider four.
Go yeah shoulder key election audience. Rather arrive moment hard number.', '2023-08-31', 209, 80, 110, 20, 4, 70, 24),
(79, 'dflores', 'theresaconner@example.net', '^YFh7JGnD1', 'Series behavior system time nearly. Conference voice she admit rather.', '2023-12-10', 29, 45, 100, 3, 8, 94, 23),
(80, 'johnsparks', 'lwarner@example.org', 'OdB2XCqw!z', 'Assume this say security white former.
Within page building PM letter. Hundred describe game. West day whose say travel.
Dog attorney see may rather soon official go.', '2023-06-05', 19, 120, 106, 54, 3, 19, 29),
(81, 'cmaxwell', 'beltranshane@example.net', '_#6NoWFrw6', 'Throughout really wait low produce see. Base tell business white start medical travel. Pretty lead rise dinner economy ground painting real.', '2023-03-19', 227, 186, 100, 17, 6, 50, 27),
(82, 'plopez', 'jamesharris@example.org', 'i_3PAc#p%x', 'Admit hospital day always. Enough PM themselves catch power rather threat. To thought crime forward cell car else.', '2023-03-30', 172, 19, 107, 6, 3, 83, 4),
(83, 'hclark', 'smithlarry@example.net', '@YWavuUZ_7', 'Public although detail answer. It everybody professor.
Could understand long green. Wear control memory treat. Why everyone finally discover town top community.', '2023-07-22', 283, 166, 100, 29, 8, 100, 26),
(84, 'millserika', 'crystal15@example.net', 'F!53^tVj#i', 'Lead least ago station perform tax statement true. Hair beat student determine enter must party. Ball yeah very.', '2023-11-27', 43, 201, 110, 56, 10, 28, 6),
(85, 'alexandrasmith', 'holly82@example.com', '0o5FXTomW*', 'Traditional American difference budget whose reduce. Executive structure future start.
Man make simply. Economy think total follow pull line dog sense.', '2023-09-16', 132, 140, 104, 57, 3, 31, 5),
(86, 'hschmidt', 'kevin70@example.com', '#W1!6JCe*L', 'Option write Democrat miss food soon. Music lose media hair meet. Impact send house movie.
Miss oil degree reality. Believe statement firm stage expect.', '2023-05-18', 246, 151, 108, 24, 10, 16, 7),
(87, 'brianevans', 'michellecastillo@example.com', '@30WUo2i&4', 'Author improve lawyer investment discuss certainly. Song reveal quickly money attack pull item. Early catch finally either system language.', '2023-11-13', 91, 141, 104, 11, 2, 76, 22),
(88, 'timothy25', 'tthornton@example.net', '6hVaN5oU%e', 'Bit TV any director current. Bit base very show church rest. There there tough face.', '2023-10-05', 242, 239, 102, 37, 3, 6, 9),
(89, 'hicksandrew', 'joseph09@example.org', 'hZ1A)bPAy^', 'Show form situation fact. Drive he sell dark. Politics bad identify huge performance. Clear why different poor there ready low yeah.', '2023-01-25', 172, 22, 105, 49, 3, 81, 16),
(90, 'madisonellis', 'yvonne57@example.net', '*1hqwaXf4u', 'Record individual animal while as situation establish form. During sound off individual rather in. Husband once figure above hard either.', '2023-06-19', 293, 222, 101, 12, 6, 43, 8),
(91, 'waltonjonathan', 'moorehannah@example.net', '&JaKRpI07G', 'Purpose wonder her example cover condition line. Value field rich knowledge.', '2023-08-31', 249, 222, 104, 11, 10, 69, 7),
(92, 'hallblake', 'erica74@example.com', 'kqUpS*dE%3', 'Life avoid ok local necessary. Finally art near type whole body.
Product on value. Magazine Mr rise.
Pay common doctor threat foreign item them. Study military hand happen.', '2023-11-22', 238, 203, 110, 47, 3, 42, 19),
(93, 'laurenchan', 'yangnatasha@example.com', 'PG1MpWsEw)', 'To customer worker near want yourself kid give. Bill early media.
Day decision several couple recognize responsibility house question. Ground measure bag pass will every.', '2023-11-13', 35, 179, 109, 39, 7, 20, 18),
(94, 'debrawhite', 'riveraheather@example.org', 'u^7OYHNe+z', 'Anything yeah citizen among again break agency general. Official goal easy fight security. Carry knowledge role protect right report.', '2023-12-10', 224, 244, 103, 5, 3, 39, 9),
(95, 'uscott', 'anthony09@example.net', '@%I#1Fzze&', 'Available decide physical within with table bank.
Result debate hour on. Within avoid fly.
Sport seek system office. South learn thousand like. Join safe movie no chair evening.', '2023-05-21', 65, 25, 110, 8, 5, 76, 2),
(96, 'robertprice', 'christinaobrien@example.org', '^PakcKfkP7', 'Fly heavy environmental require across another water. Past camera section none college.
Someone color memory there thing fall hope. Culture glass amount popular indeed threat we.', '2023-05-06', 277, 115, 110, 51, 3, 68, 9),
(97, 'mooremark', 'brian70@example.org', '+xFms9gmy6', 'Himself create much deep player power perhaps. Democratic management gun television another. Economy option so across.
The minute treatment magazine space. Well thing employee pretty heart new old.', '2023-07-03', 291, 50, 101, 42, 5, 39, 5),
(98, 'ruth82', 'jsullivan@example.com', '^1ToRiAw6B', 'Increase minute mention city live. Religious consumer purpose chair.
Bed wife food huge. Debate wish plan two spring key.', '2023-10-14', 140, 243, 104, 40, 7, 64, 21),
(99, 'joneseric', 'laura61@example.net', '#9yH0Bmoo8', 'He return participant. Indicate scientist number consumer focus want itself. Available economic top rock.
Everything officer machine run. Wind service item.
Newspaper summer traditional.', '2023-10-06', 79, 139, 110, 45, 4, 94, 29),
(100, 'garciaamanda', 'yatesmelissa@example.net', 'zh7H)ZW$6&', 'Show material huge guess at return morning. Positive bring wish. Change home matter. Practice couple election view.', '2023-08-15', 182, 207, 104, 16, 4, 70, 1),
(101, 'burtoncarla', 'lgraves@example.org', '!YKySKXv1t', 'Discover model really former tonight more if. Local page fear discover study.', '2023-04-20', 245, 39, 110, 21, 5, 78, 2),
(102, 'webbbrandon', 'matthewdiaz@example.org', 'FjxNc4v&)5', 'Measure official popular down. Beat majority pass choose beat these economy market.
Summer protect material minute. Blood hold sea five. Draw that need book.', '2023-12-08', 23, 157, 109, 2, 7, 74, 18),
(103, 'desiree84', 'evansconnie@example.net', 'KT9DitlDJ_', 'Place with physical year all party. Nation hard player huge industry campaign may.
Car order whole accept. Always serve there set environmental bag. Candidate source last clearly.', '2023-10-18', 139, 117, 104, 25, 9, 35, 11),
(104, 'preston42', 'zriley@example.org', 'N!y6I9FeB_', 'Program almost hotel for. Try nice professional visit weight and.
Modern part many step car positive. End item investment your four new final.', '2023-12-02', 276, 89, 105, 6, 6, 94, 9),
(105, 'gina47', 'sherry61@example.com', 'VI1gG(GnZ&', 'Want money fine away name. Risk anyone middle like look hundred cut bad. Will meeting never behavior despite. Car play strong support easy those.', '2023-07-08', 170, 123, 108, 3, 6, 59, 7),
(106, 'ibradley', 'smejia@example.org', ')$8Dyx4cFh', 'Decide member game effect in together. Kitchen same father heart front answer. Would call study follow general everyone. Between tend everyone best should reality point.', '2023-01-24', 260, 37, 104, 10, 1, 45, 11),
(107, 'howardkevin', 'woodardjeffery@example.com', '(7B7aqn30k', 'Cold popular student reach. Involve strategy your mind.
Laugh card sign visit under. Per western thank successful until market sort home. Consumer wait different.', '2023-05-09', 75, 235, 108, 15, 9, 27, 25),
(108, 'gilbertbarrett', 'kimberlyshannon@example.org', '&b%BGU1Ly9', 'Short onto baby. Study citizen base ten enough bank.
Sister fast bad face market their. Word carry feel. Ability century their citizen fly remain.', '2023-01-28', 147, 95, 104, 44, 1, 57, 21),
(109, 'singletonbrandon', 'jonathanmccarthy@example.org', '#6KZuju#_Q', 'Present environmental respond. Firm owner development avoid rich area information dinner.', '2023-11-18', 300, 167, 108, 27, 5, 27, 3),
(110, 'jonesderrick', 'julia77@example.org', 'NT2CKmr(%F', 'Study eye final memory yeah. We seek vote.
Focus dark newspaper dog must born party. Experience information year analysis doctor. Trip address car his fine hear.', '2023-12-04', 183, 66, 102, 28, 5, 19, 12),
(111, 'kristine92', 'margaretbrown@example.com', '$6e0hJw6IZ', 'Team community act world argue front. Scientist throughout us. Begin against conference before may officer cost who.', '2023-05-25', 94, 190, 106, 52, 1, 11, 23),
(112, 'tracey73', 'brentcarson@example.org', '3Vu1$Hn!u_', 'Return these dream company offer onto issue. Attorney ability pull yet. Approach war arrive.
Black under test. Political heavy listen morning. Page court bank main something serious.', '2023-06-01', 237, 209, 107, 13, 7, 76, 14),
(113, 'brandon80', 'marklong@example.org', '*Nl5FQGw7#', 'Air culture idea much economy step. Argue threat turn.
Land various meeting special network wonder office. No stop another action. Set knowledge father challenge.', '2023-10-11', 188, 158, 100, 21, 1, 9, 17),
(114, 'kennethmercado', 'jreese@example.net', 'h5AwoZFc(&', 'Story less dark rule system bed media. Model wrong understand close. Pattern current someone despite sense land.', '2023-05-19', 180, 206, 107, 27, 9, 21, 29),
(115, 'floreslisa', 'austin94@example.com', '##4Gj!EzRi', 'From claim suffer over. Artist maintain budget tough. Before head firm agreement sign high visit.', '2023-08-19', 256, 122, 101, 41, 7, 40, 14),
(116, 'sthomas', 'teresa79@example.com', '+FRzZFn7Z7', 'Subject you allow memory likely outside hospital. To hope myself play serious among development. Become apply sometimes set before single start continue.', '2023-08-31', 124, 141, 101, 18, 5, 17, 3),
(117, 'lewismichael', 'rebeccasharp@example.net', 'D3VRLk2+_J', 'Movement nor rate prepare machine establish.
Listen all difficult threat expect buy summer.
Majority inside certainly on control lay. Style behavior score guy area well question song.', '2023-07-02', 195, 131, 108, 13, 4, 11, 24),
(118, 'jamiegonzales', 'morrismatthew@example.com', '@1xQPcgA@&', 'Open camera two face throughout establish. Especially business born husband trouble those.
Data receive board degree play wonder. Material law job draw the say.', '2023-07-20', 57, 54, 109, 33, 3, 30, 3),
(119, 'lshea', 'vholder@example.net', 'u(7jIjbFXS', 'Whom process little mind send. Program no maintain lawyer unit. Before past yes along stay. Itself respond stop both section conference.', '2023-11-30', 186, 92, 110, 13, 3, 66, 28),
(120, 'robinsoneric', 'raymary@example.net', '$_FK7It9k7', 'Stuff tree several pull beautiful. Involve study position around.
Phone close start after. I others often street yeah statement. Up message few future.', '2023-01-27', 208, 82, 100, 1, 6, 60, 15),
(121, 'robert36', 'ybrown@example.net', '(3Ii2$Ch!T', 'Service less suffer dark institution that picture. Item weight economy social baby one. He line class very join name heavy.', '2023-09-24', 289, 107, 108, 31, 5, 85, 3),
(122, 'davidcopeland', 'marthaharper@example.org', '6_3lLDq^uH', 'Language morning action test next statement enjoy compare. Work former watch dark future cost relationship.
Far team face sell and author type. Sea girl speech any shake create. Lot big amount about.', '2023-01-26', 165, 139, 110, 33, 10, 68, 30),
(123, 'sarah76', 'vwelch@example.com', 'Tw%0tqZm#(', 'Live seat reach south sell attack. Drug east water certain film lead baby. Soon at both partner something.', '2023-07-02', 187, 57, 109, 42, 6, 98, 19),
(124, 'hjohnson', 'mgonzalez@example.org', '(z$1Za*lLv', 'Score concern person son majority back feel. Nor sea help billion.
Space right prevent even most. Church wear also quality most whose. Leave anyone trip hope item into want.', '2023-12-11', 230, 103, 105, 3, 5, 13, 11),
(125, 'melaniegreen', 'lynnmartin@example.net', '*92B6JWep*', 'Land apply tree son mouth court. Man job physical five enjoy spend action church. Simply look region write now.', '2023-11-24', 48, 70, 104, 58, 2, 35, 22),
(126, 'matthew82', 'heathermullins@example.org', 'O5MVB)m4#R', 'Maintain account later live. Possible question seven say. Join key represent affect culture take since. Republican mother as capital most respond your.', '2023-09-21', 25, 212, 108, 14, 4, 93, 9),
(127, 'scott54', 'irodriguez@example.com', 'w8hpP)e5_W', 'Customer such because not job. Reach nature general financial. Blood every billion word fish boy cup stay.
Red any effect what politics drop. Explain brother parent ten civil allow certain necessary.', '2023-10-18', 153, 165, 100, 55, 4, 81, 1),
(128, 'thomaskennedy', 'marc32@example.com', ')5Iq9)Lz)g', 'Feel pretty star perform of. Something action step husband state other bad. Old special cup. Everyone though why.', '2023-07-02', 166, 243, 102, 8, 2, 49, 28),
(129, 'whitneymartin', 'jenniferreyes@example.com', '0DfczwIf$g', 'Term seat use. Wonder military pressure affect.
Positive meeting generation lay hair.
Major treat approach drug night. Believe pull marriage respond so father sport.', '2023-11-04', 52, 183, 109, 54, 7, 48, 19),
(130, 'kwheeler', 'caitlinheath@example.com', 'P5)RZ9Wf^l', 'Suggest tend one where forget poor specific go. Important factor glass seat bed specific boy. Clear weight painting him force spring author better.', '2023-03-28', 147, 187, 101, 19, 2, 49, 12),
(131, 'andrew79', 'harveyemily@example.net', '4eIOiGqd^^', 'Buy success fact tough something moment current information. Suffer science sport office.
Art significant number inside red. Feeling activity reveal here officer such together college.', '2023-10-20', 239, 91, 110, 48, 7, 95, 1),
(132, 'ithornton', 'montgomerycorey@example.com', '(mmrqE7!+9', 'Real safe do late society hotel. Magazine choice attorney chance face.
Defense artist final southern memory piece. Total behavior community. Trade beautiful matter side boy them girl.', '2023-07-11', 102, 55, 101, 28, 5, 33, 27),
(133, 'perezjohn', 'annpadilla@example.org', 'Il4fRgmx#8', 'Forward into their animal. Mother result article available whom care without.
Assume number all. Night section tree ok hundred method take.
Player blood you throw. Picture condition just compare.', '2023-12-01', 5, 228, 106, 17, 2, 80, 17),
(134, 'pattersonjason', 'jessicaburnett@example.net', '*mjx4W0iSp', 'Authority look foreign three fund agreement tonight. Level sell employee which heart recently he source.', '2023-02-02', 179, 107, 100, 12, 6, 33, 9),
(135, 'qfloyd', 'millerrobert@example.com', '2m8*$AGG_2', 'Green despite thought buy item professor. Fly himself threat wish. Very fear country assume staff ago party.', '2023-06-08', 300, 229, 109, 20, 9, 72, 24),
(136, 'jerome42', 'hernandezandrew@example.com', '($6N^wQc+4', 'Seem too throughout mission science gas try. Increase loss public six site sport.
Long indeed first.', '2023-11-19', 289, 163, 104, 21, 8, 27, 15),
(137, 'patricia79', 'ericreynolds@example.org', '(6HlrayBqg', 'Meet program certain former skill force push create. Piece together measure this officer final test it. Ball sound child.', '2023-10-18', 63, 64, 100, 13, 9, 46, 16),
(138, 'evelynbrown', 'dorothyedwards@example.org', 'e90qlXwi&*', 'Organization weight special read. Suggest authority at. Little cultural forward describe.
Avoid alone pressure break tonight unit. Know physical behavior send level industry a.', '2023-02-11', 193, 96, 108, 38, 8, 58, 25),
(139, 'joshua23', 'adam86@example.com', '&AK$eqa4h7', 'Professor sometimes three look what.
Great sound piece. Hit give participant.
Various about right follow. Speak huge same record scientist wrong. Suffer outside then Democrat then call.', '2023-01-30', 186, 96, 105, 25, 8, 32, 14),
(140, 'uperez', 'timothy26@example.org', 'qbr4KJff!t', 'Create she none lay. Cup head push ten war police company. Per discuss include every drop away.
Sell whom debate.', '2023-10-02', 103, 1, 102, 31, 7, 25, 9),
(141, 'velezcourtney', 'christy40@example.com', '@6z5LiepCB', 'State hundred hospital PM week hospital democratic.
Capital bad friend quality. Exactly heavy collection night bit toward.', '2023-11-15', 85, 69, 100, 10, 8, 31, 13),
(142, 'danasmith', 'chubbard@example.org', '7vL9wPT4&g', 'Medical hold paper star particular. Age say smile issue hard. Poor wish board true anyone yet.', '2023-08-30', 24, 189, 100, 14, 7, 64, 14),
(143, 'steven75', 'rsmith@example.net', 'rLi8Wzhua&', 'If send set gas. Court rich sell at discover.
Personal detail go bank PM. Blue face public. Large approach heart prove of himself help.
Lot fine such later.', '2023-02-22', 180, 187, 110, 33, 1, 75, 1),
(144, 'lisa69', 'collinsjohn@example.com', 'w(UbYC(z^6', 'Agree today eye computer capital try choose. Join certainly different huge.
How order deep decade most rate. Big show that bank.', '2023-10-25', 49, 249, 109, 9, 8, 16, 15),
(145, 'elizabeth09', 'burgesskimberly@example.net', '^a4cZ$Ex0u', 'On member often future perhaps. Save range rather enjoy various class.
Ten pressure whole. Cold operation sport run.', '2023-05-17', 273, 103, 105, 37, 2, 30, 22),
(146, 'warrenroy', 'shawnkirk@example.org', 'B*OH7FNO)t', 'National firm rule plant bank possible meet music. Safe pay main keep leg claim environmental politics.
Here score himself place late collection. Talk section structure fast.', '2023-08-02', 178, 68, 104, 23, 7, 94, 21),
(147, 'james08', 'jamesthompson@example.org', 'O%8IvCvJF*', 'Blood finally according media case serious million raise. Coach pattern everyone bag. Teacher during identify certainly probably single.
Provide down office own. Together group watch before.', '2023-11-12', 185, 156, 102, 27, 6, 30, 6),
(148, 'michelleosborn', 'toni66@example.net', '#xXhPPsU40', 'Low part financial result himself two. Everybody serve cut decision partner these read then. Pressure none each step produce audience system already.', '2023-12-27', 118, 139, 110, 54, 7, 99, 14),
(149, 'noah92', 'handerson@example.org', '+22HnVgt%r', 'What fill professional forward. Interest lay plant then service inside. It decision evening civil let court effort have.
We they rule Republican near light. Off build per thing sell your space.', '2023-07-17', 289, 85, 105, 35, 5, 64, 24),
(150, 'csimmons', 'drobinson@example.org', 'sY_c7Vog@J', 'Go scientist check beautiful political up score. Dream mind cut assume water rule crime.
Reduce improve these. Too law example clearly necessary actually use. Indicate value will Democrat value.', '2023-12-23', 11, 163, 109, 60, 4, 84, 23)

-- Annonce concert 
INSERT INTO Annonce_Concert (Annonce_Id, Utilisateur_Id, Concert_Id, Date_annonce) VALUES
(1, 126, 23, '2023-09-22'),
(2, 94, 37, '2025-06-13'),
(3, 79, 40, '2026-08-02'),
(4, 93, 23, '2026-08-31'),
(5, 109, 24, '2024-05-26'),
(6, 96, 42, '2024-08-14'),
(7, 4, 50, '2026-01-07'),
(8, 27, 30, '2024-01-04'),
(9, 102, 42, '2027-12-12'),
(10, 34, 30, '2023-12-02'),
(11, 6, 6, '2023-06-29'),
(12, 146, 34, '2024-01-05'),
(13, 113, 15, '2025-10-14'),
(14, 53, 28, '2023-12-05'),
(15, 8, 4, '2025-12-23'),
(16, 90, 12, '2024-01-06'),
(17, 66, 48, '2025-11-02'),
(18, 59, 15, '2023-12-13'),
(19, 91, 46, '2023-08-28'),
(20, 71, 28, '2023-06-14'),
(21, 75, 26, '2025-04-14'),
(22, 48, 14, '2023-08-25'),
(23, 22, 59, '2023-09-17'),
(24, 58, 12, '2025-12-07'),
(25, 91, 23, '2025-09-10')

-- Relation 
INSERT INTO Relation (Relation_ID, User1) VALUES
(1, 37),
(2, 86),
(3, 138),
(4, 68),
(5, 4),
(6, 3),
(7, 82),
(8, 121),
(9, 81),
(10, 105),
(11, 77),
(12, 99),
(13, 114),
(14, 83),
(15, 76),
(16, 47),
(17, 105),
(18, 109),
(19, 14),
(20, 54),
(21, 86),
(22, 60),
(23, 138),
(24, 94),
(25, 92),
(26, 38),
(27, 20),
(28, 125),
(29, 124),
(30, 44),
(31, 33),
(32, 125),
(33, 132),
(34, 55),
(35, 118),
(36, 26),
(37, 139),
(38, 73),
(39, 35),
(40, 138),
(41, 138),
(42, 34),
(43, 82),
(44, 38),
(45, 116),
(46, 76),
(47, 56),
(48, 58),
(49, 125),
(50, 101),
(51, 49),
(52, 104),
(53, 77),
(54, 98),
(55, 112),
(56, 100),
(57, 97),
(58, 72),
(59, 126),
(60, 127),
(61, 70),
(62, 37),
(63, 73),
(64, 24),
(65, 69),
(66, 105),
(67, 83),
(68, 124),
(69, 39),
(70, 118),
(71, 120),
(72, 83),
(73, 74),
(74, 132),
(75, 88),
(76, 134),
(77, 41),
(78, 104),
(79, 32),
(80, 19),
(81, 75),
(82, 31),
(83, 4),
(84, 58),
(85, 29),
(86, 105),
(87, 46),
(88, 129),
(89, 37),
(90, 92),
(91, 32),
(92, 79),
(93, 47),
(94, 32),
(95, 18),
(96, 71),
(97, 107),
(98, 19),
(99, 69),
(100, 80)

-- Follower
INSERT INTO Follower (Utilisateur_Id, Relation_ID) VALUES
(128, 1),
(129, 2),
(53, 3),
(99, 4),
(33, 5),
(75, 6),
(13, 7),
(106, 8),
(41, 9),
(67, 10),
(100, 11),
(97, 12),
(127, 13),
(28, 14),
(115, 15),
(6, 16),
(31, 17),
(54, 18),
(33, 19),
(74, 20),
(119, 21),
(58, 22),
(28, 23),
(39, 24),
(50, 25),
(93, 26),
(9, 27),
(114, 28),
(142, 29),
(82, 30),
(25, 31),
(69, 32),
(141, 33),
(142, 34),
(9, 35),
(30, 36),
(3, 37),
(5, 38),
(84, 39),
(52, 40),
(150, 41),
(85, 42),
(52, 43),
(109, 44),
(90, 45),
(35, 46),
(113, 47),
(18, 48),
(103, 49),
(104, 50),
(117, 51),
(87, 52),
(55, 53),
(93, 54),
(27, 55),
(125, 56),
(132, 57),
(69, 58),
(68, 59),
(67, 60),
(61, 61),
(80, 62),
(50, 63),
(10, 64),
(7, 65),
(41, 66),
(65, 67),
(21, 68),
(66, 69),
(121, 70),
(83, 71),
(136, 72),
(26, 73),
(109, 74),
(31, 75),
(71, 76),
(52, 77),
(137, 78),
(94, 79),
(34, 80),
(113, 81),
(80, 82),
(128, 83),
(141, 84),
(35, 85),
(132, 86),
(26, 87),
(147, 88),
(81, 89),
(3, 90),
(53, 91),
(32, 92),
(58, 93),
(62, 94),
(33, 95),
(14, 96),
(38, 97),
(39, 98),
(9, 99)


-- Amis 
INSERT INTO Amis (Utilisateur_Id, Relation_ID) VALUES
(146, 1),
(147, 2),
(64, 3),
(23, 4),
(109, 5),
(65, 6),
(132, 7),
(56, 8),
(32, 9),
(37, 10),
(142, 11),
(141, 12),
(79, 13),
(12, 14),
(79, 15),
(16, 16),
(5, 17),
(77, 18),
(87, 19),
(14, 20),
(16, 21),
(103, 22),
(101, 23),
(57, 24),
(39, 25),
(69, 26),
(56, 27),
(9, 28),
(74, 29),
(134, 30),
(49, 31),
(94, 32),
(24, 33),
(107, 34),
(19, 35),
(103, 36),
(149, 37),
(2, 38),
(103, 39),
(24, 40),
(150, 41),
(118, 42),
(16, 43),
(137, 44),
(50, 45),
(38, 46),
(111, 47),
(16, 48),
(49, 49),
(42, 50),
(88, 51),
(3, 52),
(4, 53),
(10, 54),
(64, 55),
(48, 56),
(10, 57),
(105, 58),
(59, 59),
(149, 60),
(43, 61),
(71, 62),
(11, 63),
(137, 64),
(117, 65),
(137, 66),
(31, 67),
(56, 68),
(106, 69),
(84, 70),
(96, 71),
(24, 72),
(8, 73),
(121, 74),
(74, 75),
(124, 76),
(114, 77),
(145, 78),
(37, 79),
(117, 80),
(28, 81),
(20, 82),
(44, 83),
(81, 84),
(78, 85),
(26, 86),
(45, 87),
(105, 88),
(74, 89),
(103, 90),
(107, 91),
(47, 92),
(56, 93),
(86, 94),
(35, 95),
(148, 96),
(6, 97),
(19, 98),
(6, 99)

-- Tag
INSERT INTO Tag (Tag_Id, Mot) VALUES
(1, 'beautiful'),
(2, 'over'),
(3, 'affect'),
(4, 'nice'),
(5, 'matter'),
(6, 'though'),
(7, 'skill'),
(8, 'laugh'),
(9, 'heavy'),
(10, 'nearly'),
(11, 'expect'),
(12, 'sea'),
(13, 'you'),
(14, 'viral'),
(15, 'issue'),
(16, 'teacher'),
(17, 'whose'),
(18, 'cut'),
(19, 'decide'),
(20, 'apply'),
(21, 'probably'),
(22, 'this'),
(23, 'paris'),
(24, 'away'),
(25, 'lucky'),
(26, 'charge'),
(27, 'hold'),
(28, 'europe'),
(29, 'through'),
(30, 'chair'),
(31, 'table'),
(32, 'have'),
(33, 'her'),
(34, 'pretty'),
(35, 'east'),
(36, 'foreign'),
(37, 'movement'),
(38, 'end'),
(39, 'france'),
(40, 'himself'),
(41, 'specific'),
(42, 'chance'),
(43, 'military'),
(44, 'catch'),
(45, 'usually'),
(46, 'hard'),
(47, 'or'),
(48, 'want'),
(49, 'member'),
(50, 'form')

-- Utilisateur_MsgPV;
INSERT INTO Uti_MP (Utilisateur_Id, Message_ID) VALUES
(49, 62),
(79, 95),
(140, 144),
(147, 101),
(90, 13),
(6, 117),
(130, 42),
(73, 150),
(103, 125),
(38, 111),
(81, 44),
(50, 73),
(86, 21),
(140, 132),
(49, 50),
(120, 4),
(129, 57),
(8, 74),
(106, 85),
(116, 144),
(101, 128),
(148, 129),
(136, 107),
(54, 143),
(1, 106),
(120, 47),
(63, 140),
(71, 133),
(9, 139),
(149, 58),
(70, 83),
(24, 67),
(95, 59),
(50, 36),
(78, 59),
(33, 10),
(22, 126),
(81, 79),
(58, 34),
(115, 57),
(3, 42),
(96, 138),
(41, 142),
(128, 137),
(86, 136),
(33, 49),
(107, 47),
(106, 11),
(79, 40),
(8, 49),
(12, 80),
(148, 77),
(8, 90),
(56, 13),
(126, 41),
(110, 56),
(23, 123),
(103, 54),
(143, 20),
(12, 87),
(23, 134),
(111, 67),
(138, 76),
(150, 67),
(6, 97),
(80, 16),
(48, 9),
(89, 103),
(45, 137),
(20, 17),
(129, 93),
(84, 149),
(65, 20),
(114, 83),
(29, 57),
(16, 80),
(126, 8),
(100, 134),
(17, 117),
(97, 130),
(150, 6),
(148, 138),
(123, 62),
(111, 132),
(113, 48),
(86, 150),
(135, 86),
(102, 146),
(78, 32),
(61, 42),
(142, 134),
(83, 63),
(56, 55),
(30, 54),
(12, 90),
(107, 77),
(103, 70),
(132, 45),
(78, 19),
(90, 140),
(10, 82),
(96, 145),
(78, 117),
(104, 50),
(120, 88),
(138, 131),
(107, 78),
(125, 128),
(81, 118),
(119, 118),
(50, 16),
(43, 45),
(108, 19),
(22, 26),
(36, 105),
(75, 118),
(91, 83),
(62, 120),
(103, 87),
(119, 67),
(32, 90),
(8, 17),
(61, 87),
(39, 63),
(128, 94),
(4, 146),
(4, 67),
(13, 16),
(70, 116),
(13, 65),
(47, 42),
(29, 19),
(57, 108),
(94, 72),
(87, 13),
(27, 84),
(147, 124),
(120, 43),
(57, 138),
(68, 30),
(52, 72),
(29, 108),
(63, 149),
(88, 87),
(134, 77),
(23, 104),
(43, 30),
(121, 50),
(73, 96),
(26, 79)

-- Utilisateur_Suggestion
INSERT INTO Uti_Sugg (Utilisateur_Id, Suggestion_ID) VALUES
(117, 24),
(46, 20),
(146, 17),
(29, 47),
(149, 28),
(91, 23),
(10, 41),
(132, 47),
(5, 7),
(129, 21),
(143, 9),
(87, 29),
(21, 40),
(26, 19),
(112, 29),
(108, 9),
(57, 32),
(103, 26),
(15, 38),
(98, 3),
(79, 3),
(44, 46),
(117, 8),
(116, 40),
(65, 13),
(89, 5),
(52, 29),
(57, 15),
(141, 39),
(5, 38),
(87, 18),
(78, 24),
(5, 8),
(82, 41),
(136, 8),
(95, 15),
(134, 13),
(124, 44),
(36, 31),
(105, 11),
(4, 22),
(35, 40),
(64, 11),
(62, 7),
(49, 39),
(23, 23),
(15, 36),
(147, 43),
(131, 38),
(109, 40),
(117, 23),
(76, 41),
(92, 14),
(46, 34),
(118, 21),
(41, 28),
(88, 28),
(106, 13),
(98, 38),
(78, 45),
(83, 13),
(137, 3),
(113, 31),
(83, 47),
(120, 32),
(1, 43),
(70, 10),
(91, 4),
(94, 49),
(139, 17),
(25, 14),
(85, 25),
(150, 43),
(86, 4),
(65, 38),
(91, 13),
(50, 4),
(132, 8),
(55, 17),
(51, 48),
(132, 4),
(149, 50),
(16, 26),
(141, 15),
(117, 17),
(15, 18),
(100, 43),
(63, 47),
(33, 15),
(19, 33),
(7, 44),
(132, 33),
(66, 15),
(67, 36),
(112, 46),
(145, 27),
(79, 9),
(46, 10),
(1, 40),
(71, 45),
(139, 24),
(98, 26),
(87, 4),
(128, 30),
(82, 12),
(89, 34),
(92, 8),
(95, 32),
(69, 12),
(1, 6),
(93, 20),
(37, 45),
(80, 23),
(102, 31),
(38, 6),
(20, 2),
(20, 31),
(145, 8),
(127, 47),
(122, 9),
(8, 31),
(111, 41),
(47, 38),
(118, 26),
(21, 15),
(11, 37),
(146, 30),
(101, 8),
(136, 20),
(9, 33),
(112, 15),
(21, 3),
(102, 2),
(66, 3),
(104, 2),
(28, 38),
(10, 20),
(66, 6),
(2, 38),
(66, 32),
(144, 42),
(143, 18),
(133, 17),
(96, 17),
(105, 23),
(36, 46),
(39, 19),
(21, 23),
(6, 15),
(51, 26)


-- Tag_Lieu
INSERT INTO Tag_Lieu (Tag_Id, Lieu_ID) VALUES
(28, 10),
(8, 3),
(14, 2),
(21, 4),
(7, 4),
(30, 10),
(4, 4),
(30, 7),
(27, 10),
(30, 5),
(6, 8),
(8, 9),
(6, 10),
(23, 1),
(20, 6),
(28, 8),
(29, 9),
(30, 1),
(10, 6),
(14, 10),
(28, 9),
(23, 5),
(3, 4),
(9, 9),
(15, 7),
(5, 10),
(19, 1),
(24, 3),
(1, 5),
(7, 4)

-- Avis_morceau 
INSERT INTO Avis_Morceau (Avis_Id, Morceau_ID) VALUES
(44, 15),
(25, 4),
(23, 82),
(27, 71),
(10, 94),
(42, 54),
(57, 100),
(36, 23),
(21, 15),
(36, 64),
(19, 71),
(43, 27),
(20, 26),
(13, 57),
(31, 93),
(43, 3),
(31, 80),
(40, 78),
(2, 13),
(50, 18),
(55, 65),
(66, 26),
(9, 51),
(24, 92),
(69, 24),
(8, 17),
(63, 20),
(42, 86),
(54, 30),
(33, 52)

-- Avis_artiste
INSERT INTO Avis_Artiste (Avis_Id, Artistes_ID) VALUES
(34, 18),
(26, 8),
(47, 26),
(42, 28),
(12, 9),
(51, 12),
(30, 8),
(57, 23),
(41, 19),
(61, 25),
(65, 13),
(26, 26),
(7, 2),
(31, 21),
(59, 10),
(42, 14),
(51, 30),
(61, 19),
(66, 21),
(5, 1),
(35, 27),
(32, 26),
(13, 10),
(35, 21),
(9, 1),
(30, 9),
(32, 6),
(22, 5),
(43, 3),
(51, 9)

-- Tag_Concert
INSERT INTO Tag_Concert (Tag_Id, Concert_ID) VALUES
(21, 13),
(3, 16),
(9, 46),
(24, 6),
(14, 24),
(28, 42),
(6, 36),
(10, 37),
(15, 11),
(7, 45),
(29, 38),
(6, 34),
(10, 21),
(11, 27),
(30, 42),
(11, 55),
(26, 17),
(25, 38),
(3, 45),
(10, 3),
(15, 5),
(17, 26),
(23, 45),
(7, 51),
(7, 34),
(19, 43),
(30, 53),
(29, 8),
(8, 59),
(20, 33)

-- Tag_Artistes
INSERT INTO Tag_Artistes (Tag_Id, Artistes_ID) VALUES
(7, 10),
(26, 6),
(23, 7),
(15, 2),
(15, 22),
(18, 22),
(6, 21),
(23, 10),
(23, 6),
(22, 26),
(21, 13),
(14, 20),
(7, 21),
(8, 16),
(20, 25),
(3, 18),
(30, 17),
(10, 25),
(19, 18),
(21, 12),
(14, 18),
(18, 18),
(14, 24),
(18, 19),
(30, 3),
(11, 7),
(15, 28),
(23, 24),
(24, 9),
(7, 15)

-- Tag_Playlist
INSERT INTO Tag_Playlist (Tag_Id, Playlist_ID) VALUES
(10, 12),
(5, 24),
(14, 24),
(17, 21),
(3, 21),
(1, 23),
(25, 26),
(4, 11),
(3, 25),
(11, 1),
(27, 7),
(22, 27),
(3, 24),
(7, 10),
(2, 9),
(2, 8),
(7, 16),
(22, 13),
(30, 25),
(16, 20),
(22, 9),
(20, 25),
(29, 22),
(23, 1),
(9, 5),
(10, 15),
(1, 24),
(29, 19),
(25, 22),
(11, 30)

-- Tag_Avis
INSERT INTO Tag_Avis (Tag_Id, Avis_ID) VALUES
(22, 37),
(9, 31),
(5, 15),
(2, 2),
(26, 11),
(12, 53),
(23, 32),
(19, 24),
(2, 27),
(15, 20),
(24, 22),
(19, 45),
(6, 14),
(12, 48),
(20, 3),
(10, 5),
(24, 35),
(16, 44),
(30, 61),
(12, 17),
(14, 19),
(30, 65),
(29, 55),
(21, 9),
(19, 20),
(16, 17),
(18, 5),
(8, 50),
(27, 70),
(15, 33)

-- Tag_Lieu 
INSERT INTO Tag_Lieu (Tag_Id, Lieu_ID) VALUES
(28, 10),
(8, 3),
(14, 2),
(21, 4),
(7, 4),
(30, 10),
(4, 4),
(30, 7),
(27, 10),
(30, 5),
(6, 8),
(8, 9),
(6, 10),
(23, 1),
(20, 6),
(28, 8),
(29, 9),
(30, 1),
(10, 6),
(14, 10),
(28, 9),
(23, 5),
(3, 4),
(9, 9),
(15, 7),
(5, 10),
(19, 1),
(24, 3),
(1, 5),
(7, 4)

