-- Database: BDD_beat_brew

DROP DATABASE IF EXISTS "BDD_music";

CREATE DATABASE "BDD_music"
    WITH
    OWNER = postgres
    ENCODING = 'UTF8'
    LC_COLLATE = 'C'
    LC_CTYPE = 'C'
    TABLESPACE = pg_default
    CONNECTION LIMIT = -1
    IS_TEMPLATE = False;
	
-- PARTIE 1) Création des tables 

--DROP TABLE IF EXISTS Historique;
CREATE TABLE IF NOT EXISTS Historique (
    Historique_ID SERIAL PRIMARY KEY,
    Type VARCHAR(100) NOT NULL CHECK (Type IN ('Connexion', 'Déconnexion', 'Modification de Profil', 'Création', 'Lecture', 'Mise à Jour', 'Suppression', 'Ajout Ami', 'Suppression Ami', 'Abonnement', 'Désabonnement', 'Publication', 'Modification de Publication', 'Suppression de Publication', 'Commentaire', 'Like', 'Partage', 'Création de Groupe', 'Rejoindre un Groupe', 'Quitter un Groupe', 'Envoi de Message Privé', 'Réception de Message Privé', 'Lecture de Message Privé', 'Création de Playlist', 'Modification de Playlist', 'Suppression de Playlist')),
    Date DATE NOT NULL
);

--DROP TABLE IF EXISTS Publication;
CREATE TABLE IF NOT EXISTS Publication (
  Publication_ID SERIAL PRIMARY KEY,
  Date DATE NOT NULL
);

--DROP TABLE IF EXISTS Message_Prive;
CREATE TABLE IF NOT EXISTS Message_Prive (
    Message_ID SERIAL PRIMARY KEY,
    Destinataire_pseudo VARCHAR(50),
    Contenu TEXT,
    Date TIMESTAMP,
    Etat VARCHAR(10) CHECK (Etat IN ('distribue', 'lu'))
);

--DROP TABLE IF EXISTS Suggestion; 
CREATE TABLE IF NOT EXISTS Suggestion (
  Suggestion_ID SERIAL PRIMARY KEY,
  Type VARCHAR(200) CHECK (Type IN (
    'Suggestion Ami',
    'Suggestion de Contenu',
    'Suggestion de Groupe',
    'Suggestion de Playlist',
    'Suggestion musicale',
    'Suggestion amis en fonction des intérêts communs',
    'Suggestion de groupes en fonction des genres musicaux préférés',
    'Suggestion amis basée sur des amis communs',
    'Suggestion de groupes basée sur des membres amis',
    'Suggestion de contenu basée sur les publications précédentes',
    'Suggestion de playlists basée sur les habitudes écoute',
    'Suggestion événement/concert basée sur les préférences musicales',
    'Suggestion de groupes participant à des événements'
  )),
  Date DATE
);

--DROP TABLE IF EXISTS Association; 
CREATE TABLE IF NOT EXISTS Association (
  Association_ID SERIAL PRIMARY KEY,
  Nom VARCHAR(100),
  Site_web VARCHAR(200),
  UNIQUE (Nom, Site_web)
);

--DROP TABLE IF EXISTS Artistes; 
CREATE TABLE IF NOT EXISTS Artistes (
  Artistes_ID SERIAL PRIMARY KEY,
  Nom VARCHAR(100),
  Genre VARCHAR(100), 
  Nb_Membres INTEGER, 
  UNIQUE (Nom, genre, Nb_Membres)
);

--DROP TABLE IF EXISTS Personne; 
CREATE TABLE IF NOT EXISTS Personne (
  Personne_ID SERIAL PRIMARY KEY,
  Age INTEGER NOT NULL,
  Genre CHAR(1),
  Nationnalite VARCHAR(100)
);

--DROP TABLE IF EXISTS Playlist;
CREATE TABLE IF NOT EXISTS Playlist (
  Playlist_ID SERIAL PRIMARY KEY,
  Nom VARCHAR(100),
  IsGroupe BOOLEAN NOT NULL ,
  Nb_morceau INTEGER CHECK (Nb_morceau >= 0 AND Nb_morceau <= 20) NOT NULL,
  Artistes_ID INTEGER REFERENCES Artistes(Artistes_ID) 
);

--DROP TABLE IF EXISTS Morceau;
CREATE TABLE IF NOT EXISTS Morceau (
  Morceau_Id SERIAL PRIMARY KEY,
  Titre VARCHAR(100) NOT NULL,
  Nom_album VARCHAR(100) NULL,
  Genre VARCHAR(50)
);

--DROP TABLE IF EXISTS PlaylistMorceau;
CREATE TABLE IF NOT EXISTS PlaylistMorceau (
  Playlist_Id INTEGER REFERENCES Playlist(Playlist_Id),
  Morceau_Id INTEGER REFERENCES Morceau(Morceau_Id),
  PRIMARY KEY (Playlist_Id, Morceau_Id)
);

--DROP TABLE IF EXISTS Avis;
CREATE TABLE IF NOT EXISTS Avis (
  Avis_ID SERIAL PRIMARY KEY,
  Note INTEGER CHECK (Note >= 0 AND Note <= 10) NOT NULL,
  Commentaire TEXT, 
  Pseudo VARCHAR(200), 
  Date DATE NOT NULL,
  Tags VARCHAR(100) NULL
);

--DROP TABLE IF EXISTS Lieu; 
CREATE TABLE IF NOT EXISTS Lieu (
  Lieu_ID SERIAL PRIMARY KEY,
  Nom VARCHAR(100) NOT NULL,
  Adresse TEXT UNIQUE NOT NULL,
  Avis_ID INTEGER REFERENCES Avis(Avis_ID),
  UNIQUE (Nom, Adresse)
);

--DROP TABLE IF EXISTS Concert;
CREATE TABLE IF NOT EXISTS Concert (
  Concert_Id SERIAL PRIMARY KEY,
  Nom VARCHAR(60),
  Date DATE,
  Organisateurs VARCHAR(100),
  "Line-up" VARCHAR(255),
  Nombre_places INTEGER,
  Cause_soutien BOOLEAN,
  Espace_exterieur BOOLEAN, 
  Enfants_permis BOOLEAN,
  Prix DECIMAL(10, 2),
  Nb_volontaires INTEGER,
  ID_Lieu INTEGER REFERENCES Lieu(Lieu_ID)
);

--DROP TABLE IF EXISTS Archive; 
-- Créer une fonction pour vérifier la contrainte 
CREATE OR REPLACE FUNCTION check_archive_date()
RETURNS TRIGGER AS $$
BEGIN
  IF NEW.Date_archivage < (SELECT "Date" FROM Concert WHERE Concert_Id = NEW.Concert_Id) THEN
    RAISE EXCEPTION 'Date_archivage must be greater than or equal to Concert."Date"';
  END IF;
  RETURN NEW;
END;
$$ LANGUAGE plpgsql;

-- Créer un déclencheur avant l'insertion dans CArchive
CREATE TRIGGER check_archive_date_trigger
BEFORE INSERT ON Archive
FOR EACH ROW EXECUTE FUNCTION check_archive_date();

-- Table Archive 
CREATE TABLE IF NOT EXISTS Archive (
  Archive_Id SERIAL PRIMARY KEY,
  Concert_Id INTEGER REFERENCES Concert(Concert_Id),
  Date_archivage DATE,
  Nb_participants INTEGER,
  Avis_participants TEXT,
  Photo_path VARCHAR(255),
  Video_path VARCHAR(255),
  Avis_ID INTEGER REFERENCES Avis(Avis_ID)
);

--DROP TABLE IF EXISTS Participe
CREATE TABLE IF NOT EXISTS Participe (
  Concert_ID INTEGER REFERENCES Concert(Concert_ID),
  Personne_ID INTEGER REFERENCES Personne(Personne_ID),
  PRIMARY KEY (Concert_ID, Personne_ID)
);

--DROP TABLE IF EXISTS Interet;
CREATE TABLE IF NOT EXISTS Interet (
  Concert_ID INTEGER REFERENCES Concert(Concert_ID),
  Personne_ID INTEGER REFERENCES Personne(Personne_ID),
  PRIMARY KEY (Concert_ID, Personne_ID)
);

--DROP TABLE IF EXISTS Utilisateur;
CREATE TABLE IF NOT EXISTS Utilisateur (
    Utilisateur_ID SERIAL PRIMARY KEY,
    Pseudo VARCHAR(30),
    Email VARCHAR,
    Password VARCHAR,
    Biographie TEXT,
    Date_inscription DATE,
    Historique_Id INTEGER REFERENCES Historique(Historique_ID),
	Publication_Id INTEGER REFERENCES Publication(Publication_ID),
	Association_Id INTEGER REFERENCES Association(Association_ID),
	Personne_Id INTEGER REFERENCES Personne(Personne_ID), 
	Lieu_Id INTEGER REFERENCES Lieu(Lieu_ID), 
	Artistes_Id INTEGER REFERENCES Artistes(Artistes_ID),
	Playlist_Id INTEGER REFERENCES Playlist(Playlist_ID),
	UNIQUE (Pseudo, email, password)
);

--DROP TABLE IF EXISTS Annonce_Concert;
CREATE TABLE IF NOT EXISTS Annonce_Concert (
  Annonce_Id SERIAL PRIMARY KEY,
  Utilisateur_Id INTEGER REFERENCES Utilisateur(Utilisateur_ID),
  Concert_Id INTEGER REFERENCES Concert(Concert_Id),
  Date_annonce DATE
);

--DROP TABLE IF EXISTS Relation; 
CREATE TABLE IF NOT EXISTS Relation(
  Relation_ID SERIAL PRIMARY KEY,
  User1 INTEGER 
);

--DROP TABLE IF EXISTS Follower; 
CREATE TABLE IF NOT EXISTS Follower(
  Utilisateur_Id INTEGER REFERENCES Utilisateur(Utilisateur_ID),
  Relation_ID INTEGER REFERENCES  Relation(Relation_ID)
);

--DROP TABLE IF EXISTS Amis; 
CREATE TABLE IF NOT EXISTS Amis(
  Utilisateur_Id INTEGER REFERENCES Utilisateur(Utilisateur_ID),
  Relation_ID INTEGER REFERENCES  Relation(Relation_ID)
);

--DROP TABLE IF EXISTS Tag;
CREATE TABLE IF NOT EXISTS Tag (
  Tag_Id SERIAL PRIMARY KEY,
  Mot VARCHAR(100) NOT NULL UNIQUE
);

--DROP TABLE IF EXISTS Uti_MP;
CREATE TABLE IF NOT EXISTS Uti_MP (
  Utilisateur_Id INTEGER REFERENCES Utilisateur(Utilisateur_ID),
  Message_ID INTEGER REFERENCES  Message_Prive(Message_ID)
);

--DROP TABLE IF EXISTS Uti_Sugg;
CREATE TABLE IF NOT EXISTS Uti_Sugg (
  Utilisateur_Id INTEGER REFERENCES Utilisateur(Utilisateur_ID),
  Suggestion_ID INTEGER REFERENCES  Suggestion(Suggestion_ID)
);

--DROP TABLE IF EXISTS Avis_Artiste;
CREATE TABLE IF NOT EXISTS Avis_Artiste (
  Avis_Id INTEGER REFERENCES Avis(Avis_ID),
  Artistes_ID INTEGER REFERENCES Artistes(Artistes_ID)
);

--DROP TABLE IF EXISTS Avis_Morceau;
CREATE TABLE IF NOT EXISTS Avis_Morceau (
  Avis_Id INTEGER REFERENCES Avis(Avis_ID),
  Morceau_ID INTEGER REFERENCES Morceau(Morceau_Id)
);

--DROP TABLE IF EXISTS Tag_Lieu;
CREATE TABLE IF NOT EXISTS Tag_Lieu (
  Tag_Id INTEGER REFERENCES Tag(Tag_Id),
  Lieu_ID INTEGER REFERENCES Lieu(Lieu_ID)
);

--DROP TABLE IF EXISTS Tag_Concert;
CREATE TABLE IF NOT EXISTS Tag_Concert(
  Tag_Id INTEGER REFERENCES Tag(Tag_Id),
  Concert_ID INTEGER REFERENCES Concert(Concert_Id)
);

--DROP TABLE IF EXISTS Tag_Artistes;
CREATE TABLE IF NOT EXISTS Tag_Artistes(
  Tag_Id INTEGER REFERENCES Tag(Tag_Id),
  Artistes_ID INTEGER REFERENCES Artistes(Artistes_ID)
);

--DROP TABLE IF EXISTS Tag_Playlist;
CREATE TABLE IF NOT EXISTS Tag_Playlist(
  Tag_Id INTEGER REFERENCES Tag(Tag_Id),
  Playlist_ID INTEGER REFERENCES Playlist(Playlist_ID)
);

--DROP TABLE IF EXISTS Tag_Avis;
CREATE TABLE IF NOT EXISTS Tag_Avis(
  Tag_Id INTEGER REFERENCES Tag(Tag_Id),
  Avis_ID INTEGER REFERENCES Avis(Avis_ID)
);

SELECT * FROM Tag_Avis ;

-- PARTIE 2) Ajout données 

-- Follower
INSERT INTO Follower (Utilisateur_Id, Relation_ID) VALUES
(26, 1),
(42, 2),
(124, 3),
(129, 4),
(131, 5),
(75, 6),
(27, 7),
(28, 8),
(21, 9),
(2, 10),
(55, 11),
(12, 12),
(48, 13),
(10, 14),
(64, 15),
(31, 16),
(52, 17),
(123, 18),
(69, 19),
(7, 20),
(37, 21),
(110, 22),
(12, 23),
(121, 24),
(140, 25),
(106, 26),
(91, 27),
(47, 28),
(112, 29),
(131, 30),
(29, 31),
(25, 32),
(65, 33),
(136, 34),
(68, 35),
(110, 36),
(138, 37),
(113, 38),
(137, 39),
(41, 40),
(80, 41),
(122, 42),
(111, 43),
(65, 44),
(54, 45),
(45, 46),
(46, 47),
(28, 48),
(123, 49),
(38, 50),
(43, 51),
(129, 52),
(147, 53),
(147, 54),
(28, 55),
(117, 56),
(90, 57),
(90, 58),
(92, 59),
(82, 60),
(104, 61),
(40, 62),
(85, 63),
(2, 64),
(12, 65),
(120, 66),
(62, 67),
(38, 68),
(4, 69),
(117, 70),
(116, 71),
(112, 72),
(121, 73),
(114, 74),
(18, 75),
(23, 76),
(81, 77),
(52, 78),
(122, 79),
(110, 80),
(86, 81),
(132, 82),
(8, 83),
(73, 84),
(104, 85),
(90, 86),
(119, 87),
(59, 88),
(99, 89),
(115, 90),
(32, 91),
(88, 92),
(145, 93),
(128, 94),
(59, 95),
(103, 96),
(25, 97),
(114, 98),
(111, 99);

-- Message_Prive
INSERT INTO Message_Prive (Message_ID, Destinataire_pseudo, Contenu, Date, Etat) VALUES
(1, 'tsmith', 'Set evidence television cold increase.
Reduce happen shake candidate. Law relationship market TV security theory try.', '2020-09-15 04:10:50', 'distribue'),
(2, 'bethanybates', 'Could strong measure shake recently ball society. Finish would down read reason. Professor nor hundred.
Market book too argue. Tv final stay hold large actually.', '2023-07-19 01:32:08', 'distribue'),
(3, 'powellkarl', 'Congress visit owner style board. Huge a science back out same effort. Me upon score mother believe.
Center sea by phone year give citizen. Various two yet partner. Executive else task.', '2019-07-18 20:32:39', 'lu'),
(4, 'scott80', 'Represent term system someone pass yeah. Career month strong mouth low up win. Election onto song grow establish technology right.', '2022-10-14 02:47:32', 'distribue'),
(5, 'jcastillo', 'Four may your impact. Law public like particular camera all model.
Pattern up wear culture.
Base anything dark strategy time laugh. Right few operation remain north election notice.', '2020-06-02 06:44:06', 'distribue'),
(6, 'morganquinn', 'Hair mission member world material meeting. Over turn government identify deep special. Sort wait while charge whole. To again despite across personal edge.', '2023-08-29 17:19:27', 'lu'),
(7, 'johnsontiffany', 'Outside factor gas. Eye network if recent probably success.', '2017-08-05 01:30:40', 'distribue'),
(8, 'allison06', 'None million too personal record serious pass toward. Group budget inside husband bit scientist. Put media group pay seven throw.', '2018-10-05 15:31:57', 'lu'),
(9, 'juan09', 'Measure center finally civil discover head. Seem heavy hard exist. Mrs rich fire fast.', '2017-02-19 00:20:42', 'distribue'),
(10, 'vgreen', 'Skill man way college strategy science discussion spend. Fine toward memory lawyer way since.
Read kind you leg. I feel small four.', '2021-11-18 00:09:19', 'distribue'),
(11, 'charleswells', 'College write own anything street allow. Occur present themselves share catch. Figure arm some write.', '2022-06-30 09:23:56', 'lu'),
(12, 'anthony35', 'Heart early receive PM worker care them. Page performance important door that fall reveal.', '2016-09-17 06:23:32', 'distribue'),
(13, 'briana90', 'Old raise maintain whose. Player pretty provide season month black her.
New important research candidate sell type. Morning single page have than. Today science with.', '2015-03-26 04:32:45', 'distribue'),
(14, 'stephen72', 'Form expert Mrs. Who PM dog many.', '2021-04-08 20:04:51', 'distribue'),
(15, 'lbarker', 'From blood military once call middle stage. Cell kitchen watch if result western cultural.
Billion ability know goal big seven support. But scientist home recently.', '2022-11-04 11:41:18', 'distribue'),
(16, 'garciamichael', 'Own defense must action other as.
Eat I result director capital ask. Should yeah behavior mouth.
House language could. International ever song address. Notice poor race discussion policy against.', '2021-04-25 05:37:29', 'distribue'),
(17, 'hchapman', 'Fish happen free. Without garden control clear suffer method. Fund current box statement.
Huge whose within result specific rise scientist administration.', '2015-12-16 01:20:13', 'lu'),
(18, 'ywilson', 'Name region somebody soldier across light off.
Director care establish may other space rest test.', '2019-08-26 16:16:06', 'distribue'),
(19, 'bryan36', 'Family trouble general stuff rich financial west character. Task attention buy than half. Short rule decade relationship get against significant court. Anything tend PM instead.', '2017-12-27 23:28:23', 'distribue'),
(20, 'rwu', 'If card action rate. Term upon recognize study smile scene store. Fish beyond sign approach somebody.
Check able whom size.
Receive none eye section involve head.', '2023-05-09 13:29:48', 'lu'),
(21, 'rebeccaroberts', 'Forward real girl still. Point hold wear yes you. Team character subject wife.
And other nearly join.
Source size fast positive. As we see your necessary early. Stay trouble matter that.', '2015-01-09 09:25:48', 'lu'),
(22, 'deanna15', 'Career field daughter easy. Rock still case career. Book prepare have need science citizen. Politics try nice film what.
Back simple true learn. Of idea special nor these.', '2021-12-06 15:59:52', 'distribue'),
(23, 'philip87', 'Fact week marriage stay since view structure. Half dog standard check.', '2020-11-04 16:18:50', 'lu'),
(24, 'ngreene', 'Growth cut to study. Response environment will director. Republican world player strong evidence.
Bad their throw success theory. Support country significant make.', '2015-02-07 14:14:05', 'distribue'),
(25, 'thompsonvanessa', 'Own stand half trade accept. Shoulder occur hear security.
Find Republican begin somebody. Like southern by investment several.', '2023-07-13 17:30:47', 'distribue'),
(26, 'justinhester', 'Political page investment any yet task need already.
Get travel foot after. Interesting among hospital degree learn send. However pull role wide responsibility far reality.', '2014-07-28 20:14:10', 'lu'),
(27, 'woodsangela', 'Employee increase buy. Name style first as indicate nothing citizen.
Institution themselves us rest reduce we allow his. Then down happen deep at scientist sing. Enjoy including produce reach.', '2016-12-12 17:10:09', 'distribue'),
(28, 'ethan29', 'High simply share give rate hand may. Theory southern road make record.
Sing executive official Republican way itself. Wife rather down commercial far serve risk.', '2018-12-21 21:37:11', 'lu'),
(29, 'taylorjohn', 'Full another born official whose ago visit. Off should green just hear. Issue often across business country goal. Political college all final approach.', '2016-07-03 10:50:26', 'lu'),
(30, 'laurentaylor', 'Rich win southern child. Technology left traditional she human with yet.
Interview best say network hair heart ok old.
Lose action statement drop factor his. Stop baby certain quality. Fill new cell.', '2014-09-22 01:31:08', 'lu'),
(31, 'tamarachristian', 'Push five debate agency. Ready concern least part forget member necessary. Begin million conference.
Have check such general although form toward treat. Fire old three already.', '2022-12-13 19:57:45', 'lu'),
(32, 'bcain', 'Outside morning paper. Set woman buy morning born usually.
Action international study identify health. Meet down data modern purpose participant physical. Development mention marriage.', '2015-02-18 22:04:59', 'distribue'),
(33, 'parkersabrina', 'Against poor room whole data. Perform house industry miss set radio.
Fact news determine decision myself box bring. Fear war single adult organization lawyer in only. Discover control bank.', '2017-09-20 17:17:44', 'distribue'),
(34, 'jeremyking', 'Mr it follow nature. When financial will heavy south. Dream or system young college growth ready.
Rather name yeah single. Admit that statement me. View team conference.', '2014-10-01 06:17:54', 'lu'),
(35, 'danielbrown', 'Eat arrive area price if then.
Interview them accept hair per PM. Government however accept after but.
Fund guess away black hair this offer. Eight science begin here.', '2019-07-10 02:04:02', 'lu'),
(36, 'kellyandrew', 'Human prove wait model cover establish. View decide treatment director protect.
Tell wear professional. Anyone read ten.', '2019-07-02 01:49:01', 'distribue'),
(37, 'eric01', 'Home billion wife thus cold whole. Coach individual see add especially. Name support treatment movie.
Story its community again factor.', '2015-05-14 19:26:28', 'distribue'),
(38, 'barronvictoria', 'Through including tree bit themselves with sound. Past evening bank.
Through consider do. Realize Mr decision music room. Authority theory sure television.', '2023-07-01 06:33:00', 'distribue'),
(39, 'bill83', 'Team minute direction us forget store per. Forward item event account state dinner room.
Guy bit put speak show. Total sense federal.
Safe sort future concern activity rest. Can dinner college I.', '2015-09-23 13:11:28', 'lu'),
(40, 'dconner', 'Foreign prevent change of car president enjoy. Item than fast newspaper recently. Ahead policy mean degree.', '2017-10-13 19:19:10', 'distribue'),
(41, 'brandi59', 'Affect reflect raise show site. State start front organization do good small. Hand blood kitchen whether thank.
Across gun direction president system energy whether. Possible get civil system.', '2015-01-14 20:17:32', 'distribue'),
(42, 'xwest', 'Report establish school front south key. Do read discuss lawyer support present letter.', '2019-05-11 15:40:45', 'distribue'),
(43, 'qwilkins', 'Week hour side happen indicate. Government security international child specific either man. Cut though identify statement.', '2019-08-20 12:13:22', 'lu'),
(44, 'pfernandez', 'Participant conference traditional behavior rather. Everyone development day listen president majority practice accept.
Officer possible box front manage. Check nice hospital.', '2014-07-20 07:16:28', 'lu'),
(45, 'elawrence', 'Song visit everything interview coach structure. Share short arrive represent class force hot.
Together arrive step forward. Large understand no college law.', '2016-02-06 02:12:27', 'lu'),
(46, 'thomaskevin', 'Human ahead race agreement heart page standard. Door past than building prove day.', '2016-01-04 09:03:15', 'lu'),
(47, 'mccoynicole', 'Recent series beat movie ground million child. Heavy candidate Democrat production story personal goal. Office break media leader school admit large.
Job mouth kid your to product.', '2018-03-03 05:39:13', 'lu'),
(48, 'reidmichael', 'Happen line attack small threat their instead. Particular about home travel there.
Media kitchen our already. Remember could beat sort kitchen. Trade appear under figure.', '2023-10-22 13:05:00', 'distribue'),
(49, 'tmejia', 'Keep street summer paper within strong. Large perhaps pressure people agreement agency black.
Congress town instead itself relationship. Treatment quickly want national.', '2022-02-17 03:16:23', 'lu'),
(50, 'tanner43', 'Amount federal perform executive increase majority. Finish specific economy talk miss player let compare. Product large gas both.', '2014-05-01 07:46:08', 'lu'),
(51, 'anthonymartin', 'Visit fact trade sort. Either score before. Yes whom power professional prevent.
There forget style hot.', '2018-07-23 12:55:45', 'distribue'),
(52, 'zrobinson', 'Avoid radio similar compare trip. Wonder tend economic.
Director would check court tax production per. Case share eye. Voice involve successful.', '2020-11-07 06:49:38', 'distribue'),
(53, 'woodssamantha', 'View baby thank customer executive high floor. Offer majority necessary suddenly.
Before standard family thank. Race happen anyone born again them. Care sea road huge.
Already speak when hard.', '2023-07-27 11:10:37', 'lu'),
(54, 'herrerakim', 'Security business to religious. Company simple me set program. Return time mind police education assume.
Fire various official serve best. Election officer result. Myself discuss never worry top.', '2022-05-18 02:35:19', 'distribue'),
(55, 'cindy21', 'Source energy mother manage. Continue nearly single floor star. Week reason you father much pattern possible.
Great list whole star. He wear eight you. Place language this.', '2019-12-05 02:05:35', 'lu'),
(56, 'amber10', 'Bar challenge nothing card finally. Seem much stay billion by player reality argue. Require individual watch.', '2020-06-18 17:47:25', 'lu'),
(57, 'sarah58', 'Several between authority although.
Full have performance avoid tree may phone figure.', '2016-09-13 05:22:15', 'lu'),
(58, 'christina61', 'Raise partner it stand hospital. Building section moment experience type beautiful.
It unit old week. Let price city his prove above.', '2023-08-27 11:07:44', 'lu'),
(59, 'harrislisa', 'College where form operation expert enough whether. Thank send play.
Seem drop deal very design. Discover black art call success left which.', '2019-03-11 00:25:36', 'distribue'),
(60, 'qsantos', 'Agency TV maintain else pay. Money political seat tell. Which floor decision learn system.', '2023-07-12 11:10:39', 'lu'),
(61, 'floresrobin', 'Expect voice drop. Mr country modern artist decade leave. Already race despite its order four.', '2021-11-19 06:27:45', 'lu'),
(62, 'baileydavid', 'Generation her me. Rather magazine seek itself recently. Side newspaper stuff exist give plan.
Point around maybe foot former case. Surface on on boy. Plan factor foreign stay mouth space discuss.', '2021-10-26 23:10:15', 'distribue'),
(63, 'rleon', 'Your sense model daughter push. Ability follow minute. Itself race his benefit should.
Language society traditional. Someone lawyer citizen child strategy.', '2014-09-01 22:56:28', 'distribue'),
(64, 'christopher07', 'Guess threat young military nice. Commercial official situation better. Degree have claim new difficult issue score.', '2022-07-03 10:13:24', 'lu'),
(65, 'zkim', 'Road fine until certainly. Memory everybody him thing international hundred another.
Remain last ten common true. North country question pull rest. Consumer including authority I any certainly.', '2023-05-22 01:32:07', 'distribue'),
(66, 'pdavidson', 'Support small kid yeah west poor. Compare education serve modern.
Want truth admit ever west tell. Particular onto personal thank. Administration station admit physical left.', '2016-03-01 18:48:07', 'lu'),
(67, 'chad04', 'Record push identify represent market late. Participant year deal thing get. Resource center foreign bag perhaps.', '2016-01-09 14:51:23', 'distribue'),
(68, 'joshuaramirez', 'Responsibility or build around within development practice. Economy seven soldier catch character.', '2016-01-18 19:27:54', 'lu'),
(69, 'hwade', 'School kid cup pay rise. Top western less own drug. Statement attack identify produce and energy.', '2023-07-29 05:04:22', 'lu'),
(70, 'vwillis', 'Feel despite pass agree course across sound. Structure moment safe could. A from size behavior civil check. Suddenly century firm sing government she.', '2017-05-07 15:28:17', 'distribue'),
(71, 'xtucker', 'Magazine star another hair. Generation loss with up mouth. Strong adult assume detail high.
Government pay white clearly ten radio.', '2016-09-22 22:28:07', 'distribue'),
(72, 'castanedabrittany', 'Production industry discover society rule forward. Success respond note bank foreign. Two despite garden member.
Force husband late enough traditional face us. Believe agree anyone public.', '2022-09-04 12:21:59', 'distribue'),
(73, 'adavis', 'Direction hospital really situation.
Door tough end fear. Source minute learn both garden. Fly change none gas.
Central leader occur determine rich body major.', '2023-12-03 23:16:20', 'distribue'),
(74, 'medinastephen', 'Per nature son radio third service coach matter. Early himself daughter yard. Its should him finish enjoy up.', '2016-02-08 01:32:13', 'distribue'),
(75, 'cory22', 'Performance according well throw his nothing. City civil door time but cost keep. Style people deal participant family whatever.', '2019-04-07 11:38:11', 'lu'),
(76, 'christinemathis', 'Picture place pay health join unit. Pretty ahead none better expert.
Night cover level police party. Various us majority six receive view.', '2022-11-12 16:01:55', 'lu'),
(77, 'karla94', 'Throw large behind cover top yourself nor. Will lay morning most question knowledge education way.
Assume also memory. Fear same machine guy citizen PM above. Director local thousand economic.', '2022-06-03 05:10:12', 'distribue'),
(78, 'scottjones', 'Discover rate total knowledge scene question test. Agree her individual administration. Stock student why nearly his part.
Vote loss certain open. National poor society. People movie fire game full.', '2020-01-03 09:59:12', 'distribue'),
(79, 'jacksoncheryl', 'Mention no quite treat necessary case clearly. Defense several stock stock including high. Memory phone kid material action score. Both hard response stuff painting media.', '2015-02-25 13:23:38', 'lu'),
(80, 'meagan72', 'Manage throw relationship image action risk seat community. Tell hotel number. Wear spring fall manage fall.
Arrive woman great up. Age government board sport surface.', '2015-02-16 04:13:11', 'lu'),
(81, 'traci39', 'Near southern describe television stay ready direction. Career current person table. Reveal travel gun far expert will.', '2022-11-15 21:53:12', 'distribue'),
(82, 'jeffreycurtis', 'Choice call reality space notice wear into. Wait girl reveal better bank brother.
Trouble father lay professor Republican your save. Compare pull themselves generation knowledge since audience by.', '2019-11-21 10:21:45', 'lu'),
(83, 'katrinagoodwin', 'Pressure indicate water green lot mind stage. Onto ask shoulder tell current need artist.', '2023-12-08 19:40:03', 'lu'),
(84, 'adamslisa', 'Happy none participant condition third. Control set cup.
Ever stock positive population production training. Fight live treat necessary. Send voice enter particular lead.', '2019-07-05 00:04:42', 'lu'),
(85, 'dianedennis', 'Argue morning chair. Your tell treat agency last. Republican suggest mission address hear involve take.', '2020-03-07 03:38:23', 'distribue'),
(86, 'curtismartinez', 'Piece movie wear specific. Road outside point myself keep including say.
Debate career road high six score agency. Large suddenly rather without way top grow. Eat alone deep decide.', '2015-08-29 10:01:25', 'distribue'),
(87, 'dakota58', 'Several kitchen behavior position life including. Area open myself decade huge consider.
Color ability require race. Can environmental generation with teacher. Wife wait step state.', '2017-01-27 15:19:46', 'lu'),
(88, 'sarah76', 'Involve explain strategy rich Mrs method accept letter. Win guy deal any.
Myself drive walk avoid figure clearly. Soon goal population our or hear opportunity.', '2020-03-21 23:52:37', 'lu'),
(89, 'aaronsnyder', 'Common feeling blue. History control free bill will American.', '2021-01-31 13:39:46', 'distribue'),
(90, 'lopezcrystal', 'Animal affect same everyone.
Movie road ten a current center. Career personal bad prove any. Condition truth let upon movie scene.', '2023-03-23 11:20:35', 'distribue'),
(91, 'bethmurray', 'Fly throughout data economy anyone of try need. Decision resource level weight kid product page art. See shake challenge party.
Kitchen church front structure. Two program building put.', '2018-06-17 12:13:01', 'distribue'),
(92, 'mreed', 'Small pay arm drug think.
To act not involve. Fund radio policy enter also party security. Lose possible entire attack no senior.', '2021-12-04 06:51:13', 'lu'),
(93, 'wstewart', 'Break go hospital price represent. Throughout really recently happen face behind involve option.', '2018-10-23 02:33:51', 'distribue'),
(94, 'joshua85', 'Stock success drop eight some political. Its make religious movement run attack.
Face manage street tax both cause. Party answer commercial your tend mouth plan. Build such support seven.', '2020-04-30 11:38:36', 'distribue'),
(95, 'oturner', 'Call seek her skill. Game produce page consider.
Culture practice sister wonder challenge party interest. Let participant deal soon institution.', '2022-06-05 10:11:16', 'distribue'),
(96, 'sdean', 'Team go left plant which. Probably set beyond worker guess.
Enjoy inside indicate.', '2020-11-11 08:15:09', 'lu'),
(97, 'jenniferwhite', 'Lay family bed benefit mean particular exactly. Conference smile window within television give economic.
Exist performance against since site maybe look since. Blue suffer smile particularly alone.', '2018-05-31 21:19:01', 'lu'),
(98, 'ddunlap', 'White father than amount. Agent series society term dark. Allow happy for pay. Number establish remember article majority thought.', '2021-11-17 08:45:37', 'lu'),
(99, 'james36', 'Mission spring would black watch. Space cover painting customer administration different remember chance. Behind rate later pay surface find. Firm tonight positive admit factor into.', '2014-08-15 06:06:04', 'lu'),
(100, 'emilyedwards', 'Door impact school growth believe. Enough get most kitchen brother. List garden beyond instead would tell theory.', '2018-03-21 19:04:58', 'lu'),
(101, 'harrisalexis', 'Size doctor decade. Help nor situation can would.
Part matter organization by former thousand cultural. Trouble over out which according enjoy spring group.', '2016-10-21 02:21:00', 'lu'),
(102, 'jonespamela', 'Fear agency class. True plant network strong gas. Successful act forget quite international here.', '2020-03-07 03:05:09', 'lu'),
(103, 'gardnersuzanne', 'Attorney computer little group. Couple believe teach program produce. Ok similar social pattern.
Despite green western tell trial participant arm. Star side bar compare.', '2020-02-04 09:35:48', 'lu'),
(104, 'heatherbeck', 'Hand easy conference five drive audience discuss. Free anyone view ask red this. Free author century gas rise performance.', '2019-12-07 07:14:25', 'lu'),
(105, 'lori46', 'Cultural myself suffer collection hold idea hot.
Compare cover change step. Culture hold long team pressure stage.', '2019-03-26 15:41:45', 'distribue'),
(106, 'jacobrodriguez', 'Bar hope laugh deep policy play then close. Picture lot foot southern.
Sport simple break gas. No girl behind agreement. Sense success physical sell.', '2016-05-16 11:36:49', 'distribue'),
(107, 'jstewart', 'Maybe war rock order represent rate degree national. Serve treatment production. Debate month interest cultural alone happen result.', '2015-08-28 01:34:07', 'lu'),
(108, 'acharles', 'Economy usually day speak much score firm. Present market successful tree. Campaign southern although play author reduce man.
Else behind about loss. Study popular policy trip present.', '2016-04-07 07:50:12', 'lu'),
(109, 'psmith', 'Rich eight exist past indeed. Cause raise though sound. He seven task anyone expect goal future.', '2015-09-14 05:28:44', 'distribue'),
(110, 'daniel88', 'Argue child individual skill. Cultural pretty your. Agree wall family ask view. Stage consider back begin company method member.
Poor discover resource above standard. Body radio accept house.', '2016-12-13 22:26:18', 'lu'),
(111, 'joneskevin', 'Begin few home direction unit event west.
Human station book own.
Sign one room senior. Simple pay special treat now.', '2021-02-20 23:49:41', 'distribue'),
(112, 'christianarnold', 'Positive today room threat southern behavior. Chance hair bring deal enough capital. Investment quite social man test or.
Call majority try news billion. Improve hundred among tax.', '2020-08-25 19:44:47', 'lu'),
(113, 'hbaldwin', 'Spend cultural politics nation these laugh letter. Strong leader million fast.
Often federal against sign enough. Threat case whether soon security. Visit street show fear.', '2023-03-05 22:54:00', 'lu'),
(114, 'scottadams', 'Past room Republican least player garden voice. Cultural lose child exactly resource prepare.
Parent rather positive do bill TV learn. Win every far minute fact. Edge appear head in blood crime.', '2019-01-04 11:20:00', 'lu'),
(115, 'caitlinreyes', 'Eye leave firm. Require politics behavior practice.
Help two paper here. Leg institution yeah attention ten where step.', '2021-11-06 03:49:09', 'distribue'),
(116, 'loganberry', 'Without public win Mrs son boy happen. Fall need significant true. Amount conference speech pass.', '2016-12-02 01:22:22', 'lu'),
(117, 'brian94', 'Space yeah four travel what sister strong. Town example seem usually letter.
Town institution story window form perhaps. Fine available my call. Foot task near.', '2016-05-08 15:47:51', 'lu'),
(118, 'smithstacie', 'Probably word behind sing. Including ready new yard. Worry receive believe cell away ahead number. Lose market play and success nation TV.', '2020-12-12 06:52:04', 'distribue'),
(119, 'umiddleton', 'Drop student explain phone conference structure imagine. But spend lot.
Least still until fish represent trouble. Attorney discuss green star actually still section. Third use at them two message.', '2015-10-16 21:31:18', 'lu'),
(120, 'vwiley', 'Moment activity hour compare. Significant account small stop writer sea. Our spring owner they including.
Few firm hand party go. Wonder study may cell over art off.', '2023-04-27 09:02:50', 'lu'),
(121, 'dunlapcatherine', 'This within own movie try. Authority perform money industry.
Value because many record.
Girl clear husband wish price. Change our main information hundred happy. Test wonder help of.', '2017-04-14 02:34:57', 'distribue'),
(122, 'allen54', 'With number source father up together since. This agent son. Since trade firm including. Enough your history business executive.', '2018-04-29 03:14:47', 'distribue'),
(123, 'jennifer52', 'Form standard reduce a use close.
Issue customer human research still among. Behavior truth large east great recently.', '2014-12-19 11:02:10', 'lu'),
(124, 'angelamonroe', 'Pm table room worry event method age. Woman often radio send. Material treat person wind study third notice.
Begin together job fact. Wind author anyone society.', '2022-07-01 15:23:03', 'lu'),
(125, 'jonesmary', 'Population cultural catch also travel TV. She explain police hand compare. Plan treatment likely rather officer least hospital. Artist produce most represent message detail.', '2017-01-20 08:49:51', 'distribue'),
(126, 'robert75', 'Shoulder he might best threat entire. Level state its late week provide compare. Piece ever business rather product through wish.
Only focus want agent perhaps simple. Table agreement safe six.', '2022-01-20 17:13:09', 'distribue'),
(127, 'robert32', 'Real note situation TV without those home. Short fine care hour realize miss prepare lose. Form can art.
Gas whole offer man what forget rate raise. Better two this happen although treat.', '2017-02-19 18:47:10', 'lu'),
(128, 'ashley73', 'Sport want even hot. Key determine risk election later ago mouth blood. Speech watch race success moment. Case run with.', '2020-08-08 18:22:06', 'lu'),
(129, 'aliciawashington', 'Too during Republican number.
Discover put music why Mr add election. Present brother great provide. Agency peace catch.', '2016-12-01 07:25:11', 'lu'),
(130, 'ortizdonald', 'Into which local hot American event per trouble. Ground five former stay accept certain affect.
Big light would ground when. The government similar although red according.', '2018-05-17 01:44:22', 'lu'),
(131, 'jameslarson', 'Traditional various instead population bar detail national. Two least book join magazine mother computer. Office hot community turn cultural once still.', '2017-08-13 06:12:57', 'distribue'),
(132, 'boltonandrea', 'Try cell treat stock best. Pull avoid south. Director bill own Mr force.
Of somebody reason oil professional. Decide open fear central.
Space lot style outside. Article box owner raise PM investment.', '2018-09-04 10:24:22', 'distribue'),
(133, 'jmalone', 'Already scene take. Strong my say yeah certainly answer chance.
Resource around mean parent guess kitchen will. Television outside firm start keep success require.', '2020-10-07 15:15:37', 'lu'),
(134, 'wporter', 'Hold reality better government parent resource.
May event join time think minute. Agree including minute travel. Receive tell enter resource offer sister.', '2017-07-28 02:44:38', 'lu'),
(135, 'hlutz', 'Discover possible gas sport. Everybody mission focus require bill almost. Also consumer thus line.
The behavior dinner. Finally move she sea. East anyone majority meet something free cover.', '2020-10-29 10:17:27', 'lu'),
(136, 'scottprince', 'Scene order safe term course break.
Fall into against research wife. Approach detail financial.', '2014-08-15 00:36:21', 'lu'),
(137, 'lopezangela', 'Message place quite from. Certain friend operation character catch.
Of it save play federal budget career. Free four buy number do woman.
Month marriage score instead state fish.', '2016-10-08 17:39:00', 'lu'),
(138, 'edgarknight', 'Face method across safe off until east. Hit figure author must.
Cup war finish task cause. Buy coach himself role war. Company yourself guy.', '2022-05-18 19:47:34', 'lu'),
(139, 'nancy08', 'Many risk when fish power local at. Blue ahead every man less government travel voice. Various series degree less.', '2017-10-12 09:33:07', 'lu'),
(140, 'alexandria58', 'Act four side soon. Stop operation ever loss above. Body manager price serve though next.', '2017-01-04 05:42:14', 'distribue'),
(141, 'elaine04', 'Attack office word important throw. Pattern appear stay economic PM compare everybody.', '2016-11-30 16:44:30', 'distribue'),
(142, 'seanmartin', 'Financial share among computer crime. Tough entire rock position beautiful. Moment son recent what campaign find.', '2017-07-17 19:18:40', 'distribue'),
(143, 'joy92', 'Law minute speech. See current popular character policy some. Teacher unit consider choose kid.
Shake dinner like bring. Level join station public. And memory ago.', '2017-03-14 01:32:50', 'distribue'),
(144, 'efry', 'Take anyone figure seem traditional. With chair government avoid eight suffer sometimes. Like foot year provide form pressure.
Two deal last art. Key certainly subject significant north business.', '2020-11-11 03:30:20', 'distribue'),
(145, 'davidstrong', 'Receive long simply civil sure discussion. Seek general box whose time include that national.
Guess authority training run case last. Nothing also college decide.', '2018-11-17 10:55:39', 'distribue'),
(146, 'hodgestyler', 'Majority phone trouble.
Prepare unit yes assume girl. Meeting above top institution continue manager.
Country half get run admit game. Miss never baby alone real rich per. Each trip rule I.', '2015-03-27 04:09:45', 'distribue'),
(147, 'thomaseaton', 'Ok ever color later business nearly. Happy future us. Indeed market treatment southern lawyer nice.
Bring black least build card. Begin appear soldier site public past. Piece unit over point.', '2020-09-30 01:25:58', 'lu'),
(148, 'dunnjohn', 'No until card million toward sell strong. Example down across popular since policy traditional night.', '2024-04-08 07:09:46', 'distribue'),
(149, 'jason89', 'Language feeling improve off discover wide half artist. Suddenly similar walk economic spring before cell store.', '2014-09-05 11:52:30', 'lu'),
(150, 'laurenberry', 'In itself industry their.
Space able water cold four laugh system control. Heart car avoid truth.
Movement central everything big traditional few.', '2023-04-22 17:56:42', 'distribue');

-- Interet
INSERT INTO Interet (Concert_ID, Personne_ID) VALUES
(47, 29),
(28, 28),
(15, 29),
(54, 20),
(53, 19),
(6, 35),
(12, 17),
(16, 25),
(6, 35),
(17, 22),
(59, 19),
(59, 21),
(40, 21),
(50, 25),
(21, 31),
(14, 29),
(32, 30),
(58, 18),
(45, 28),
(8, 32);

-- Avis_Morceau
INSERT INTO Avis_Morceau (Avis_Id, Morceau_ID) VALUES
(23, 61),
(68, 86),
(51, 6),
(60, 40),
(48, 51),
(28, 17),
(37, 61),
(63, 99),
(35, 75),
(20, 60),
(23, 42),
(9, 18),
(40, 82),
(27, 24),
(4, 74),
(3, 94),
(4, 66),
(15, 9),
(33, 89),
(47, 30),
(36, 94),
(66, 17),
(70, 38),
(50, 99),
(45, 37),
(69, 28),
(52, 100),
(46, 61),
(67, 35),
(4, 40);

-- Concert
INSERT INTO Concert (Concert_Id, Nom, Date, Organisateurs, "Line-up", Nombre_places, Cause_soutien, Espace_exterieur, Enfants_permis, Prix, Nb_volontaires, ID_Lieu) VALUES
(1, 'Whitaker, Chan and Hudson', '2024-05-09', 'Brianna Lopez', 'Particular left almost north everyone., Pm radio energy in., Interest financial series look top.', 448, False, False, False, 81709.52, 1, 10),
(2, 'Bullock, Rios and Medina', '2024-04-26', 'Shawn Smith', 'Loss at contain just whether participant feeling., Theory see never discuss occur outside skin., Seven same ability human.', 240, False, True, False, 85729.02, 13, 4),
(3, 'Barrera, Johnson and Adkins', '2024-05-21', 'George Hardin', 'Compare case item partner add close either., World by someone speak security., Government resource difficult sing.', 140, False, False, True, 87118.84, 20, 4),
(4, 'Watson PLC', '2024-04-20', 'Charles Davis', 'Action reflect into behavior remain entire morning., Live minute surface sure less Mrs letter fly., Often area animal personal statement many ahead.', 233, False, True, False, 90439.05, 13, 3),
(5, 'Pollard-Foster', '2024-05-07', 'Justin Jensen', 'Audience matter matter side dark course., Apply officer finally money perhaps sit here foreign., Kind single kid open member.', 388, False, False, True, 60709.08, 5, 2),
(6, 'Bailey, Bowen and Adams', '2024-04-30', 'Leslie Drake', 'Pick data type attorney., Worker almost statement degree use million., Test opportunity memory science.', 491, False, False, False, 62104.61, 1, 10),
(7, 'Olsen PLC', '2024-04-19', 'Alexis Palmer', 'Lose college big whose break movement short., So dog return for include., Impact send difference anything seem.', 386, True, False, True, 63208.57, 17, 4),
(8, 'Reeves, Andrade and Mitchell', '2024-05-01', 'Janice Rojas', 'Film education prepare nothing make before phone., Ahead experience under think purpose best my., Significant control newspaper certainly decision.', 344, True, True, False, 35742.78, 4, 5),
(9, 'Hubbard, Smith and Yang', '2024-04-12', 'Claire Jacobson', 'Western amount anything its production investment citizen., Director song situation collection notice commercial., Performance forward training course he thing.', 209, False, True, False, 84345.42, 4, 6),
(10, 'Smith LLC', '2024-05-11', 'Eric Padilla', 'Call home understand card several plant deep., Rise suffer support., Process present data hold common.', 212, False, False, False, 29597.53, 18, 10),
(11, 'Butler PLC', '2024-04-20', 'Melissa Gonzalez', 'Enough color of., Home cold stuff laugh goal., Spring state direction but.', 428, True, False, True, 57794.79, 18, 3),
(12, 'Brooks, Garner and Knapp', '2024-05-06', 'Danielle Pennington', 'Pick seven hundred effect senior trouble force., Rule usually clear none approach dark sing civil., Up provide book program.', 356, True, True, False, 59510.93, 15, 6),
(13, 'Bennett Inc', '2024-04-22', 'Terri Page', 'Him maintain record second standard sense., Administration nature boy ball officer., Say little data describe keep same receive black.', 74, True, True, True, 69472.74, 12, 2),
(14, 'Tran Group', '2024-03-28', 'Ashley Garza', 'Model action far whether clear keep data employee., Drive change why radio already area perform., Statement should some economic above style toward.', 447, True, False, False, 49773.73, 13, 10),
(15, 'Smith Group', '2024-05-19', 'Tyler Griffin', 'Western article artist it clear open road argue., Box carry up stay yeah pressure., Build tree look.', 256, False, True, True, 81991.22, 20, 2),
(16, 'Carrillo, Smith and Willis', '2024-04-13', 'Julian Mack', 'Bill foreign else maintain pick., Or front end set., Do team film join most.', 393, True, True, False, 60547.06, 17, 10),
(17, 'Gould and Sons', '2024-04-30', 'Melissa Crawford', 'Occur rule name speech sit various., Especially way shake measure knowledge deep., Size including TV threat.', 328, True, True, True, 18281.07, 16, 2),
(18, 'Wilson, Howard and Williams', '2024-05-07', 'Jason Davis', 'Do fill part sister important election appear., Listen hot some green many yard marriage., Why here reveal begin field.', 298, True, False, True, 37421.18, 7, 6),
(19, 'Washington-White', '2024-04-08', 'Tamara Bates', 'Mouth fill sometimes chance hard few., Group early mean half without player finally., Similar try simple sound example year nor.', 259, False, True, False, 79047.14, 5, 4),
(20, 'Turner Group', '2024-04-19', 'Alyssa Reyes', 'Finish product picture impact available whose., Whom news position really., Claim production join too increase heavy.', 256, False, False, False, 52040.54, 13, 3),
(21, 'Clark, Rivera and Mccormick', '2024-04-30', 'Cole Boyd', 'Work song her at indeed charge here., Tell speech and step Democrat government., Hotel challenge which hope answer because respond.', 90, False, True, True, 25712.56, 17, 9),
(22, 'Johnson LLC', '2024-04-28', 'Katherine Coleman', 'Few daughter doctor information., Pick protect pass would provide go., One father them window.', 284, True, True, False, 87943.26, 20, 5),
(23, 'Young-Wagner', '2024-04-23', 'Daniel Evans', 'Clearly before capital book there., Hundred visit operation meet well drop., Rich since ask bit woman whether coach husband.', 91, True, True, False, 38594.21, 20, 7),
(24, 'Yoder, Noble and Stevenson', '2024-04-28', 'Michelle Armstrong', 'Later music sure one high hope bring., Win figure her onto., Indeed garden wish official town.', 449, False, False, True, 47076.84, 10, 3),
(25, 'Ferguson-Leon', '2024-04-11', 'Amanda Martin', 'Exactly shake especially population toward himself., Like study dark return if travel course., Door make house like very head purpose.', 382, True, False, True, 2171.34, 6, 3),
(26, 'Johnson, Taylor and Espinoza', '2024-05-07', 'Caleb Hart', 'Ask create throw memory voice., Mouth condition friend., Eye boy newspaper sign middle usually.', 74, False, False, True, 13053.08, 17, 4),
(27, 'Hunter, Hester and Mayo', '2024-04-21', 'Jared Walker', 'Pull before away look author available., Close member my see employee another sign., Voice find entire others.', 218, False, False, False, 6811.70, 2, 9),
(28, 'King, Lewis and Ayala', '2024-04-14', 'Kristin Mills', 'Home space bed threat life assume., Prove I business economy rich., Rule almost thought state.', 106, True, False, True, 38659.12, 12, 6),
(29, 'West-Henderson', '2024-04-26', 'Jennifer Hernandez', 'Affect share fear including total painting., One unit cost worry., Enjoy camera beat court region.', 242, False, False, True, 96780.84, 16, 5),
(30, 'Ross-Dillon', '2024-04-07', 'Calvin Bullock', 'Bill sound democratic., Name listen anyone dinner sign name everything., Improve article offer his floor worker.', 372, True, False, False, 26722.38, 9, 5),
(31, 'Huff, Castro and Wilson', '2024-04-20', 'Carlos Gonzalez', 'Property center create prepare after development long despite., Total far similar after little hand have., Beyond town daughter.', 374, False, True, False, 94968.58, 17, 1),
(32, 'Fisher, Harris and Brown', '2024-04-10', 'David Bailey', 'Reveal force glass speak range., Fight attention nothing participant., Like line population figure improve.', 185, False, False, True, 13325.05, 18, 3),
(33, 'Edwards-Guzman', '2024-04-11', 'Angela Phillips', 'Explain you floor unit off media story notice., Production budget cell form., Check fire road career us company none owner.', 66, True, False, True, 87594.80, 1, 8),
(34, 'Perkins-Li', '2024-04-19', 'Debbie Brown', 'Company decade give., Defense once start between., Employee yes have receive expert.', 411, True, True, False, 13134.05, 19, 10),
(35, 'Kemp, Adams and Rosales', '2024-05-23', 'Christopher Jenkins', 'Sometimes understand education lawyer., Continue exist spring their outside improve., Night room fund professor technology.', 433, True, False, True, 26064.22, 4, 1),
(36, 'Garcia, Perry and Tanner', '2024-04-16', 'Jennifer Cooper', 'Make think second word assume week city., Degree at wall former., Reality side course degree.', 57, False, True, True, 81345.13, 3, 8),
(37, 'Smith Ltd', '2024-04-27', 'Joseph Lewis', 'Recognize address star happen particularly two., Eight deep call brother two., Friend ground spring since only fund.', 251, False, True, False, 29168.91, 1, 10),
(38, 'Wright-Hernandez', '2024-05-14', 'Erin Jones', 'Letter season wait miss evidence fact away., Before human step picture marriage shake., Building measure agency.', 448, False, False, True, 63004.56, 5, 1),
(39, 'Villanueva-Stevens', '2024-04-08', 'Rachel Williamson', 'Possible design push account charge draw major require., Throw century case., Town black play chance none.', 144, False, True, True, 57073.74, 2, 8),
(40, 'Kidd-Pena', '2024-04-17', 'Jeffrey Ryan', 'Instead focus yard list participant relationship right., Note four own house send television effort., Beyond such whole cover stage collection important.', 397, False, True, False, 60537.92, 3, 10),
(41, 'Gill Ltd', '2024-05-13', 'Troy Madden', 'Chair consumer cultural discover act well model condition., Education reason development by she relationship organization., Plant character note what case door government.', 113, True, False, True, 86922.01, 10, 10),
(42, 'Fields-Smith', '2024-04-03', 'Charles Walls', 'He deal collection ready., Training size outside keep., Quickly out kid reach color hair member.', 320, True, False, False, 6143.79, 15, 7),
(43, 'Griffin-Porter', '2024-05-16', 'Victoria Obrien', 'Budget this it recent TV former wife., Business you wide American now., Rate per tough Democrat child mouth trial.', 163, False, True, True, 59864.34, 3, 5),
(44, 'Hill-Adams', '2024-05-07', 'Raymond Sullivan', 'Middle newspaper happen million you., Off social room box fight player former., Indicate leg situation yourself.', 56, False, False, False, 9764.58, 20, 1),
(45, 'Hart-Evans', '2024-05-21', 'Michelle Clark', 'Rock day surface director., Education system again quality design bit who., Art as by free social.', 272, False, True, False, 77652.35, 11, 9),
(46, 'Martinez-Garza', '2024-04-05', 'Gregory Hogan', 'Always film condition financial nation cut before., Media want early month evening., Rate age another their.', 443, True, False, True, 53923.80, 16, 3),
(47, 'Shields-Jacobs', '2024-04-05', 'Robert James', 'Build where military stop toward company maybe., Support view police wear many., Investment there player.', 70, True, False, False, 42681.78, 8, 8),
(48, 'Jones and Sons', '2024-04-12', 'Peter Wood', 'Mean increase perhaps nor day woman again., Development meet especially mind., Group these war popular movie there.', 452, True, False, False, 76358.09, 14, 6),
(49, 'Owen, Tran and Stein', '2024-04-07', 'Peter Crawford', 'Some boy note red no., Improve real face appear state., Watch necessary government scientist.', 333, False, True, True, 80744.79, 17, 10),
(50, 'Lee, Miranda and Flores', '2024-04-28', 'Jeremy Brown', 'Medical health current director shake., Ok daughter bit nation low who forward., Relate card law trial concern cup beautiful.', 306, False, True, True, 26085.07, 15, 6),
(51, 'Ford Group', '2024-04-30', 'James Li', 'Former world box owner dream., Sure machine leader interesting natural test others., Discussion fact stuff eat guy oil few respond.', 249, True, False, True, 91207.60, 3, 9),
(52, 'Holland PLC', '2024-05-14', 'Gregory Valentine DDS', 'Able much argue assume station., Contain first role trial action could., Bill where poor TV simply out value your.', 251, False, False, True, 2872.32, 12, 7),
(53, 'Herrera, Ryan and Taylor', '2024-03-27', 'Shane Arnold', 'Democratic human seek beyond board., Care majority movie always own., Moment country serious however employee.', 398, True, False, True, 54685.26, 7, 4),
(54, 'Smith, Huang and Parks', '2024-04-19', 'Leonard Hernandez', 'Catch option paper floor., Democratic political pay table., Interest everything appear establish owner meet.', 197, False, False, False, 7397.76, 15, 3),
(55, 'Fletcher LLC', '2024-04-29', 'Anne Walton', 'Baby close lawyer buy require party., Assume remain middle event fear trial respond., Trade become head.', 222, False, True, True, 6226.89, 16, 3),
(56, 'Cooley, Holt and Hall', '2024-04-17', 'Shannon Soto', 'Consumer dinner remember top appear., Entire base effect couple sign cultural stay., Remain total rule lose generation above whole social.', 102, True, False, False, 90756.99, 20, 2),
(57, 'Fletcher and Sons', '2024-04-16', 'Elizabeth Miller', 'Control away poor international west develop., Speech artist condition election., Use blood away natural maybe visit dark never.', 140, False, True, True, 50667.17, 17, 9),
(58, 'Gonzales-Mosley', '2024-05-11', 'Alyssa Price', 'Worry theory sign hotel sing., Assume security minute partner wish culture get., Because myself term individual image mission listen.', 355, True, True, True, 4845.77, 16, 3),
(59, 'Bruce-Taylor', '2024-05-11', 'Karen Hernandez', 'Public be bad baby short ask., Woman among approach activity around., Daughter sort feel leader.', 177, False, False, True, 2223.30, 20, 10),
(60, 'Huffman, Mercado and Munoz', '2024-04-24', 'William Hernandez', 'Phone color success knowledge night base call., Others a account not avoid cup., Finish might similar perhaps whom.', 360, True, True, False, 13742.40, 18, 6);

-- Participe
INSERT INTO Participe (Concert_ID, Personne_ID) VALUES
(5, 8),
(5, 13),
(11, 12),
(1, 2),
(3, 2),
(4, 7),
(7, 11),
(14, 4),
(5, 1),
(6, 6),
(10, 3),
(5, 5),
(4, 4),
(1, 8),
(13, 13);

-- Suggestion
INSERT INTO Suggestion (Suggestion_ID, Type, Date) VALUES
(1, 'Suggestion de playlists basée sur les habitudes écoute', '2020-04-14'),
(2, 'Suggestion de Groupe', '2021-04-20'),
(3, 'Suggestion de playlists basée sur les habitudes écoute', '2021-02-18'),
(4, 'Suggestion de Contenu', '2021-09-23'),
(5, 'Suggestion amis en fonction des intérêts communs', '2023-01-22'),
(6, 'Suggestion amis basée sur des amis communs', '2022-10-29'),
(7, 'Suggestion de groupes participant à des événements', '2022-07-28'),
(8, 'Suggestion de Groupe', '2020-10-21'),
(9, 'Suggestion de playlists basée sur les habitudes écoute', '2020-02-21'),
(10, 'Suggestion de contenu basée sur les publications précédentes', '2022-01-14'),
(11, 'Suggestion de groupes participant à des événements', '2022-11-30'),
(12, 'Suggestion de groupes participant à des événements', '2020-07-15'),
(13, 'Suggestion de groupes participant à des événements', '2023-01-19'),
(14, 'Suggestion de Groupe', '2023-06-29'),
(15, 'Suggestion de playlists basée sur les habitudes écoute', '2021-05-07'),
(16, 'Suggestion de groupes basée sur des membres amis', '2021-02-01'),
(17, 'Suggestion de Groupe', '2022-10-05'),
(18, 'Suggestion de playlists basée sur les habitudes écoute', '2024-03-02'),
(19, 'Suggestion de Groupe', '2020-01-24'),
(20, 'Suggestion de groupes en fonction des genres musicaux préférés', '2024-03-07'),
(21, 'Suggestion de contenu basée sur les publications précédentes', '2020-01-21'),
(22, 'Suggestion événement/concert basée sur les préférences musicales', '2022-09-21'),
(23, 'Suggestion de Playlist', '2021-06-04'),
(24, 'Suggestion amis en fonction des intérêts communs', '2020-08-27'),
(25, 'Suggestion de groupes en fonction des genres musicaux préférés', '2022-07-20'),
(26, 'Suggestion amis basée sur des amis communs', '2021-02-26'),
(27, 'Suggestion Ami', '2021-07-16'),
(28, 'Suggestion de contenu basée sur les publications précédentes', '2023-05-01'),
(29, 'Suggestion amis basée sur des amis communs', '2022-10-01'),
(30, 'Suggestion de Contenu', '2021-02-12'),
(31, 'Suggestion de Playlist', '2023-10-28'),
(32, 'Suggestion de playlists basée sur les habitudes écoute', '2020-12-07'),
(33, 'Suggestion amis en fonction des intérêts communs', '2020-04-16'),
(34, 'Suggestion Ami', '2022-10-28'),
(35, 'Suggestion événement/concert basée sur les préférences musicales', '2021-06-19'),
(36, 'Suggestion de contenu basée sur les publications précédentes', '2024-01-02'),
(37, 'Suggestion de Groupe', '2020-03-25'),
(38, 'Suggestion de Groupe', '2023-10-11'),
(39, 'Suggestion amis basée sur des amis communs', '2022-04-29'),
(40, 'Suggestion de contenu basée sur les publications précédentes', '2021-07-07'),
(41, 'Suggestion amis basée sur des amis communs', '2021-07-02'),
(42, 'Suggestion amis basée sur des amis communs', '2022-06-08'),
(43, 'Suggestion événement/concert basée sur les préférences musicales', '2022-07-29'),
(44, 'Suggestion musicale', '2020-08-12'),
(45, 'Suggestion de Contenu', '2022-09-27'),
(46, 'Suggestion de groupes basée sur des membres amis', '2020-12-18'),
(47, 'Suggestion de contenu basée sur les publications précédentes', '2020-08-15'),
(48, 'Suggestion de Groupe', '2020-06-30'),
(49, 'Suggestion de Groupe', '2022-01-19'),
(50, 'Suggestion de Groupe', '2023-06-02'),
(51, 'Suggestion de groupes en fonction des genres musicaux préférés', '2020-10-12'),
(52, 'Suggestion de groupes en fonction des genres musicaux préférés', '2020-01-31'),
(53, 'Suggestion amis en fonction des intérêts communs', '2021-07-24'),
(54, 'Suggestion de contenu basée sur les publications précédentes', '2023-05-01'),
(55, 'Suggestion de groupes participant à des événements', '2021-06-23'),
(56, 'Suggestion de groupes basée sur des membres amis', '2022-01-25'),
(57, 'Suggestion amis basée sur des amis communs', '2022-10-15'),
(58, 'Suggestion de contenu basée sur les publications précédentes', '2020-12-15'),
(59, 'Suggestion de contenu basée sur les publications précédentes', '2020-07-14'),
(60, 'Suggestion de Playlist', '2022-06-01'),
(61, 'Suggestion de Groupe', '2022-03-23'),
(62, 'Suggestion amis basée sur des amis communs', '2021-10-12'),
(63, 'Suggestion musicale', '2024-04-19'),
(64, 'Suggestion de groupes en fonction des genres musicaux préférés', '2023-09-03'),
(65, 'Suggestion musicale', '2023-07-06'),
(66, 'Suggestion de playlists basée sur les habitudes écoute', '2022-11-03'),
(67, 'Suggestion de groupes basée sur des membres amis', '2020-07-22'),
(68, 'Suggestion de groupes participant à des événements', '2023-05-03'),
(69, 'Suggestion de contenu basée sur les publications précédentes', '2020-03-30'),
(70, 'Suggestion de groupes basée sur des membres amis', '2021-09-16'),
(71, 'Suggestion événement/concert basée sur les préférences musicales', '2022-01-10'),
(72, 'Suggestion Ami', '2021-05-29'),
(73, 'Suggestion de Groupe', '2020-03-24'),
(74, 'Suggestion amis basée sur des amis communs', '2022-09-18'),
(75, 'Suggestion de groupes basée sur des membres amis', '2023-07-11'),
(76, 'Suggestion événement/concert basée sur les préférences musicales', '2021-08-08'),
(77, 'Suggestion de groupes en fonction des genres musicaux préférés', '2020-06-30'),
(78, 'Suggestion de contenu basée sur les publications précédentes', '2020-09-07'),
(79, 'Suggestion de playlists basée sur les habitudes écoute', '2023-07-29'),
(80, 'Suggestion amis basée sur des amis communs', '2021-03-18'),
(81, 'Suggestion musicale', '2020-04-27'),
(82, 'Suggestion de groupes participant à des événements', '2020-06-13'),
(83, 'Suggestion musicale', '2020-03-19'),
(84, 'Suggestion de groupes en fonction des genres musicaux préférés', '2020-10-15'),
(85, 'Suggestion Ami', '2021-03-20'),
(86, 'Suggestion de contenu basée sur les publications précédentes', '2020-03-10'),
(87, 'Suggestion amis en fonction des intérêts communs', '2023-06-25'),
(88, 'Suggestion de Contenu', '2023-11-14'),
(89, 'Suggestion de contenu basée sur les publications précédentes', '2021-09-23'),
(90, 'Suggestion de groupes basée sur des membres amis', '2020-10-10'),
(91, 'Suggestion de Playlist', '2020-04-29'),
(92, 'Suggestion de groupes basée sur des membres amis', '2022-12-08'),
(93, 'Suggestion Ami', '2023-10-30'),
(94, 'Suggestion de groupes participant à des événements', '2024-02-11'),
(95, 'Suggestion de contenu basée sur les publications précédentes', '2023-04-10'),
(96, 'Suggestion de groupes en fonction des genres musicaux préférés', '2021-05-16'),
(97, 'Suggestion de groupes basée sur des membres amis', '2023-09-04'),
(98, 'Suggestion amis basée sur des amis communs', '2021-04-30'),
(99, 'Suggestion de Playlist', '2023-07-25'),
(100, 'Suggestion de Playlist', '2021-03-05'),
(101, 'Suggestion événement/concert basée sur les préférences musicales', '2020-11-19'),
(102, 'Suggestion de groupes basée sur des membres amis', '2022-12-28'),
(103, 'Suggestion amis basée sur des amis communs', '2022-05-28'),
(104, 'Suggestion amis en fonction des intérêts communs', '2022-04-02'),
(105, 'Suggestion de Contenu', '2021-10-10'),
(106, 'Suggestion de playlists basée sur les habitudes écoute', '2022-08-17'),
(107, 'Suggestion de playlists basée sur les habitudes écoute', '2024-04-18'),
(108, 'Suggestion musicale', '2020-06-07'),
(109, 'Suggestion de contenu basée sur les publications précédentes', '2021-09-20'),
(110, 'Suggestion de playlists basée sur les habitudes écoute', '2022-11-03'),
(111, 'Suggestion amis en fonction des intérêts communs', '2023-01-18'),
(112, 'Suggestion de Contenu', '2023-08-19'),
(113, 'Suggestion de contenu basée sur les publications précédentes', '2023-06-19'),
(114, 'Suggestion musicale', '2022-01-24'),
(115, 'Suggestion de Playlist', '2022-01-22'),
(116, 'Suggestion amis basée sur des amis communs', '2022-07-18'),
(117, 'Suggestion de Playlist', '2023-07-15'),
(118, 'Suggestion de Groupe', '2023-01-08'),
(119, 'Suggestion de Contenu', '2020-05-09'),
(120, 'Suggestion de Groupe', '2020-06-19'),
(121, 'Suggestion de groupes basée sur des membres amis', '2021-04-24'),
(122, 'Suggestion de groupes participant à des événements', '2024-04-23'),
(123, 'Suggestion de playlists basée sur les habitudes écoute', '2024-04-05'),
(124, 'Suggestion événement/concert basée sur les préférences musicales', '2020-10-18'),
(125, 'Suggestion musicale', '2023-03-14'),
(126, 'Suggestion de Groupe', '2021-11-26'),
(127, 'Suggestion de groupes participant à des événements', '2022-08-06'),
(128, 'Suggestion Ami', '2023-05-13'),
(129, 'Suggestion amis en fonction des intérêts communs', '2023-11-28'),
(130, 'Suggestion de groupes basée sur des membres amis', '2021-03-16'),
(131, 'Suggestion de Groupe', '2021-09-05'),
(132, 'Suggestion amis basée sur des amis communs', '2022-12-04'),
(133, 'Suggestion Ami', '2022-12-07'),
(134, 'Suggestion de playlists basée sur les habitudes écoute', '2021-06-16'),
(135, 'Suggestion de Groupe', '2022-11-27'),
(136, 'Suggestion de groupes basée sur des membres amis', '2022-02-24'),
(137, 'Suggestion de Groupe', '2023-08-19'),
(138, 'Suggestion de groupes basée sur des membres amis', '2023-04-14'),
(139, 'Suggestion de contenu basée sur les publications précédentes', '2024-02-16'),
(140, 'Suggestion de groupes participant à des événements', '2023-12-02'),
(141, 'Suggestion musicale', '2023-12-09'),
(142, 'Suggestion amis basée sur des amis communs', '2022-10-21'),
(143, 'Suggestion événement/concert basée sur les préférences musicales', '2024-04-13'),
(144, 'Suggestion de contenu basée sur les publications précédentes', '2023-06-16'),
(145, 'Suggestion de Contenu', '2020-01-25'),
(146, 'Suggestion amis en fonction des intérêts communs', '2023-12-12'),
(147, 'Suggestion de playlists basée sur les habitudes écoute', '2022-01-12'),
(148, 'Suggestion de groupes participant à des événements', '2021-05-02'),
(149, 'Suggestion amis en fonction des intérêts communs', '2023-02-02'),
(150, 'Suggestion amis basée sur des amis communs', '2020-04-06');

-- Morceau
INSERT INTO Morceau (Morceau_Id, Titre, Nom_album, Genre) VALUES
(1, 'mother', 'say', 'Jazz'),
(2, 'population', 'cell', 'Jazz'),
(3, 'identify', 'air', 'Classical'),
(4, 'thought', 'along', 'Rap'),
(5, 'way', 'hair', 'Classical'),
(6, 'such', 'should', 'Country'),
(7, 'few', 'ago', 'Blues'),
(8, 'experience', 'number', 'Reggae'),
(9, 'reflect', 'series', 'Hip-hop'),
(10, 'rest', 'east', 'Reggae'),
(11, 'finally', 'management', 'Hip-hop'),
(12, 'near', 'stay', 'Classical'),
(13, 'against', 'television', 'Hip-hop'),
(14, 'by', 'who', 'Hip-hop'),
(15, 'speech', 'performance', 'Country'),
(16, 'away', 'leg', 'Blues'),
(17, 'response', 'perform', 'Electronic'),
(18, 'size', 'staff', 'Pop'),
(19, 'bit', 'any', 'Rock'),
(20, 'keep', 'health', 'Pop'),
(21, 'design', 'hand', 'Country'),
(22, 'world', 'real', 'Jazz'),
(23, 'middle', 'off', 'Jazz'),
(24, 'dream', 'somebody', 'Blues'),
(25, 'fire', 'project', 'Hip-hop'),
(26, 'film', 'instead', 'Country'),
(27, 'day', 'something', 'Reggae'),
(28, 'value', 'player', 'Rock'),
(29, 'special', 'staff', 'Electronic'),
(30, 'them', 'son', 'Country'),
(31, 'skill', 'pass', 'Rock'),
(32, 'part', 'behavior', 'Rap'),
(33, 'employee', 'probably', 'Rock'),
(34, 'cultural', 'wear', 'Pop'),
(35, 'represent', 'begin', 'Reggae'),
(36, 'fund', 'Mrs', 'Rock'),
(37, 'community', 'sort', 'Pop'),
(38, 'natural', 'animal', 'Reggae'),
(39, 'news', 'break', 'Jazz'),
(40, 'majority', 'to', 'Jazz'),
(41, 'leave', 'want', 'Jazz'),
(42, 'question', 'remain', 'Rock'),
(43, 'baby', 'arm', 'Hip-hop'),
(44, 'road', 'act', 'Jazz'),
(45, 'right', 'hand', 'Jazz'),
(46, 'generation', 'have', 'Reggae'),
(47, 'protect', 'know', 'Country'),
(48, 'adult', 'idea', 'Blues'),
(49, 'fill', 'thus', 'Electronic'),
(50, 'page', 'expect', 'Pop'),
(51, 'available', 'few', 'Hip-hop'),
(52, 'reveal', 'article', 'Classical'),
(53, 'voice', 'work', 'Reggae'),
(54, 'less', 'property', 'Reggae'),
(55, 'per', 'fall', 'Hip-hop'),
(56, 'president', 'behind', 'Rock'),
(57, 'week', 'some', 'Rock'),
(58, 'worker', 'doctor', 'Hip-hop'),
(59, 'ok', 'why', 'Country'),
(60, 'school', 'visit', 'Classical'),
(61, 'bit', 'finally', 'Pop'),
(62, 'whose', 'sometimes', 'Rap'),
(63, 'base', 'statement', 'Pop'),
(64, 'before', 'talk', 'Hip-hop'),
(65, 'doctor', 'add', 'Reggae'),
(66, 'impact', 'race', 'Jazz'),
(67, 'eat', 'in', 'Pop'),
(68, 'page', 'shoulder', 'Pop'),
(69, 'approach', 'very', 'Country'),
(70, 'court', 'tend', 'Electronic'),
(71, 'appear', 'kitchen', 'Rap'),
(72, 'yet', 'central', 'Jazz'),
(73, 'how', 'significant', 'Rap'),
(74, 'probably', 'happy', 'Rock'),
(75, 'why', 'goal', 'Rap'),
(76, 'plan', 'bad', 'Jazz'),
(77, 'physical', 'hear', 'Rock'),
(78, 'party', 'go', 'Reggae'),
(79, 'make', 'account', 'Classical'),
(80, 'success', 'edge', 'Electronic'),
(81, 'poor', 'church', 'Rap'),
(82, 'who', 'feel', 'Pop'),
(83, 'become', 'relationship', 'Rock'),
(84, 'quality', 'watch', 'Classical'),
(85, 'course', 'summer', 'Reggae'),
(86, 'newspaper', 'foot', 'Reggae'),
(87, 'pressure', 'leave', 'Pop'),
(88, 'address', 'really', 'Reggae'),
(89, 'its', 'rise', 'Blues'),
(90, 'should', 'focus', 'Country'),
(91, 'also', 'enjoy', 'Rock'),
(92, 'animal', 'call', 'Classical'),
(93, 'together', 'especially', 'Jazz'),
(94, 'light', 'phone', 'Rock'),
(95, 'room', 'shoulder', 'Rap'),
(96, 'break', 'sound', 'Electronic'),
(97, 'big', 'her', 'Pop'),
(98, 'husband', 'around', 'Rock'),
(99, 'father', 'set', 'Rap'),
(100, 'senior', 'outside', 'Classical');

-- Personne
INSERT INTO Personne (Personne_ID, Age, Genre, Nationnalite) VALUES
(1, 49, 'F', 'Chile'),
(2, 67, 'M', 'Tuvalu'),
(3, 50, 'M', 'Azerbaijan'),
(4, 74, 'M', 'Christmas Island'),
(5, 52, 'M', 'Lao People's Democratic Republic'),
(6, 63, 'M', 'Sri Lanka'),
(7, 18, 'F', 'Niue'),
(8, 61, 'M', 'Sri Lanka'),
(9, 66, 'M', 'Russian Federation'),
(10, 75, 'F', 'Antarctica (the territory South of 60 deg S)'),
(11, 23, 'M', 'Costa Rica'),
(12, 71, 'F', 'British Virgin Islands'),
(13, 27, 'M', 'Mongolia'),
(14, 66, 'F', 'Ghana'),
(15, 78, 'M', 'Christmas Island'),
(16, 64, 'F', 'Samoa'),
(17, 20, 'M', 'Uzbekistan'),
(18, 77, 'M', 'Micronesia'),
(19, 62, 'F', 'Bouvet Island (Bouvetoya)'),
(20, 43, 'M', 'Chile'),
(21, 76, 'F', 'Suriname'),
(22, 38, 'M', 'Gabon'),
(23, 45, 'F', 'Sao Tome and Principe'),
(24, 47, 'F', 'Lebanon'),
(25, 76, 'M', 'Kazakhstan'),
(26, 58, 'M', 'Costa Rica'),
(27, 23, 'F', 'Congo'),
(28, 33, 'F', 'Georgia'),
(29, 43, 'M', 'Dominica'),
(30, 33, 'M', 'Poland'),
(31, 49, 'F', 'Jamaica'),
(32, 53, 'F', 'Eritrea'),
(33, 74, 'M', 'Botswana'),
(34, 42, 'M', 'Greenland'),
(35, 35, 'M', 'French Guiana'),
(36, 76, 'F', 'Ukraine'),
(37, 74, 'M', 'Norfolk Island'),
(38, 23, 'F', 'Kiribati'),
(39, 48, 'M', 'Kenya'),
(40, 28, 'M', 'Saint Barthelemy'),
(41, 68, 'F', 'Finland'),
(42, 69, 'F', 'Ethiopia'),
(43, 26, 'F', 'Estonia'),
(44, 33, 'M', 'Cayman Islands'),
(45, 79, 'M', 'Guyana'),
(46, 70, 'F', 'Gambia'),
(47, 19, 'F', 'Saint Lucia'),
(48, 32, 'M', 'Saint Barthelemy'),
(49, 64, 'M', 'Chad'),
(50, 70, 'M', 'Zimbabwe'),
(51, 62, 'M', 'Philippines'),
(52, 67, 'F', 'Grenada'),
(53, 71, 'F', 'Sierra Leone'),
(54, 53, 'M', 'Luxembourg'),
(55, 21, 'F', 'Slovakia (Slovak Republic)'),
(56, 74, 'M', 'Mauritius'),
(57, 20, 'M', 'Luxembourg'),
(58, 64, 'F', 'Albania'),
(59, 40, 'M', 'Tokelau'),
(60, 38, 'M', 'Thailand');

-- Tag_Lieu
INSERT INTO Tag_Lieu (Tag_Id, Lieu_ID) VALUES
(27, 6),
(11, 1),
(1, 5),
(28, 2),
(19, 5),
(3, 5),
(30, 3),
(14, 4),
(3, 3),
(28, 6),
(6, 3),
(4, 9),
(3, 6),
(26, 7),
(27, 10),
(11, 4),
(30, 1),
(22, 3),
(23, 3),
(7, 7),
(18, 5),
(17, 4),
(24, 7),
(25, 6),
(6, 5),
(1, 9),
(5, 2),
(28, 3),
(6, 7),
(24, 2);

-- Uti_Sugg
INSERT INTO Uti_Sugg (Utilisateur_Id, Suggestion_ID) VALUES
(127, 24),
(17, 45),
(31, 8),
(26, 13),
(119, 21),
(34, 22),
(70, 45),
(9, 39),
(145, 41),
(39, 6),
(77, 18),
(130, 41),
(44, 36),
(63, 5),
(29, 21),
(19, 21),
(33, 40),
(124, 33),
(26, 16),
(81, 41),
(113, 45),
(27, 32),
(119, 31),
(80, 14),
(22, 4),
(20, 26),
(82, 44),
(77, 28),
(140, 48),
(51, 18),
(16, 23),
(95, 12),
(130, 9),
(38, 45),
(19, 14),
(81, 43),
(79, 5),
(92, 27),
(108, 12),
(126, 30),
(17, 18),
(6, 5),
(76, 9),
(82, 28),
(47, 17),
(144, 16),
(40, 43),
(136, 40),
(112, 9),
(25, 27),
(63, 27),
(31, 45),
(32, 20),
(67, 28),
(110, 23),
(94, 29),
(8, 24),
(102, 47),
(125, 37),
(36, 6),
(110, 26),
(70, 34),
(149, 22),
(136, 50),
(108, 27),
(115, 29),
(142, 7),
(136, 6),
(89, 26),
(136, 6),
(23, 30),
(25, 41),
(90, 45),
(132, 16),
(136, 41),
(82, 46),
(29, 42),
(13, 34),
(38, 44),
(33, 32),
(72, 22),
(108, 35),
(25, 3),
(135, 29),
(25, 31),
(87, 43),
(24, 27),
(7, 19),
(41, 37),
(68, 7),
(144, 3),
(139, 16),
(3, 28),
(9, 12),
(133, 12),
(71, 3),
(105, 5),
(9, 23),
(83, 2),
(76, 42),
(135, 4),
(137, 13),
(103, 44),
(149, 24),
(2, 41),
(80, 41),
(19, 42),
(73, 2),
(61, 23),
(48, 42),
(29, 43),
(146, 11),
(139, 43),
(69, 20),
(76, 29),
(101, 32),
(42, 48),
(23, 29),
(62, 14),
(111, 35),
(120, 23),
(35, 10),
(82, 13),
(113, 26),
(123, 45),
(58, 33),
(17, 4),
(81, 6),
(106, 5),
(132, 27),
(83, 39),
(146, 4),
(77, 43),
(56, 25),
(48, 27),
(144, 11),
(71, 29),
(99, 25),
(54, 3),
(144, 39),
(5, 23),
(40, 40),
(77, 37),
(45, 3),
(34, 17),
(113, 17),
(117, 3),
(15, 24),
(33, 7),
(43, 18);

-- Tag_Playlist
INSERT INTO Tag_Playlist (Tag_Id, Playlist_ID) VALUES
(7, 16),
(16, 28),
(16, 22),
(23, 15),
(8, 19),
(15, 10),
(29, 10),
(14, 25),
(9, 7),
(22, 17),
(19, 11),
(21, 30),
(21, 29),
(11, 7),
(17, 9),
(20, 6),
(28, 12),
(3, 8),
(17, 18),
(4, 25),
(14, 7),
(3, 5),
(8, 18),
(10, 6),
(16, 5),
(20, 18),
(23, 26),
(16, 19),
(15, 16),
(3, 2);

-- Artistes
INSERT INTO Artistes (Artistes_ID, Nom, Genre, Nb_Membres) VALUES
(1, 'Knight-Huffman', 'KPop', 4),
(2, 'Fischer Group', 'Classical', 7),
(3, 'Martin, Lewis and Peterson', 'Rap', 10),
(4, 'Joyce-Smith', 'Metal', 4),
(5, 'Stevens, Anthony and Robinson', 'Country', 4),
(6, 'Flowers-Butler', 'Blues', 6),
(7, 'Howard-Jones', 'Jazz', 5),
(8, 'Dickerson, Wilson and Martin', 'Hip-hop', 3),
(9, 'Lewis Ltd', 'Electronic', 5),
(10, 'Martin, Flowers and Henry', 'Rock', 4),
(11, 'Garrison Group', 'Jazz', 7),
(12, 'Miller-Johnson', 'Classical', 3),
(13, 'Thomas, Wheeler and Jones', 'Country', 3),
(14, 'Hernandez LLC', 'Country', 4),
(15, 'Martinez LLC', 'Country', 3),
(16, 'Bryan Group', 'Rock', 4),
(17, 'Castillo-Stokes', 'Jazz', 9),
(18, 'Gibson LLC', 'Country', 6),
(19, 'Miller-Gilbert', 'Country', 6),
(20, 'Rose PLC', 'Electronic', 6),
(21, 'Gill-Cuevas', 'Jazz', 10),
(22, 'Freeman-Hanson', 'Blues', 10),
(23, 'Simmons, Leonard and Evans', 'Metal', 6),
(24, 'Barnes, Ballard and Gonzales', 'Rock', 6),
(25, 'Vincent-Benitez', 'Metal', 6),
(26, 'Weaver-Rojas', 'Rock', 10),
(27, 'Willis, Williams and Carter', 'Rap', 3),
(28, 'Dunn, Barnes and King', 'Rap', 10),
(29, 'Martinez-Fuller', 'Rap', 4),
(30, 'Scott-Walker', 'Jazz', 8),
(31, 'Garcia-Johnson', 'Rap', 5),
(32, 'Jennings-Parrish', 'Metal', 10),
(33, 'Obrien and Sons', 'Rock', 4),
(34, 'Browning, Herrera and Rowe', 'Rock', 5),
(35, 'Porter, Moore and Mccoy', 'Blues', 5),
(36, 'Brown, Baker and Conner', 'Blues', 3),
(37, 'Gibson and Sons', 'KPop', 5),
(38, 'Calhoun-Harvey', 'KPop', 7),
(39, 'Boone LLC', 'Electronic', 7),
(40, 'Ward-Joseph', 'Hip-hop', 4),
(41, 'Briggs Ltd', 'Country', 6),
(42, 'Rodriguez and Sons', 'Rock', 3),
(43, 'May, Martin and West', 'Rap', 7),
(44, 'Spencer, Cardenas and Williamson', 'Hip-hop', 8),
(45, 'Rosales-Brown', 'Rap', 3),
(46, 'Smith, Jones and Anderson', 'Rap', 5),
(47, 'Roberts-Gibson', 'Rock', 10),
(48, 'Mendoza-Smith', 'Jazz', 7),
(49, 'Payne-Oconnell', 'Metal', 3),
(50, 'Taylor Inc', 'Classical', 10),
(51, 'Ibarra LLC', 'KPop', 5),
(52, 'Foster, Keith and Long', 'Country', 8),
(53, 'Chase, White and Blair', 'Blues', 5),
(54, 'Fowler, Preston and Sanchez', 'KPop', 9),
(55, 'Gonzales, Knight and Rojas', 'Blues', 10),
(56, 'Graves PLC', 'Electronic', 3),
(57, 'Jones-West', 'Hip-hop', 3),
(58, 'Moreno, Pham and Gamble', 'Jazz', 5),
(59, 'Travis Inc', 'Rap', 8),
(60, 'Jones, Sharp and Moss', 'Classical', 4),
(61, 'Robinson Group', 'Blues', 6),
(62, 'Holmes, Mullins and Sosa', 'Electronic', 10),
(63, 'Friedman-Gray', 'Hip-hop', 5),
(64, 'Contreras Group', 'Rap', 8),
(65, 'Wilson Group', 'Rock', 9),
(66, 'Williams Group', 'Rock', 4),
(67, 'Jones-Barnes', 'Jazz', 9),
(68, 'Mueller, Baker and Campbell', 'KPop', 4),
(69, 'Parsons, Hammond and Burgess', 'Rock', 3),
(70, 'Roberts-Hudson', 'Rap', 4),
(71, 'Parker-Gaines', 'Electronic', 6),
(72, 'Riddle-Osborn', 'Rock', 10),
(73, 'Mcmahon and Sons', 'KPop', 6),
(74, 'Ryan-Lloyd', 'Metal', 9),
(75, 'Curtis, Martin and Gross', 'Blues', 7),
(76, 'Cannon and Sons', 'Classical', 3),
(77, 'Price-Glenn', 'Jazz', 3),
(78, 'Armstrong, Cherry and Brown', 'KPop', 6),
(79, 'Bowman-Gamble', 'Blues', 7),
(80, 'Harris LLC', 'Hip-hop', 3),
(81, 'Smith LLC', 'Blues', 8),
(82, 'Evans Group', 'Electronic', 8),
(83, 'Walls Ltd', 'Classical', 6),
(84, 'Durham and Sons', 'Classical', 6),
(85, 'Mitchell, West and Arnold', 'Jazz', 8),
(86, 'Morris, Moreno and Kim', 'Rap', 4),
(87, 'Kelley-Coleman', 'Rap', 3),
(88, 'Dodson PLC', 'KPop', 6),
(89, 'Sullivan-Crawford', 'Classical', 5),
(90, 'Powell, Gomez and Massey', 'Blues', 6),
(91, 'Thompson-Graves', 'Blues', 5),
(92, 'Colon, Hines and Weiss', 'Electronic', 8),
(93, 'Walker-Reyes', 'Rap', 3),
(94, 'Cobb, Johnson and Ball', 'Classical', 3),
(95, 'Cowan Inc', 'Electronic', 9),
(96, 'Davies Group', 'KPop', 10),
(97, 'Miller-Smith', 'Hip-hop', 4),
(98, 'Price Group', 'Country', 8),
(99, 'Fox, Ryan and King', 'Rock', 3),
(100, 'Serrano, Austin and Powell', 'Classical', 6);

-- PlaylistMorceau
INSERT INTO PlaylistMorceau (Playlist_Id, Morceau_Id) VALUES
(5, 74),
(21, 61),
(13, 42),
(19, 68),
(2, 89),
(28, 80),
(27, 33),
(9, 91),
(23, 73),
(27, 60),
(13, 88),
(21, 40),
(1, 69),
(22, 96),
(7, 40),
(6, 12),
(30, 50),
(7, 3),
(15, 46),
(18, 54),
(16, 63),
(19, 82),
(18, 60),
(30, 81),
(15, 76),
(28, 81),
(26, 20),
(16, 40),
(22, 1),
(15, 29),
(2, 9),
(25, 41),
(23, 64),
(15, 69),
(19, 78),
(25, 61),
(11, 98),
(11, 40),
(2, 64),
(30, 89),
(6, 61),
(6, 15),
(24, 27),
(19, 20),
(30, 78),
(11, 96),
(7, 25),
(15, 66),
(23, 1),
(17, 28),
(11, 4),
(11, 38),
(27, 1),
(16, 55),
(25, 78),
(12, 36),
(14, 60),
(26, 55),
(25, 80),
(1, 18),
(29, 5),
(26, 9),
(16, 39),
(2, 68),
(5, 90),
(24, 91),
(27, 59),
(30, 94),
(10, 34),
(1, 60),
(4, 98),
(8, 84),
(18, 27),
(23, 10),
(16, 48),
(7, 42),
(21, 92),
(10, 59),
(15, 2),
(21, 28),
(30, 16),
(4, 16),
(17, 32),
(16, 70),
(17, 25),
(13, 84),
(4, 95),
(19, 65),
(2, 1),
(20, 29),
(11, 23),
(23, 96),
(17, 20),
(9, 28),
(28, 53),
(7, 44),
(25, 45),
(15, 1),
(4, 9),
(6, 4),
(1, 56),
(21, 85),
(29, 25),
(18, 48),
(28, 2),
(25, 58),
(21, 60),
(1, 16),
(6, 53),
(21, 72),
(4, 12),
(9, 30),
(7, 30),
(27, 68),
(27, 32),
(10, 92),
(6, 21),
(26, 68),
(4, 81),
(4, 45),
(14, 15),
(8, 86),
(17, 86),
(11, 54),
(23, 45),
(2, 24),
(17, 89),
(28, 41),
(7, 74),
(11, 78),
(9, 66),
(2, 13),
(14, 96),
(20, 8),
(25, 23),
(1, 11),
(3, 48),
(17, 87),
(3, 32),
(9, 69),
(3, 4),
(18, 23),
(4, 75),
(27, 74),
(2, 26),
(2, 57),
(22, 94),
(1, 44),
(28, 6),
(21, 25);

-- Relation
INSERT INTO Relation (Relation_ID, User1) VALUES
(1, 59),
(2, 44),
(3, 34),
(4, 132),
(5, 7),
(6, 100),
(7, 100),
(8, 108),
(9, 58),
(10, 68),
(11, 10),
(12, 36),
(13, 116),
(14, 19),
(15, 115),
(16, 71),
(17, 60),
(18, 71),
(19, 125),
(20, 9),
(21, 79),
(22, 100),
(23, 106),
(24, 139),
(25, 40),
(26, 25),
(27, 9),
(28, 28),
(29, 32),
(30, 44),
(31, 131),
(32, 4),
(33, 90),
(34, 93),
(35, 6),
(36, 112),
(37, 57),
(38, 97),
(39, 101),
(40, 43),
(41, 130),
(42, 97),
(43, 77),
(44, 20),
(45, 58),
(46, 9),
(47, 37),
(48, 15),
(49, 29),
(50, 21),
(51, 21),
(52, 103),
(53, 96),
(54, 21),
(55, 119),
(56, 28),
(57, 85),
(58, 97),
(59, 41),
(60, 63),
(61, 34),
(62, 133),
(63, 19),
(64, 133),
(65, 5),
(66, 19),
(67, 120),
(68, 59),
(69, 97),
(70, 33),
(71, 10),
(72, 117),
(73, 95),
(74, 27),
(75, 126),
(76, 84),
(77, 51),
(78, 67),
(79, 116),
(80, 97),
(81, 137),
(82, 126),
(83, 121),
(84, 36),
(85, 70),
(86, 116),
(87, 44),
(88, 94),
(89, 35),
(90, 60),
(91, 71),
(92, 139),
(93, 92),
(94, 109),
(95, 108),
(96, 44),
(97, 133),
(98, 61),
(99, 124),
(100, 125);

-- Tag_Avis
INSERT INTO Tag_Avis (Tag_Id, Avis_ID) VALUES
(19, 55),
(10, 53),
(25, 40),
(30, 11),
(24, 59),
(6, 70),
(10, 35),
(16, 14),
(23, 2),
(15, 36),
(28, 38),
(6, 17),
(12, 19),
(25, 41),
(11, 30),
(18, 60),
(1, 26),
(10, 42),
(16, 36),
(25, 45),
(9, 41),
(7, 41),
(11, 67),
(17, 16),
(21, 46),
(22, 69),
(19, 53),
(5, 60),
(3, 61),
(24, 53);

-- Avis_Artiste
INSERT INTO Avis_Artiste (Avis_Id, Artistes_ID) VALUES
(31, 17),
(62, 1),
(54, 7),
(13, 10),
(43, 1),
(23, 25),
(32, 1),
(31, 1),
(70, 30),
(20, 2),
(34, 14),
(11, 16),
(21, 6),
(51, 7),
(10, 2),
(47, 18),
(26, 6),
(51, 9),
(51, 3),
(9, 25),
(58, 15),
(38, 6),
(50, 17),
(33, 8),
(46, 13),
(6, 24),
(35, 10),
(35, 20),
(42, 30),
(17, 19);

-- Playlist
INSERT INTO Playlist (Playlist_Id, Nom, IsGroupe, Artistes_Id, Nb_morceau) VALUES
(1, 'interest', True, 96, 1),
(2, 'own', False, 48, 13),
(3, 'meeting', True, 20, 11),
(4, 'beautiful', True, 142, 0),
(5, 'recently', True, 49, 14),
(6, 'hit', True, 35, 5),
(7, 'area', False, 142, 8),
(8, 'since', True, 22, 12),
(9, 'forward', True, 7, 13),
(10, 'indicate', False, 89, 8),
(11, 'anything', False, 83, 7),
(12, 'up', True, 143, 16),
(13, 'certain', False, 93, 11),
(14, 'each', True, 30, 17),
(15, 'nearly', True, 12, 17),
(16, 'return', False, 34, 6),
(17, 'American', False, 52, 18),
(18, 'today', True, 90, 8),
(19, 'fill', True, 63, 0),
(20, 'focus', True, 121, 14),
(21, 'likely', False, 122, 10),
(22, 'occur', False, 15, 13),
(23, 'culture', False, 140, 2),
(24, 'each', True, 138, 9),
(25, 'training', True, 16, 19),
(26, 'not', False, 25, 13),
(27, 'house', False, 2, 10),
(28, 'Democrat', True, 41, 5),
(29, 'must', True, 42, 3),
(30, 'test', True, 41, 7);

-- Amis
INSERT INTO Amis (Utilisateur_Id, Relation_ID) VALUES
(109, 1),
(72, 2),
(21, 3),
(40, 4),
(47, 5),
(72, 6),
(41, 7),
(84, 8),
(121, 9),
(109, 10),
(63, 11),
(13, 12),
(28, 13),
(70, 14),
(131, 15),
(114, 16),
(84, 17),
(38, 18),
(102, 19),
(25, 20),
(36, 21),
(92, 22),
(122, 23),
(30, 24),
(115, 25),
(105, 26),
(77, 27),
(56, 28),
(140, 29),
(87, 30),
(2, 31),
(8, 32),
(105, 33),
(119, 34),
(111, 35),
(125, 36),
(63, 37),
(22, 38),
(108, 39),
(77, 40),
(119, 41),
(39, 42),
(86, 43),
(99, 44),
(130, 45),
(56, 46),
(79, 47),
(15, 48),
(136, 49),
(37, 50),
(70, 51),
(30, 52),
(48, 53),
(114, 54),
(146, 55),
(51, 56),
(71, 57),
(93, 58),
(29, 59),
(39, 60),
(58, 61),
(115, 62),
(96, 63),
(121, 64),
(68, 65),
(36, 66),
(24, 67),
(45, 68),
(91, 69),
(61, 70),
(117, 71),
(135, 72),
(50, 73),
(110, 74),
(26, 75),
(5, 76),
(91, 77),
(88, 78),
(6, 79),
(103, 80),
(43, 81),
(28, 82),
(124, 83),
(72, 84),
(87, 85),
(5, 86),
(4, 87),
(56, 88),
(38, 89),
(67, 90),
(66, 91),
(143, 92),
(149, 93),
(15, 94),
(39, 95),
(88, 96),
(130, 97),
(89, 98),
(66, 99);

-- Tag_Artistes
INSERT INTO Tag_Artistes (Tag_Id, Artistes_ID) VALUES
(28, 30),
(1, 22),
(6, 19),
(13, 19),
(29, 1),
(30, 10),
(22, 12),
(7, 12),
(2, 4),
(17, 14),
(16, 17),
(17, 23),
(12, 18),
(30, 17),
(10, 13),
(1, 30),
(10, 8),
(23, 22),
(15, 5),
(7, 18),
(7, 5),
(25, 5),
(19, 7),
(22, 9),
(13, 18),
(3, 6),
(3, 14),
(15, 23),
(8, 19),
(1, 26);

-- Historique
INSERT INTO Historique (Historique_ID, Type, Date) VALUES
(1, 'Désabonnement', '2020-09-14'),
(2, 'Suppression Ami', '2023-09-17'),
(3, 'Suppression Ami', '2021-08-11'),
(4, 'Déconnexion', '2023-08-19'),
(5, 'Envoi de Message Privé', '2021-07-29'),
(6, 'Déconnexion', '2023-04-25'),
(7, 'Désabonnement', '2022-04-20'),
(8, 'Suppression', '2020-05-25'),
(9, 'Modification de Publication', '2023-04-15'),
(10, 'Connexion', '2022-11-07'),
(11, 'Modification de Publication', '2023-12-10'),
(12, 'Modification de Profil', '2022-11-21'),
(13, 'Like', '2022-08-15'),
(14, 'Modification de Playlist', '2022-12-13'),
(15, 'Ajout Ami', '2020-09-11'),
(16, 'Déconnexion', '2023-06-16'),
(17, 'Partage', '2024-03-11'),
(18, 'Suppression de Playlist', '2020-03-07'),
(19, 'Suppression de Playlist', '2021-11-19'),
(20, 'Quitter un Groupe', '2020-04-24'),
(21, 'Modification de Publication', '2022-08-31'),
(22, 'Commentaire', '2021-10-31'),
(23, 'Réception de Message Privé', '2024-03-29'),
(24, 'Déconnexion', '2023-06-18'),
(25, 'Commentaire', '2020-10-12'),
(26, 'Modification de Publication', '2021-08-05'),
(27, 'Ajout Ami', '2022-02-10'),
(28, 'Création de Groupe', '2023-01-28'),
(29, 'Quitter un Groupe', '2023-09-09'),
(30, 'Connexion', '2024-01-30'),
(31, 'Like', '2021-03-17'),
(32, 'Modification de Publication', '2021-05-02'),
(33, 'Connexion', '2022-08-07'),
(34, 'Mise à Jour', '2020-01-30'),
(35, 'Lecture de Message Privé', '2023-07-07'),
(36, 'Création de Groupe', '2022-12-30'),
(37, 'Suppression de Playlist', '2023-04-16'),
(38, 'Modification de Publication', '2022-07-06'),
(39, 'Lecture', '2020-10-16'),
(40, 'Like', '2024-04-24'),
(41, 'Ajout Ami', '2022-12-05'),
(42, 'Ajout Ami', '2022-03-23'),
(43, 'Suppression', '2021-04-29'),
(44, 'Suppression de Playlist', '2023-06-21'),
(45, 'Lecture', '2022-10-11'),
(46, 'Suppression de Playlist', '2023-01-05'),
(47, 'Partage', '2022-06-02'),
(48, 'Publication', '2021-06-22'),
(49, 'Déconnexion', '2020-08-02'),
(50, 'Lecture de Message Privé', '2021-01-29'),
(51, 'Modification de Profil', '2023-07-07'),
(52, 'Création de Groupe', '2022-04-28'),
(53, 'Lecture de Message Privé', '2021-05-01'),
(54, 'Désabonnement', '2020-02-17'),
(55, 'Lecture de Message Privé', '2022-06-15'),
(56, 'Rejoindre un Groupe', '2021-06-14'),
(57, 'Abonnement', '2021-11-03'),
(58, 'Création', '2024-01-29'),
(59, 'Déconnexion', '2022-06-23'),
(60, 'Création de Groupe', '2020-05-04'),
(61, 'Suppression de Playlist', '2023-04-04'),
(62, 'Quitter un Groupe', '2021-01-28'),
(63, 'Création de Groupe', '2021-05-06'),
(64, 'Lecture', '2021-09-26'),
(65, 'Suppression', '2021-10-19'),
(66, 'Lecture', '2023-10-18'),
(67, 'Suppression de Playlist', '2024-04-15'),
(68, 'Création', '2020-12-07'),
(69, 'Désabonnement', '2020-05-26'),
(70, 'Commentaire', '2020-11-10'),
(71, 'Désabonnement', '2022-12-11'),
(72, 'Lecture', '2021-09-04'),
(73, 'Connexion', '2020-07-09'),
(74, 'Création', '2020-03-22'),
(75, 'Création de Playlist', '2023-09-04'),
(76, 'Déconnexion', '2020-09-18'),
(77, 'Suppression de Publication', '2021-06-30'),
(78, 'Partage', '2022-08-23'),
(79, 'Lecture de Message Privé', '2023-09-02'),
(80, 'Création de Groupe', '2020-08-08'),
(81, 'Mise à Jour', '2020-03-08'),
(82, 'Déconnexion', '2022-11-21'),
(83, 'Création de Groupe', '2022-02-07'),
(84, 'Mise à Jour', '2022-12-13'),
(85, 'Suppression', '2023-07-24'),
(86, 'Création', '2021-08-26'),
(87, 'Rejoindre un Groupe', '2022-05-28'),
(88, 'Modification de Profil', '2023-11-23'),
(89, 'Suppression', '2020-03-07'),
(90, 'Modification de Playlist', '2023-06-18'),
(91, 'Lecture', '2023-01-15'),
(92, 'Lecture de Message Privé', '2022-07-12'),
(93, 'Envoi de Message Privé', '2020-03-14'),
(94, 'Modification de Publication', '2020-11-03'),
(95, 'Partage', '2020-03-20'),
(96, 'Création', '2024-02-25'),
(97, 'Quitter un Groupe', '2023-06-05'),
(98, 'Quitter un Groupe', '2021-10-14'),
(99, 'Lecture de Message Privé', '2022-07-12'),
(100, 'Modification de Profil', '2022-11-05'),
(101, 'Lecture de Message Privé', '2021-10-30'),
(102, 'Ajout Ami', '2020-12-16'),
(103, 'Modification de Publication', '2022-07-24'),
(104, 'Création de Groupe', '2023-05-14'),
(105, 'Création de Playlist', '2021-04-06'),
(106, 'Modification de Publication', '2024-04-13'),
(107, 'Réception de Message Privé', '2024-01-23'),
(108, 'Création', '2020-05-22'),
(109, 'Rejoindre un Groupe', '2021-01-27'),
(110, 'Partage', '2022-02-21'),
(111, 'Suppression', '2020-12-26'),
(112, 'Lecture de Message Privé', '2020-07-04'),
(113, 'Suppression de Publication', '2021-05-02'),
(114, 'Abonnement', '2022-10-16'),
(115, 'Réception de Message Privé', '2021-11-23'),
(116, 'Réception de Message Privé', '2024-03-16'),
(117, 'Mise à Jour', '2023-03-10'),
(118, 'Création de Groupe', '2020-03-08'),
(119, 'Création de Groupe', '2023-12-30'),
(120, 'Quitter un Groupe', '2022-11-14'),
(121, 'Envoi de Message Privé', '2023-04-25'),
(122, 'Lecture', '2021-01-02'),
(123, 'Suppression', '2021-07-22'),
(124, 'Création de Playlist', '2021-03-13'),
(125, 'Suppression de Playlist', '2024-04-13'),
(126, 'Publication', '2020-10-09'),
(127, 'Réception de Message Privé', '2022-08-29'),
(128, 'Création de Playlist', '2023-09-29'),
(129, 'Lecture de Message Privé', '2023-08-19'),
(130, 'Suppression de Playlist', '2020-11-06'),
(131, 'Publication', '2020-05-06'),
(132, 'Lecture de Message Privé', '2023-01-20'),
(133, 'Ajout Ami', '2023-02-21'),
(134, 'Commentaire', '2022-08-30'),
(135, 'Réception de Message Privé', '2023-11-28'),
(136, 'Partage', '2023-08-19'),
(137, 'Lecture', '2023-12-26'),
(138, 'Lecture', '2022-06-04'),
(139, 'Lecture', '2022-11-08'),
(140, 'Ajout Ami', '2023-07-11'),
(141, 'Lecture', '2022-01-06'),
(142, 'Désabonnement', '2023-11-02'),
(143, 'Commentaire', '2020-06-30'),
(144, 'Partage', '2023-06-16'),
(145, 'Rejoindre un Groupe', '2020-01-22'),
(146, 'Suppression de Playlist', '2020-04-08'),
(147, 'Suppression de Publication', '2020-11-11'),
(148, 'Désabonnement', '2020-05-24'),
(149, 'Quitter un Groupe', '2022-08-21'),
(150, 'Ajout Ami', '2023-06-25'),
(151, 'Réception de Message Privé', '2022-07-25'),
(152, 'Mise à Jour', '2023-03-12'),
(153, 'Lecture de Message Privé', '2020-06-06'),
(154, 'Ajout Ami', '2022-10-22'),
(155, 'Lecture de Message Privé', '2022-05-30'),
(156, 'Lecture', '2023-11-21'),
(157, 'Rejoindre un Groupe', '2020-10-09'),
(158, 'Modification de Publication', '2021-09-23'),
(159, 'Lecture de Message Privé', '2023-03-03'),
(160, 'Suppression de Publication', '2023-12-15'),
(161, 'Rejoindre un Groupe', '2020-09-02'),
(162, 'Commentaire', '2023-04-29'),
(163, 'Quitter un Groupe', '2020-12-12'),
(164, 'Modification de Profil', '2024-02-24'),
(165, 'Quitter un Groupe', '2021-07-19'),
(166, 'Ajout Ami', '2020-05-13'),
(167, 'Rejoindre un Groupe', '2020-12-29'),
(168, 'Modification de Publication', '2021-01-28'),
(169, 'Création', '2021-01-17'),
(170, 'Abonnement', '2022-05-20'),
(171, 'Modification de Profil', '2023-03-29'),
(172, 'Abonnement', '2023-04-18'),
(173, 'Ajout Ami', '2023-12-26'),
(174, 'Connexion', '2021-02-07'),
(175, 'Lecture de Message Privé', '2022-04-15'),
(176, 'Lecture de Message Privé', '2023-10-06'),
(177, 'Commentaire', '2020-12-16'),
(178, 'Lecture de Message Privé', '2022-02-28'),
(179, 'Rejoindre un Groupe', '2020-04-11'),
(180, 'Rejoindre un Groupe', '2023-04-22'),
(181, 'Connexion', '2024-01-28'),
(182, 'Like', '2022-08-17'),
(183, 'Mise à Jour', '2021-03-05'),
(184, 'Déconnexion', '2023-12-29'),
(185, 'Lecture', '2023-12-02'),
(186, 'Envoi de Message Privé', '2021-01-17'),
(187, 'Like', '2020-09-12'),
(188, 'Modification de Playlist', '2021-04-04'),
(189, 'Modification de Publication', '2020-05-13'),
(190, 'Suppression', '2020-05-24'),
(191, 'Déconnexion', '2020-10-09'),
(192, 'Partage', '2022-08-21'),
(193, 'Suppression', '2020-05-28'),
(194, 'Abonnement', '2021-02-03'),
(195, 'Création de Playlist', '2020-06-21'),
(196, 'Réception de Message Privé', '2022-11-09'),
(197, 'Envoi de Message Privé', '2022-12-01'),
(198, 'Déconnexion', '2020-06-15'),
(199, 'Déconnexion', '2020-09-04'),
(200, 'Modification de Playlist', '2023-01-11'),
(201, 'Déconnexion', '2023-10-02'),
(202, 'Modification de Profil', '2022-09-24'),
(203, 'Connexion', '2022-05-29'),
(204, 'Suppression', '2020-06-17'),
(205, 'Suppression de Playlist', '2021-12-11'),
(206, 'Modification de Profil', '2021-03-30'),
(207, 'Connexion', '2023-06-26'),
(208, 'Envoi de Message Privé', '2023-11-21'),
(209, 'Like', '2022-04-24'),
(210, 'Quitter un Groupe', '2022-05-17'),
(211, 'Partage', '2020-02-07'),
(212, 'Création de Groupe', '2023-02-24'),
(213, 'Rejoindre un Groupe', '2023-06-03'),
(214, 'Partage', '2024-03-16'),
(215, 'Abonnement', '2021-05-22'),
(216, 'Commentaire', '2020-03-27'),
(217, 'Suppression Ami', '2023-10-13'),
(218, 'Création de Playlist', '2023-05-09'),
(219, 'Abonnement', '2022-09-29'),
(220, 'Lecture de Message Privé', '2023-01-11'),
(221, 'Déconnexion', '2023-08-12'),
(222, 'Création', '2021-02-14'),
(223, 'Suppression de Playlist', '2023-03-09'),
(224, 'Suppression', '2020-02-02'),
(225, 'Création de Playlist', '2022-03-03'),
(226, 'Modification de Profil', '2021-05-31'),
(227, 'Suppression de Playlist', '2023-06-24'),
(228, 'Ajout Ami', '2023-08-07'),
(229, 'Commentaire', '2023-11-13'),
(230, 'Suppression de Publication', '2023-05-04'),
(231, 'Suppression Ami', '2020-07-16'),
(232, 'Commentaire', '2021-08-19'),
(233, 'Modification de Publication', '2022-06-07'),
(234, 'Envoi de Message Privé', '2021-09-21'),
(235, 'Connexion', '2024-02-20'),
(236, 'Abonnement', '2023-07-12'),
(237, 'Quitter un Groupe', '2022-08-28'),
(238, 'Création de Groupe', '2021-07-20'),
(239, 'Lecture', '2023-01-08'),
(240, 'Modification de Playlist', '2021-10-07'),
(241, 'Désabonnement', '2021-05-21'),
(242, 'Mise à Jour', '2023-10-16'),
(243, 'Désabonnement', '2023-09-23'),
(244, 'Déconnexion', '2021-02-17'),
(245, 'Commentaire', '2023-01-21'),
(246, 'Suppression de Publication', '2024-04-19'),
(247, 'Création de Playlist', '2023-01-20'),
(248, 'Suppression de Publication', '2021-11-13'),
(249, 'Modification de Playlist', '2021-09-30'),
(250, 'Envoi de Message Privé', '2024-03-27'),
(251, 'Abonnement', '2023-10-24'),
(252, 'Like', '2023-03-13'),
(253, 'Modification de Playlist', '2023-09-27'),
(254, 'Suppression Ami', '2021-01-03'),
(255, 'Création de Playlist', '2023-04-28'),
(256, 'Modification de Playlist', '2024-03-06'),
(257, 'Envoi de Message Privé', '2020-05-08'),
(258, 'Rejoindre un Groupe', '2020-07-17'),
(259, 'Déconnexion', '2023-11-20'),
(260, 'Partage', '2021-08-10'),
(261, 'Connexion', '2020-06-22'),
(262, 'Modification de Playlist', '2022-03-19'),
(263, 'Déconnexion', '2021-07-06'),
(264, 'Partage', '2021-04-23'),
(265, 'Suppression Ami', '2023-04-13'),
(266, 'Connexion', '2022-07-11'),
(267, 'Mise à Jour', '2023-06-07'),
(268, 'Abonnement', '2023-02-26'),
(269, 'Publication', '2023-12-08'),
(270, 'Création de Groupe', '2023-07-27'),
(271, 'Suppression', '2022-11-04'),
(272, 'Réception de Message Privé', '2023-06-08'),
(273, 'Abonnement', '2022-03-25'),
(274, 'Rejoindre un Groupe', '2023-06-25'),
(275, 'Mise à Jour', '2023-10-12'),
(276, 'Réception de Message Privé', '2022-02-13'),
(277, 'Commentaire', '2023-07-24'),
(278, 'Mise à Jour', '2020-12-08'),
(279, 'Mise à Jour', '2022-02-11'),
(280, 'Rejoindre un Groupe', '2022-12-29'),
(281, 'Déconnexion', '2023-03-18'),
(282, 'Envoi de Message Privé', '2021-10-19'),
(283, 'Réception de Message Privé', '2020-10-01'),
(284, 'Partage', '2022-10-11'),
(285, 'Modification de Playlist', '2020-12-22'),
(286, 'Suppression de Publication', '2022-05-22'),
(287, 'Déconnexion', '2023-06-01'),
(288, 'Envoi de Message Privé', '2022-05-28'),
(289, 'Rejoindre un Groupe', '2024-02-06'),
(290, 'Suppression', '2023-08-04'),
(291, 'Modification de Profil', '2020-06-29'),
(292, 'Réception de Message Privé', '2022-09-27'),
(293, 'Ajout Ami', '2020-02-17'),
(294, 'Suppression Ami', '2021-01-18'),
(295, 'Modification de Profil', '2020-09-07'),
(296, 'Modification de Publication', '2022-11-28'),
(297, 'Like', '2023-06-17'),
(298, 'Création de Playlist', '2023-11-14'),
(299, 'Suppression Ami', '2023-06-18'),
(300, 'Suppression', '2021-04-25');

-- Tag_Concert
INSERT INTO Tag_Concert (Tag_Id, Concert_ID) VALUES
(18, 45),
(27, 10),
(11, 25),
(19, 22),
(10, 38),
(23, 54),
(22, 57),
(15, 48),
(7, 57),
(1, 10),
(18, 35),
(26, 58),
(19, 48),
(3, 5),
(1, 50),
(14, 24),
(6, 21),
(22, 7),
(4, 22),
(25, 11),
(7, 23),
(5, 21),
(7, 49),
(30, 26),
(7, 1),
(3, 35),
(9, 40),
(3, 48),
(23, 15),
(23, 55);

-- Avis
INSERT INTO Avis (ID, Note, Commentaire, Pseudo, Date, Tags) VALUES
(1, 5, 'History like assume modern stage friend his member. Major movement forward garden war discuss. Born race same character.', 'kjennings', '2023-09-15', 'trip'),
(2, 5, 'Learn the opportunity enough cover. Road somebody stock its number. Impact movement size best star building may.
Piece teach much certainly. Tend whether like number why.', 'pjohnson', '2023-08-07', 'ability'),
(3, 2, 'Among citizen usually democratic enjoy. Age finish least just American. Girl cost civil late picture near tax.', 'michael50', '2023-08-13', 'herself'),
(4, 0, 'College even consider read blood maintain hand. Well skin TV season human. Next face return bank federal face plant.', 'watsonpaul', '2020-04-19', 'true'),
(5, 5, 'Require operation word point. Majority yourself environment the wear.
Capital short prove ever. Out itself good near. Pull method may firm nature movement.', 'jessica33', '2023-06-25', 'thought'),
(6, 7, 'Employee hear hospital but. Degree certain fine decision inside within. Appear guess piece different road threat free.', 'matthew13', '2023-05-09', 'Congress'),
(7, 2, 'Service chance way defense resource figure light population. Live full successful dinner force. Type ok turn whether poor ten well. Knowledge material fire impact high action.', 'sampsonann', '2022-03-14', 'place'),
(8, 3, 'Your speech here either heart. Major find sit election though.
Type behind body want heart. Me program after.
Green finally turn reflect. Area note machine cost nearly. Customer rule cover mission.', 'jgonzalez', '2020-02-06', 'measure'),
(9, 8, 'Real tell seem include tend career should. All dream interview.
Car law ok everyone statement measure fact. Late body all much rule sing.', 'gatescolin', '2020-07-15', 'which'),
(10, 1, 'Trouble such point one budget student back respond. Report major type another.
Professor article store campaign. Those author this pull hard market. Note pass decide safe knowledge.', 'collierethan', '2023-02-03', 'discussion'),
(11, 6, 'Respond story develop we more. Democrat wind cell toward quality play section blue.
City before marriage sometimes consider time. View huge military stay. Which future until oil parent way.', 'whill', '2022-05-14', 'friend'),
(12, 6, 'Trial suffer section item before. Lose middle face dog.
Garden middle charge meet sense finally shake. Offer score particularly management. Best much treat continue fire.', 'jessicagreene', '2022-11-08', 'process'),
(13, 9, 'Total claim quickly. Strong several response responsibility.
Surface money among head together girl. Join pass tend us dark plant wrong. Level stop black.', 'myang', '2022-10-10', 'camera'),
(14, 10, 'Democrat range food skill everything life nation plan. Individual top case understand should step real wear.
Almost art measure. Participant message represent affect technology first send party.', 'escobaralejandro', '2020-02-21', 'hospital'),
(15, 7, 'Behind wide dinner growth choose write.
Cultural generation good defense. Sometimes dog across some method voice. Daughter campaign need follow production.', 'timothysullivan', '2021-01-08', 'major'),
(16, 5, 'Energy these wind truth discuss. Fly maintain create laugh. Chance guess anyone subject other.
Door be wish study step consumer. Air use hear name science.', 'daniellewilliams', '2020-06-02', 'season'),
(17, 10, 'One heart cause smile involve support receive. But suddenly less yet capital ready discussion say. Gun discover practice get.', 'robert18', '2023-08-01', 'measure'),
(18, 0, 'Yes sell with station should. Power black name. Woman than sing better card sell.
Or budget what expect anything indicate in family. Employee to with law particularly school move.', 'victoria66', '2024-01-25', 'candidate'),
(19, 0, 'Budget speak money else with place. Ground at law. Kid choice get end.
Option agreement or plant argue shake. Size concern approach think school without. Among bring bed field job operation.', 'daisycollins', '2022-05-28', 'per'),
(20, 5, 'Indicate power network. Great still drive significant begin fine really professional. Decide computer set.', 'laura07', '2023-01-14', 'sign'),
(21, 1, 'Structure wait change senior memory hope focus Republican. Hold keep writer follow later city onto.
Across training personal lay computer actually hundred. Rest personal tend physical.', 'fergusonlinda', '2022-09-04', 'power'),
(22, 0, 'Certainly choice area may try high. On various accept food exactly where. Return shake activity within represent provide visit.', 'andrewjames', '2024-02-11', 'voice'),
(23, 7, 'Order town many power. Majority off structure owner them.', 'andersonmichael', '2021-07-28', 'past'),
(24, 5, 'Car to source change. Again design economy structure sister morning measure.
Money wife style. Close receive from defense rise. Such none rule.', 'howardbob', '2023-07-04', 'opportunity'),
(25, 8, 'Poor his fall improve must will region. Practice wonder spend weight. Someone represent never by.', 'zachary37', '2020-03-29', 'resource'),
(26, 4, 'Director Congress commercial effect series far. Successful paper back institution apply myself room front. Yourself event development million.
Ask ability this. Clearly anything customer stock.', 'salinasdavid', '2021-05-23', 'wait'),
(27, 1, 'Parent hand pull increase issue thought skill. Suddenly discuss person free force main. Art in book hold free indicate watch.', 'ghenry', '2020-07-24', 'painting'),
(28, 10, 'Buy rich care base box board. Source scene through. Camera floor team respond sell. Explain wide my from tax way apply government.', 'robert11', '2023-10-17', 'painting'),
(29, 4, 'Important second everyone three something. Reduce senior one nor seat TV man.
Court actually detail part. Face middle enjoy blue ask trouble subject.', 'frubio', '2022-04-21', 'family'),
(30, 2, 'Model also only third affect.
Gas generation politics others. This everybody lay couple once. Drive century woman nation anything relate. Fire item mother without personal child expect.', 'bmcdaniel', '2021-07-08', 'help'),
(31, 3, 'Page talk also those. Real strategy buy cell face pass.
National do summer effect though yourself ten. Stage seat center fund.', 'brenda41', '2021-06-12', 'should'),
(32, 2, 'Important career media resource benefit just head.
Sign along voice rate region court. Raise world wait morning.
Citizen sign wear include. Institution collection security figure.', 'brittanylutz', '2023-02-04', 'before'),
(33, 3, 'Data let bed. Material group try difference red above.', 'michellefreeman', '2021-06-21', 'small'),
(34, 0, 'Ever house air. Human radio two can company. Various apply its describe general new maintain.', 'zskinner', '2021-03-02', 'today'),
(35, 9, 'Wind Mrs pattern however care. Force during reach necessary.
Evening anyone together a early occur successful. Budget me at onto. Sound almost most admit. Study wait through moment huge southern off.', 'snyderkathryn', '2020-10-06', 'life'),
(36, 9, 'Message forget affect hand. Final source prevent general. Record attack second successful.
Add if which. And ok us office type important fact. Perhaps sell treat consider course.', 'michaelmunoz', '2020-10-14', 'network'),
(37, 4, 'Catch others soldier represent. Address coach for teach support.
Good power smile throughout down. City like option month must.
Person another region. Maintain able few art suffer career lose week.', 'briannoble', '2023-07-14', 'on'),
(38, 5, 'Artist produce class shake standard need off operation. History financial carry three continue trial natural. Lead little think wall.', 'zacharylee', '2023-02-18', 'practice'),
(39, 10, 'Each animal her every ago market that. Hundred production couple son I not medical street.
Increase energy Democrat bed government. Personal public may green entire TV.', 'anthonyjacqueline', '2020-12-30', 'special'),
(40, 5, 'Home experience family believe opportunity sister. Bad may lay quite foreign.
West about project become together again car ten. Also social attorney.', 'mccoymeghan', '2021-01-06', 'experience'),
(41, 10, 'Indicate some such media project measure.
Adult art when center station nearly leader. Beyond tend white card month foreign upon.', 'evansjanet', '2023-04-07', 'street'),
(42, 5, 'Build sort write thought. Blood hope process power test. Month will alone just trip news.
Reveal collection scene box PM ask those throughout.', 'john16', '2023-02-04', 'own'),
(43, 0, 'Collection town produce however floor what. While magazine real bit tax.
Article week form series daughter. Social so story military six. Themselves share candidate activity try.', 'olivia92', '2022-12-28', 'suffer'),
(44, 2, 'House laugh more forget.
Area career knowledge nothing charge easy. Current writer call. Professional too mind computer century.', 'kathyrobertson', '2022-04-29', 'value'),
(45, 5, 'Enjoy often expect task bit. Especially fact clearly feel including. Actually tough four strategy develop probably real strategy. Leg bag same woman third check everyone.', 'kennethgordon', '2020-09-12', 'will'),
(46, 10, 'Fly daughter pass Mr after. Local specific true benefit.
Religious method believe model reach. Security account nearly magazine end despite.', 'zanderson', '2021-09-16', 'room'),
(47, 3, 'First former evidence store.
You family long possible brother market throw technology. Drop nation player main always case. Level commercial language successful significant.', 'rmcguire', '2020-05-09', 'should'),
(48, 3, 'Prove push picture red group.
Already quality trial court family floor. Carry herself house cost.
Right hit phone. Board enter size may.', 'ian42', '2021-05-27', 'might'),
(49, 0, 'Range stop believe present artist.
Kind list into probably home one probably allow. Ready thus economic few something find civil.', 'kevin03', '2022-04-07', 'admit'),
(50, 0, 'Interest prevent beautiful space. Sound tree story a feel. Her country customer present hold magazine organization.
Exist meeting community pick. Appear type up fight experience.', 'iallen', '2020-05-30', 'leave'),
(51, 5, 'Large seem article sometimes see create gas fear.
Whatever risk however total hour whole story country. Stop trip employee bag even.', 'jmartinez', '2023-12-06', 'media'),
(52, 4, 'Forward he society population. Wide class behavior real poor vote some. Choose minute night.
Reveal tend dog instead. Themselves course watch still just painting.', 'jeffrey84', '2023-04-28', 'name'),
(53, 3, 'Society support capital yard manager reduce seem.
Rest senior certainly nation loss cost fear. Team economic trip since physical. Edge hear team she.', 'debra13', '2020-10-23', 'threat'),
(54, 4, 'Buy arm operation sport own form. Parent effect friend democratic. Off answer suggest I.
Your season her fast four nothing. Owner class plan successful thus. People color whose house behind box.', 'richardsondylan', '2021-02-10', 'red'),
(55, 4, 'Fish east address. American box above year. Beyond recognize economy war.
Society cup suddenly. Future others bag ahead movement five. Fire someone first morning drop cover scene east.', 'zmoore', '2023-04-28', 'man'),
(56, 7, 'Carry subject tree scene. Knowledge soon day lawyer theory public.
Thing identify mention follow kind Republican degree. Pressure international establish hot. How husband strong year shake smile.', 'peter31', '2021-06-13', 'spring'),
(57, 5, 'Factor since information herself receive economic blue. Start reason nice agree ok. Pm hair person rule tend stock. Return act thank character activity.', 'oburns', '2023-09-14', 'anything'),
(58, 10, 'Executive pull image bank such Mrs partner. Music collection choice stand what question serious.', 'stonestephanie', '2023-02-16', 'century'),
(59, 7, 'Fight service quite daughter Mr wait. Sell ground perhaps listen product fast. Soon building space ok behind data unit teach.', 'seantran', '2023-05-14', 'hospital'),
(60, 3, 'Receive low economic care hope federal. Officer official pressure staff figure. Sport use address investment turn success second.', 'nbautista', '2020-01-22', 'whom'),
(61, 9, 'Necessary rule unit half public almost. Husband indeed article case list.
Best effort while boy wide left over. Would know force. Floor interest program few.', 'rhodesjesse', '2022-04-05', 'worry'),
(62, 10, 'Religious blue want. Range seem arm always picture authority year middle.
Camera pick blood nation hope ago apply.', 'barnestheresa', '2023-05-19', 'discuss'),
(63, 6, 'Wind audience spring sell prove like. Impact worry television indeed.
Director any reflect speech nearly style question. Material toward report. National subject out it grow talk.', 'katie06', '2022-03-01', 'apply'),
(64, 4, 'Eye machine think network them area develop. Wrong responsibility treat section worker type gas.
However store meet late hard.', 'blackburnzachary', '2020-12-01', 'beat'),
(65, 8, 'Seat what sure hit it. Bill clearly animal share herself interview allow. Training day heart before thus hear inside few.
Really but increase reveal well. Fact whether within thank yourself.', 'marcus57', '2023-05-19', 'thing'),
(66, 5, 'Soldier present arrive body education win sort. Card commercial deep.
Including draw because next no wear. Every instead the performance officer sport.', 'katherineperry', '2020-11-28', 'bad'),
(67, 0, 'Above wind indicate itself edge peace entire.
Company parent country prove cell billion rate nice. Describe already participant person cultural.', 'stephaniewilliams', '2022-07-30', 'size'),
(68, 5, 'Security increase election free fight local. Arm benefit attention most close want law use. Our plan letter green.', 'hnorman', '2022-04-23', 'far'),
(69, 0, 'Memory it born represent myself him able short.
World sound move reach mother everyone wear. Avoid could lead community three nation language.', 'walexander', '2024-01-14', 'rock'),
(70, 2, 'Four white sense. Another production animal talk serious great bad.
Pressure will south. Time along resource century building start. Fill city note on tonight.', 'erictyler', '2021-04-01', 'create');

-- Annonce_Concert
INSERT INTO Annonce_Concert (Annonce_Id, Utilisateur_Id, Concert_Id, Date_annonce) VALUES
(1, 123, 42, '2023-10-30'),
(2, 64, 52, '2024-04-14'),
(3, 63, 51, '2024-03-13'),
(4, 87, 33, '2024-01-23'),
(5, 61, 8, '2024-03-26'),
(6, 96, 52, '2024-01-09'),
(7, 137, 18, '2024-02-23'),
(8, 78, 3, '2024-01-26'),
(9, 92, 14, '2024-04-23'),
(10, 139, 4, '2024-04-25'),
(11, 37, 40, '2024-02-11'),
(12, 33, 44, '2024-01-15'),
(13, 5, 25, '2024-04-20'),
(14, 91, 14, '2024-04-04'),
(15, 88, 13, '2024-02-07'),
(16, 85, 8, '2024-01-22'),
(17, 90, 56, '2024-01-24'),
(18, 22, 57, '2024-02-20'),
(19, 111, 10, '2024-04-15'),
(20, 96, 31, '2024-01-18'),
(21, 75, 42, '2023-10-11'),
(22, 22, 18, '2024-04-21'),
(23, 8, 27, '2024-03-27'),
(24, 72, 53, '2024-02-12'),
(25, 59, 44, '2024-04-26');

-- Lieu
INSERT INTO Lieu (Lieu_ID, Nom, Adresse, Avis_ID) VALUES
(1, 'Williams-Carroll', '41694 Sandra Motorway Suite 035
Bakerchester, GU 95034', 23),
(2, 'Cooper-Bennett', '377 David Islands Apt. 669
Lake Stephenland, MI 62504', 42),
(3, 'Jones, Calderon and Jackson', '01186 Carol Throughway
Mcdanielland, MP 97378', 6),
(4, 'Hines Group', '41519 Bentley Cliff Suite 243
Lake Marcusbury, OH 02879', 45),
(5, 'Lopez, Nguyen and Turner', '8751 Reed Canyon
Ferrellland, FL 60369', 5),
(6, 'Mcdonald and Sons', 'USNV Lawrence
FPO AA 22416', 66),
(7, 'Nelson LLC', 'USNS Hayes
FPO AP 63929', 70),
(8, 'Rojas, Lee and Williamson', '8164 Malone Forges
Charlesbury, OR 95084', 49),
(9, 'Mills PLC', '6108 Robert Ramp
East Deborah, MH 41741', 7),
(10, 'Bridges Group', '32086 Rodriguez Circles Suite 019
Micheleland, LA 62129', 46);

-- Association
INSERT INTO Association (Association_ID, Nom, Site_web) VALUES
(100, 'Avery and Sons', 'http://hernandez-english.net/'),
(101, 'Smith Ltd', 'https://mooney.com/'),
(102, 'Jackson Ltd', 'https://lara.org/'),
(103, 'Edwards, Stanley and Reed', 'http://bruce.com/'),
(104, 'Pierce Inc', 'https://www.hutchinson-holmes.com/'),
(105, 'Aguilar-Nguyen', 'https://www.harris.com/'),
(106, 'Johnson and Sons', 'https://www.banks.com/'),
(107, 'Singleton Inc', 'https://www.mendez.info/'),
(108, 'Flores, Lewis and Vazquez', 'https://flowers.com/'),
(109, 'Thompson, Wiley and Hughes', 'https://williams-frye.com/'),
(110, 'Brown, Schmidt and Phillips', 'http://walker.com/');

-- Tag
INSERT INTO Tag (Id, Mot) VALUES
(1, 'usually'),
(2, 'office'),
(3, 'ten'),
(4, 'west'),
(5, 'enough'),
(6, 'sea'),
(7, 'at'),
(8, 'social'),
(9, 'couple'),
(10, 'present'),
(11, 'change'),
(12, 'look'),
(13, 'measure'),
(14, 'car'),
(15, 'down'),
(16, 'avoid'),
(17, 'factor'),
(18, 'already'),
(19, 'company'),
(20, 'leave'),
(21, 'citizen'),
(22, 'suggest'),
(23, 'own'),
(24, 'door'),
(25, 'draw'),
(26, 'both'),
(27, 'smile'),
(28, 'data'),
(29, 'song'),
(30, 'note'),
(31, 'career'),
(32, 'we'),
(33, 'along'),
(34, 'television'),
(35, 'somebody'),
(36, 'recently'),
(37, 'piece'),
(38, 'bed'),
(39, 'writer'),
(40, 'since'),
(41, 'wrong'),
(42, 'little'),
(43, 'national'),
(44, 'choose'),
(45, 'general'),
(46, 'be'),
(47, 'coach'),
(48, 'sign'),
(49, 'forget'),
(50, 'until');

-- Publication
INSERT INTO Publication (Publication_ID, Date) VALUES
(1, '2024-03-01'),
(2, '2020-01-27'),
(3, '2021-07-18'),
(4, '2020-02-13'),
(5, '2024-02-10'),
(6, '2024-04-07'),
(7, '2020-09-29'),
(8, '2020-05-22'),
(9, '2023-12-10'),
(10, '2022-12-24'),
(11, '2023-05-11'),
(12, '2020-02-25'),
(13, '2020-07-02'),
(14, '2023-06-12'),
(15, '2022-01-30'),
(16, '2022-03-27'),
(17, '2021-11-20'),
(18, '2021-09-11'),
(19, '2020-08-04'),
(20, '2021-10-05'),
(21, '2022-10-06'),
(22, '2022-07-21'),
(23, '2022-01-11'),
(24, '2020-02-14'),
(25, '2022-11-10'),
(26, '2023-02-02'),
(27, '2023-05-09'),
(28, '2022-05-22'),
(29, '2020-04-14'),
(30, '2022-06-29'),
(31, '2022-03-28'),
(32, '2020-10-18'),
(33, '2023-09-06'),
(34, '2022-09-14'),
(35, '2023-07-10'),
(36, '2022-05-18'),
(37, '2022-09-12'),
(38, '2024-04-10'),
(39, '2021-12-27'),
(40, '2023-10-02'),
(41, '2022-08-12'),
(42, '2020-11-22'),
(43, '2020-07-25'),
(44, '2023-06-21'),
(45, '2020-01-11'),
(46, '2022-06-18'),
(47, '2023-01-28'),
(48, '2022-02-08'),
(49, '2021-06-30'),
(50, '2020-05-31'),
(51, '2023-11-19'),
(52, '2022-03-21'),
(53, '2021-04-16'),
(54, '2024-03-25'),
(55, '2023-11-28'),
(56, '2021-07-26'),
(57, '2021-03-13'),
(58, '2021-08-16'),
(59, '2020-10-02'),
(60, '2021-01-05'),
(61, '2024-04-05'),
(62, '2023-12-14'),
(63, '2021-08-27'),
(64, '2020-09-19'),
(65, '2023-12-21'),
(66, '2020-02-07'),
(67, '2023-02-04'),
(68, '2023-12-27'),
(69, '2024-01-23'),
(70, '2021-03-28'),
(71, '2022-08-21'),
(72, '2021-09-19'),
(73, '2020-10-08'),
(74, '2020-04-18'),
(75, '2023-02-13'),
(76, '2024-01-31'),
(77, '2022-12-06'),
(78, '2022-01-19'),
(79, '2020-10-06'),
(80, '2020-06-26'),
(81, '2022-12-15'),
(82, '2023-06-03'),
(83, '2022-06-29'),
(84, '2023-07-27'),
(85, '2022-02-23'),
(86, '2020-09-17'),
(87, '2021-09-29'),
(88, '2020-11-01'),
(89, '2022-05-16'),
(90, '2022-06-26'),
(91, '2020-08-07'),
(92, '2023-11-22'),
(93, '2021-08-26'),
(94, '2021-05-13'),
(95, '2020-01-07'),
(96, '2023-11-08'),
(97, '2023-02-11'),
(98, '2023-01-24'),
(99, '2022-06-09'),
(100, '2020-07-29'),
(101, '2022-09-27'),
(102, '2021-07-09'),
(103, '2020-09-07'),
(104, '2020-09-29'),
(105, '2020-09-22'),
(106, '2022-07-27'),
(107, '2022-01-06'),
(108, '2021-08-26'),
(109, '2022-12-29'),
(110, '2023-09-20'),
(111, '2023-01-04'),
(112, '2023-08-09'),
(113, '2024-04-20'),
(114, '2021-06-04'),
(115, '2023-01-18'),
(116, '2020-09-26'),
(117, '2023-09-23'),
(118, '2023-07-31'),
(119, '2024-01-27'),
(120, '2020-01-26'),
(121, '2022-12-11'),
(122, '2020-11-04'),
(123, '2023-11-16'),
(124, '2023-09-13'),
(125, '2022-12-02'),
(126, '2022-10-12'),
(127, '2021-11-27'),
(128, '2023-03-02'),
(129, '2020-10-14'),
(130, '2023-01-04'),
(131, '2020-11-24'),
(132, '2022-09-13'),
(133, '2022-08-31'),
(134, '2023-01-26'),
(135, '2021-10-05'),
(136, '2024-02-14'),
(137, '2021-07-19'),
(138, '2023-07-29'),
(139, '2020-03-23'),
(140, '2020-08-15'),
(141, '2021-06-13'),
(142, '2021-12-07'),
(143, '2022-10-12'),
(144, '2024-02-14'),
(145, '2022-06-19'),
(146, '2020-12-29'),
(147, '2021-12-11'),
(148, '2021-01-28'),
(149, '2023-12-26'),
(150, '2023-09-03');

-- Utilisateur
INSERT INTO Utilisateur (Utilisateur_ID, Pseudo, Email, Password, Biographie, Date_inscription, Historique_Id, Publication_Id, Association_Id, Personne_Id, Lieu_Id, Artistes_Id, Playlist_Id) VALUES
(1, 'patelryan', 'butleraudrey@example.org', '8L1Oeq4$K^', 'Onto most staff thing they party project. Pick ahead lawyer both become month wife benefit. Girl hair deal begin rest major learn.', '2023-07-16', 240, 118, 101, 9, 5, 83, 16),
(2, 'curtisapril', 'robertmcgrath@example.com', '&rLg4Cgx+8', 'Place energy issue evening artist our thus. The despite wind soon present find standard article. Ok together ok serve level political woman.', '2023-06-27', 167, 80, 106, 14, 2, 23, 5),
(3, 'manuelrobinson', 'stephaniereese@example.com', 'r1mjJ$gn+l', 'Season manage fish best. Soon arrive hand personal. Use example clearly bill.
Maintain management policy explain. At single blood worry treatment. Meet control cultural cut.
Cold not than sport.', '2023-08-18', 38, 57, 108, 53, 3, 90, 27),
(4, 'laurie07', 'dawnwhite@example.com', '63OA8j1I#P', 'Indeed down treatment more money anything. Discover which forward make.
Quality treatment anything across health. Inside seem crime while son medical spend. Performance land none away the.', '2023-10-18', 168, 210, 103, 37, 7, 57, 20),
(5, 'jamierodriguez', 'jeffrey25@example.net', '+d1fIQmRhV', 'Reflect begin thank without discover matter instead. Throw record factor guess southern.
Sea pattern goal especially probably. Fire PM my rule bad specific day.', '2024-04-07', 30, 209, 105, 39, 2, 76, 25),
(6, 'jason83', 'wilsoneric@example.org', '*2vJXXhys+', 'Material history certain agree green. She benefit no sport rich available focus crime. Board cause increase fight item single rock.
Eight always attention also natural.', '2023-06-22', 210, 42, 107, 44, 9, 80, 16),
(7, 'williamscheyenne', 'leahwilliams@example.net', 'B#++66NpVQ', 'Despite lawyer pattern level behavior.
Finally employee bit realize meet court drop. Seven research better step.', '2023-12-20', 25, 99, 103, 29, 9, 88, 22),
(8, 'jonstevens', 'shane52@example.com', 'P)8AV7Pz49', 'My financial knowledge painting if. Be half thought boy. Program scene lawyer administration.
Help network oil mother truth. Language his idea chance. Current social level collection data total.', '2023-06-04', 299, 245, 105, 40, 9, 56, 30),
(9, 'ryan34', 'markhunter@example.net', 'Zt#q47Q9G!', 'Sometimes fast name sense network prepare cut. Draw factor weight very service impact hope.
Save word difficult world matter half. Short market cut heavy thought.', '2024-03-18', 298, 10, 110, 1, 7, 77, 14),
(10, 'erin26', 'jobrown@example.org', '(yu_5LQeob', 'Example movie fund fish decision seven pick. Worker discussion next against kind. Industry between determine along either.
Difference less during produce force. Attorney bank lay of news kind live.', '2023-12-14', 78, 244, 102, 9, 10, 18, 27),
(11, 'brentnorton', 'craigrichard@example.com', 'Fk#0PMYv!O', 'Cultural by mother chair money body. Agent anything open evidence store. Open site I personal pressure improve Democrat.
Town sound about up before. Officer stand push image author.', '2023-06-01', 42, 89, 108, 20, 5, 28, 11),
(12, 'laura26', 'angela49@example.net', 'eG!1hIjhRu', 'Special to staff difficult school. Ago nice room happy. World surface building for above color organization.', '2023-12-26', 46, 246, 107, 56, 6, 46, 7),
(13, 'alejandro58', 'anthonyalvarado@example.org', 'x%O&7NAm+Y', 'But impact east population. Employee guess animal he. Cold wide his great everyone car son show.
Event week like large answer change. Suggest less left get exactly report.', '2023-12-04', 46, 29, 109, 39, 1, 72, 28),
(14, 'cjohnson', 'josephroberts@example.com', '$nFa#peK8@', 'Price protect baby. Economic important drive tax year. Everybody without key themselves other.
Many choice activity nice national inside deal. Hundred operation sister from view parent.', '2023-11-06', 85, 40, 108, 16, 3, 59, 4),
(15, 'njimenez', 'langscott@example.org', 'A#90GEal!M', 'Give church where before man government support it. Step side clear environmental either ok environmental various. Send also upon entire color movie north would.', '2023-07-07', 230, 34, 110, 48, 7, 74, 17),
(16, 'johnmcfarland', 'jameszuniga@example.com', 'zB0y$!Mq)v', 'Each wait cover nor throw. His continue minute site cold daughter good. After it speak. Item mean bit always provide plant.', '2023-06-12', 184, 159, 108, 39, 4, 65, 6),
(17, 'brittany38', 'rangelfrances@example.com', 'w!R(4WhsmT', 'Several eat space range group save Republican. Customer particular management site same behavior.
Dark shoulder account here member. Above relationship expect miss.', '2023-05-25', 188, 178, 102, 10, 6, 17, 23),
(18, 'alexandravelez', 'fosterelizabeth@example.com', '#Ax@6WDu(q', 'Office expect candidate reach either. Memory near organization quality board business white.
Cup expect serve reflect offer eat agree. Bring catch coach civil score than anything fish.', '2024-04-21', 27, 61, 105, 59, 1, 61, 24),
(19, 'smithshane', 'john71@example.net', 'M)8e(HK8Zb', 'Soon tax one. Across hotel enter child town best field. Create account daughter over partner final.', '2024-01-24', 164, 128, 107, 51, 7, 98, 10),
(20, 'thomaskayla', 'michaeldecker@example.net', '@jNHoFy$6t', 'Adult establish month song. As Democrat reason attention really avoid husband another. Practice various during do what learn argue. Choose sell effort financial task.', '2023-07-24', 224, 204, 102, 34, 7, 68, 14),
(21, 'stephaniecastro', 'walkerkathryn@example.com', '^5(cM7(0my', 'Year sort night. Knowledge few table begin owner general employee and. Democrat on protect husband.', '2023-11-10', 205, 220, 102, 21, 1, 64, 12),
(22, 'wjones', 'ygardner@example.org', 'Yb6USJct(3', 'Second year evidence TV well. Realize PM manager can.
Someone kind top note. Fly theory program leave off loss foot.', '2024-04-15', 175, 116, 102, 2, 7, 26, 15),
(23, 'theresa74', 'lisa13@example.net', 'Ip&0!MVsk!', 'Fall a for card style. Four walk way long movement something blue.
Senior attention daughter teach baby start. Thank five light west training top executive. Reason catch head across series.', '2024-04-07', 266, 42, 100, 22, 5, 99, 17),
(24, 'jacksonrobert', 'maldonadochristopher@example.com', '^4d57A&5ea', 'Religious company policy drive behavior. Almost seem star quickly those quite factor. Wonder audience deal article else such feeling.', '2023-11-02', 109, 107, 103, 51, 3, 72, 24),
(25, 'jennifer82', 'charleskrueger@example.org', '1t7LLGvf)2', 'Return food follow accept too painting book point. Him soon although career. Thing and apply instead close popular report blood.
Break smile side reason. Up send local buy.', '2023-10-13', 37, 107, 109, 51, 7, 5, 28),
(26, 'baileyandrea', 'juliephillips@example.com', 'DT5%BjWNE*', 'Past kind trade hear official individual name like. Break analysis customer property guess south season.', '2024-03-07', 236, 98, 103, 47, 10, 98, 9),
(27, 'reneejackson', 'michaeldurham@example.com', '$+50pDUw&T', 'Simply father hundred drop benefit million chance. Sense discuss response.', '2023-09-18', 46, 110, 108, 37, 3, 17, 29),
(28, 'jonestiffany', 'thompsonleonard@example.net', '&5XeiKm!ug', 'Life year leg sing maybe international. Them another history artist president thus. When next behavior million fine wrong.', '2023-11-13', 216, 25, 102, 36, 10, 81, 7),
(29, 'gyoung', 'craig43@example.com', 'e4yK8Wvw#5', 'Hair wear money. Specific pressure down police three. Perform office stay central rise.
Officer unit add director performance. Behavior culture play help unit nothing.', '2023-11-23', 176, 178, 102, 49, 7, 48, 1),
(30, 'bradley48', 'suzanne67@example.net', '(1V8QEfp!0', 'Bank response doctor. Her onto rise stand blue. Cultural Mrs player debate medical build.
Source law list want. Ball heart leg ten alone style.', '2023-05-30', 146, 112, 102, 48, 3, 48, 7),
(31, 'villanuevasara', 'herreraarthur@example.org', 'gS7wKeE_Z(', 'Since wide scene husband of. Popular somebody do pay. Exactly hand performance always leader reason hot. Production foot prepare fly box case.', '2024-02-05', 86, 70, 105, 31, 9, 25, 11),
(32, 'cathyallison', 'andrewrobbins@example.net', 'h_9g_S_vZn', 'Reality church purpose sit several edge condition. Model painting bed by identify truth deal. Manager game sing.
Admit clearly price song. Ground one sing alone.', '2024-03-04', 180, 248, 107, 17, 1, 35, 27),
(33, 'michellefox', 'craigroberson@example.org', 'b^2a^KOqCO', 'Accept leg radio writer son.
Manage around realize either. Move possible fine process go great first. Loss born matter few stand level.', '2023-10-17', 160, 80, 102, 55, 1, 91, 21),
(34, 'sarasingleton', 'xgallagher@example.org', '6r2@LNyb^%', 'Full simply truth including require west probably. Together inside fall so family clearly. Travel big specific whether attention fund only again.', '2024-01-16', 155, 162, 108, 23, 5, 57, 13),
(35, 'ncox', 'njohnson@example.com', '4Ny0R2MjB#', 'Hour military but simply myself allow. Fast skin after throughout. Report truth company.', '2023-08-02', 208, 173, 109, 39, 1, 17, 18),
(36, 'millerhoward', 'rpayne@example.org', '#0PN4nffez', 'Require president partner little education determine. Suffer financial office stock.', '2023-08-02', 162, 161, 107, 3, 4, 59, 14),
(37, 'megan66', 'qjennings@example.com', 'P5BWvW5P!*', 'Rise world price. Movie how student represent.
Painting matter miss space. Environmental million decide loss focus war pick type.', '2024-02-08', 135, 191, 101, 19, 2, 64, 2),
(38, 'oyork', 'bpowell@example.org', '$vXIvd8s$3', 'Eye heart indicate trouble. Organization policy part can easy.
But position west plan role off them win. Figure mission dog return treat. Customer bed guess six.', '2023-10-08', 236, 168, 109, 55, 4, 54, 13),
(39, 'deckervictor', 'angelatrujillo@example.com', ')1$ORgf#)u', 'Opportunity set plan other history. Full all image relationship although. Foreign within guy seven.
Bank shoulder worry who.', '2023-06-06', 172, 216, 103, 49, 1, 14, 15),
(40, 'tarakelley', 'tammylee@example.net', '+&7nXBwD0y', 'Activity range believe act. Health worry relate mean sometimes here able.
Consumer product realize loss. Conference him read company politics.', '2023-05-17', 261, 63, 107, 4, 9, 92, 20),
(41, 'spencesteven', 'marissagonzalez@example.org', '&%G1ssXk3s', 'Air charge allow every recently certain move. Lead animal hand window simply effect consumer. Article itself field. Fill threat up begin join science official.', '2023-07-23', 2, 190, 100, 41, 9, 68, 23),
(42, 'jonesmichelle', 'megan26@example.com', 'e_IMT6yE+8', 'Issue unit give huge. Try six war air practice television which find. Own idea simply nearly.', '2023-05-17', 48, 60, 101, 45, 3, 54, 12),
(43, 'brianmurphy', 'spencer18@example.com', '*1(uyKhNfy', 'Individual attorney speak though matter. Project finally meeting war car low concern stop.', '2023-08-23', 233, 0, 109, 4, 1, 13, 14),
(44, 'vanessawise', 'kevin31@example.org', '5odDuU!B#F', 'Little save company. Whatever American you energy last rest into.
Radio control indicate. Responsibility west ten member whose. Happen population affect test foot across.', '2023-12-04', 287, 21, 105, 43, 9, 67, 11),
(45, 'adam28', 'samuel86@example.net', 'v^I0TvTY@&', 'Finish economy painting drive raise big western. Check enjoy military daughter. Kid feeling sort little line base western.
Pressure collection son. Pm each second other and benefit set believe.', '2023-07-17', 160, 117, 103, 53, 7, 22, 28),
(46, 'jessica66', 'elizabethcarter@example.net', 'e6smyOQw%C', 'Sense alone picture memory store bad computer. Fish kind beautiful beautiful Congress Mr growth send.', '2023-10-30', 28, 200, 107, 20, 4, 91, 6),
(47, 'espinozatara', 'poncemegan@example.org', '^3AvjyHopq', 'Parent rock than country hour sing. Tonight friend student mission one beautiful audience. This enough glass remain. Perform material reason property voice great.', '2023-11-29', 30, 189, 109, 37, 7, 67, 30),
(48, 'margaret20', 'taylordylan@example.com', '!6iUXwoeyB', 'Painting his no adult fine.
Fact thought fact wear take. Discover seven seat difference. Rule rest morning can rate others tree.
How east win Mrs scene cost.', '2023-12-25', 232, 11, 103, 6, 4, 15, 30),
(49, 'kurttownsend', 'fischerbonnie@example.net', '(M#1vaIb&_', 'Arm brother others perform old so become. Town data situation direction push hundred suddenly.', '2023-08-30', 267, 14, 110, 25, 4, 73, 16),
(50, 'valerie36', 'lindseythompson@example.com', '19NMcFu^$e', 'Age somebody offer simply security fish clearly. Better alone according station remember ball. Need fill contain expert degree.', '2023-06-08', 288, 112, 101, 13, 2, 19, 3),
(51, 'mirandadaniel', 'daguirre@example.com', '$nTA2*$ig8', 'Black air thing however design. Improve over mission PM store goal. Standard school learn interesting toward production.
Into single stay drop middle. Movement own often smile a better back market.', '2023-09-21', 131, 180, 106, 31, 8, 95, 22),
(52, 'zroach', 'bradleyjenkins@example.org', 'DX#4FTp6QI', 'Near role pressure matter buy take hour. Expert Democrat television care. Nothing cost big.', '2024-01-26', 252, 212, 103, 22, 5, 46, 4),
(53, 'david44', 'qpark@example.net', '$y6uCzYg#3', 'Former attention conference whom whole chair main. Single leader administration.
Doctor sort leader idea though. Nation use base collection science.', '2024-01-20', 87, 43, 104, 6, 2, 37, 5),
(54, 'uwilson', 'deniseguzman@example.com', 'M)nc00LfRF', 'Bit whether soon explain. Street tree ever easy.
Section too environment fly local. Rich Republican free better. Be why fight. Police tree wait event sport.', '2023-09-29', 140, 98, 101, 55, 9, 18, 21),
(55, 'garymayer', 'jennifer54@example.net', '4&jo9JnxQ%', 'Write federal town skin. Coach language prove.', '2023-07-12', 259, 209, 110, 9, 7, 61, 1),
(56, 'mitchellelijah', 'kruegerdebra@example.net', 'S3B%ePNh%z', 'Politics remember gun rock on wide white. Scientist special federal move. Field father economic product.
Cold professional cell someone. Out represent goal box.', '2023-10-05', 187, 6, 106, 33, 6, 36, 17),
(57, 'david83', 'pwood@example.org', 'ey6UZsqK_9', 'Pay expert side indicate. But good large really tax could yes.
Level agree here way new skill. Everybody thank writer decide save begin baby. Within brother raise suddenly firm production.', '2024-04-01', 237, 188, 105, 15, 2, 87, 21),
(58, 'loweryjames', 'bonillatanya@example.org', 'PyFQxWdc+1', 'Not marriage firm sign final note long.
Wrong city better religious line small loss. Store back hotel. Spring lay page.
Professor including take quite. Store hand church thousand leg various.', '2024-02-28', 238, 208, 110, 26, 4, 88, 27),
(59, 'destiny12', 'youngmegan@example.net', '&7(6L4n@rt', 'Care four later second employee training most plant. Issue move how majority entire wonder staff car. Same support particular worker study participant may story.', '2023-06-25', 176, 248, 100, 8, 7, 80, 18),
(60, 'justinbailey', 'debrasanchez@example.org', '*3$INQAtkU', 'Parent stay threat gun direction party magazine. Car method yet Mrs music or suffer. Majority spend life grow field offer under.', '2023-12-21', 108, 216, 101, 14, 3, 61, 7),
(61, 'daniel55', 'haynesronald@example.org', 'j2*f5YwW6!', 'Election foot nothing tree much doctor. Floor project want lawyer color reflect. Describe firm late open wrong gun region.', '2023-06-16', 68, 224, 110, 10, 7, 93, 8),
(62, 'myershenry', 'nicole61@example.com', 'U9F1ukt@#F', 'Opportunity win also involve film reality. Recognize down opportunity quickly single street this.
Top firm give. Model form mean less wear happy image.', '2024-04-17', 60, 246, 103, 17, 1, 96, 13),
(63, 'mayala', 'mberg@example.org', '$LA2B!8tu7', 'Wind summer generation floor writer. Morning ball and economy create doctor party three.', '2023-07-25', 185, 202, 105, 44, 5, 48, 8),
(64, 'jerry34', 'garciaaustin@example.org', '+4$W)gxl2M', 'Program generation drug us major charge with. Look indicate manager contain foreign discuss.
Return grow about out. Raise size say even yes. Road until PM full car city.', '2023-05-14', 129, 152, 100, 35, 5, 86, 15),
(65, 'zachary18', 'brandon30@example.com', '^DO0M)#xa@', 'Serve hear stop arrive federal. Finally manager wait. Name course appear put particularly hot my.
Black bed question section station eat military law. Determine thousand memory perform wrong our.', '2023-11-16', 46, 128, 108, 37, 10, 12, 23),
(66, 'nicholaslawrence', 'mullinsdaniel@example.net', 'F4(B2U%voY', 'Major training affect court son lawyer church. Production different state term reality item standard. Conference policy however team clear make.', '2023-10-11', 65, 171, 110, 30, 5, 46, 3),
(67, 'mhill', 'xgilbert@example.com', '%d*yecWc38', 'Current skill between add event. Cost across central across can bank kind.
Itself respond day list. Real must near reduce.
Attorney arrive pretty much good affect. Together beyond sense within.', '2023-05-14', 254, 11, 100, 44, 5, 78, 1),
(68, 'ysantos', 'dana90@example.org', 'c9K8Nu$(+0', 'White career especially foreign day admit. Work also month. Term significant others increase stuff score.', '2023-11-07', 79, 197, 107, 58, 2, 93, 24),
(69, 'amygregory', 'ylee@example.net', '@1TgVUsg^@', 'Decide even professor offer really when. Off why price billion somebody happen. Last tend nearly example.', '2024-03-12', 267, 189, 100, 6, 4, 66, 11),
(70, 'grantjoseph', 'tsantos@example.org', '$&(95Xb@B@', 'Career upon method keep example history. Tv exactly people. Country especially thousand front.', '2023-08-04', 257, 155, 105, 42, 1, 25, 26),
(71, 'nbrewer', 'courtney39@example.com', 'u1(Ep8yX+x', 'View rather note million case. These almost keep middle ready sport out. Black individual true billion food.', '2023-05-19', 274, 168, 105, 52, 6, 35, 2),
(72, 'reneemontgomery', 'tracygardner@example.com', '+cs65NAltz', 'Animal sense their school test agree involve.
Great lead weight him manage sing build. Doctor participant trip state crime put reduce. Home according rich stand group.', '2023-11-17', 60, 229, 107, 54, 2, 15, 5),
(73, 'kfrench', 'kylie20@example.net', '_pw#1Nwhj4', 'Thousand always approach decision daughter building. Go candidate voice mother treatment letter opportunity. Clear do rather fill late appear.', '2023-06-04', 218, 167, 108, 14, 4, 34, 30),
(74, 'ronaldleon', 'williamsonmaria@example.net', '+tl0Pdsa)_', 'Read theory boy arm Mrs current program project. Information ask class trial training and big.
Attention foot hair partner. Over office low act you. Indicate support great enter century citizen car.', '2024-04-18', 140, 92, 103, 6, 4, 3, 2),
(75, 'justinlogan', 'william61@example.net', '%#7XQts7f3', 'Purpose pull stand. Character soldier politics strategy. Station staff hospital less.
Purpose without employee see upon. Floor season around around.', '2023-07-08', 157, 4, 104, 57, 4, 35, 8),
(76, 'robert75', 'dburns@example.net', '&1vr#Ww%qn', 'Final pass bed push resource. College itself everybody but man interest. Movement kind alone ago.', '2023-09-04', 41, 149, 101, 54, 9, 73, 20),
(77, 'mgilbert', 'brownmark@example.net', '_B#5I$IfdR', 'Action worry around as owner lawyer political. Learn director water involve only despite far.
Alone quality government appear difficult image.
Address between than create.', '2023-09-28', 222, 119, 110, 11, 8, 88, 4),
(78, 'zmills', 'riveranancy@example.com', '6)530Zhe%)', 'Vote myself environment argue world how state. Expert enjoy wife. Trade note music stop thousand.', '2023-09-11', 35, 81, 106, 30, 6, 67, 28),
(79, 'christopherschultz', 'jamesbuck@example.net', '+#@7T^LnH3', 'Young despite rather really husband less perform. Pay every young enough staff.
Deal woman these likely eight involve. Morning wife only stand by. True food better under loss know big.', '2024-03-17', 104, 43, 103, 20, 5, 17, 11),
(80, 'dianescott', 'ronald22@example.com', ')gIZ%Pzl45', 'Need any detail fear can by. Media crime them inside middle. Stand do care ground fear lose friend door.', '2023-06-24', 64, 51, 100, 7, 10, 40, 13),
(81, 'meganbeltran', 'andrewgarcia@example.com', '+86!7Kt3lV', 'Exactly general above discussion detail base hot. Build alone newspaper cause could. Mr decision shoulder economic fill.', '2023-07-19', 228, 108, 110, 18, 4, 58, 25),
(82, 'pattersontaylor', 'grantleblanc@example.net', 'r)u5Py&(vX', 'Series cost top little. Store organization use your serve gas as. As concern I where tell.', '2023-10-15', 11, 16, 108, 3, 1, 96, 20),
(83, 'rachelsparks', 'xcook@example.org', '+_+hCPzyn7', 'Mr peace growth model sit that nearly democratic. Fast anything allow name. Goal during buy sister situation receive truth. Reality civil everybody never hair wear.', '2023-12-22', 4, 180, 108, 7, 6, 91, 15),
(84, 'aharmon', 'davieswesley@example.org', 'ZD42RL3n$E', 'Argue example letter order player hot. Write still will prepare letter that firm. Middle only enjoy.
Tend central institution visit someone. Last value even. Movie table minute word test determine.', '2023-06-09', 75, 83, 104, 48, 5, 34, 16),
(85, 'ellenlarson', 'caldwellnicole@example.net', '^t4s!Jwb*3', 'American friend team. Bed before collection suddenly wish. Service return idea writer.', '2023-10-14', 112, 28, 100, 29, 9, 1, 24),
(86, 'allison97', 'christine21@example.net', '^S2X8s&q+2', 'Ever law prevent sit idea. Travel finally player country doctor.
Mr difference beyond better. Cell war event bad growth start practice.
Room myself number up hospital computer.', '2023-06-17', 168, 32, 102, 30, 2, 89, 22),
(87, 'murraynicholas', 'crawfordlaura@example.net', 'x^2yTD*xG3', 'Fear according throw spend. Even many course why save tend his. Value thought various pressure news parent. Animal star building store win increase.', '2024-02-18', 171, 144, 107, 29, 8, 48, 23),
(88, 'laura92', 'alexandriacarter@example.net', '$n53Vai0D_', 'Imagine memory interview dog free now yeah. Your person large. Cut brother interest practice heavy.
Question town put identify age both evidence. Voice summer have most. Sort security clearly moment.', '2023-11-28', 262, 233, 103, 4, 2, 51, 18),
(89, 'gregoryyates', 'anna08@example.org', 'gQ9ibEzO@2', 'Improve may participant experience much east three network. Free cover kitchen data article.
Begin light daughter nature pay east.', '2023-07-02', 135, 84, 101, 56, 4, 13, 2),
(90, 'robbinskevin', 'jeffery94@example.com', '##6K1rN16l', 'Mouth now bad movement already child. Save nation young can weight number state.', '2023-09-24', 206, 126, 110, 45, 6, 31, 29),
(91, 'walshnicholas', 'johnsongarrett@example.net', 'b6qKg^To#c', 'Phone exactly point executive defense dream. Allow gas power end family. Sometimes result player feel. Week news authority stuff laugh situation.
Range simple cover speech blue rise.', '2024-04-04', 41, 42, 108, 30, 9, 20, 13),
(92, 'tyler65', 'ctaylor@example.net', '3B9sEwp9_I', 'Send administration with economy seat. Senior include toward before.
General office their his skill smile. Necessary this both create. Her mother hotel financial feel.', '2023-06-22', 1, 172, 107, 15, 5, 55, 13),
(93, 'qsanders', 'maryallen@example.com', 'sz2%iNl2H^', 'Summer through why environment future fast individual.
Pattern watch or to focus herself gun. Evening stop draw.
Option surface and tree. Claim family behavior man program phone.', '2023-04-28', 275, 179, 105, 1, 9, 92, 9),
(94, 'cherylbutler', 'lopezharold@example.com', '1WFzDMni#Q', 'What everyone rise realize. Allow sense machine exist several government. Enjoy base really modern.
Grow political edge the law he including.', '2023-07-25', 137, 177, 100, 3, 9, 40, 11),
(95, 'valeriefrank', 'fcollins@example.net', '(4fPSjn%+c', 'Federal ahead sometimes arrive most discussion few. Young heart pick lot picture. Great forward option respond. Case its type receive others.
Want side beyond all lose something.', '2023-11-05', 157, 187, 106, 20, 10, 77, 3),
(96, 'khawkins', 'darleneanderson@example.com', 'gP5JXQtw!&', 'Item together especially dog friend own. Under find nation wide government name worker note. Property small perhaps help.', '2023-05-04', 97, 95, 109, 11, 9, 5, 9),
(97, 'amybryant', 'clarkchristine@example.net', '$Z5KLN0on_', 'Picture fall action join build theory hot discover. Without single with air.
Police center need week. Also great summer bit especially imagine threat. Lot Mr factor size this by.', '2024-04-03', 98, 209, 102, 20, 3, 90, 19),
(98, 'william26', 'gperry@example.net', 'Z4IQRayb#E', 'Direction small some specific economic student throughout. Together perhaps campaign who color help cold.
While only gun. Company simple local. Hold staff play have about eat.', '2023-11-15', 293, 162, 102, 33, 10, 52, 30),
(99, 'btaylor', 'hamiltondonald@example.net', '!$W3xSlh*C', 'Measure between father reflect listen space boy. Figure its number difficult business. Discuss better machine cut increase finish. Keep off police unit.
Prove service attack.
State adult have street.', '2023-11-08', 145, 237, 102, 25, 3, 42, 16),
(100, 'mlopez', 'jrogers@example.org', '7_85BUZJre', 'Defense amount world foot suffer idea lawyer.
Win water hit two themselves fish animal across. Long here good agreement future. Performance feeling home true total.', '2023-11-13', 242, 170, 103, 30, 2, 46, 27),
(101, 'brandondean', 'lisanewman@example.org', 'x^2SHX%NQl', 'International stuff last rise.
Candidate sound thousand help property. Special animal gun region thousand decide over.
Commercial wide someone too. Where its option politics exist.', '2023-11-08', 104, 109, 107, 43, 6, 74, 20),
(102, 'willie57', 'brian93@example.com', 'hX@H3VKp%C', 'Law simply game film run technology goal. Officer machine read mind involve compare.
Rate wife serve skill. Hear save medical hard.', '2023-08-09', 120, 17, 110, 5, 9, 84, 16),
(103, 'david70', 'antonio52@example.org', 'V*(6Q(Yqmf', 'Tree time last. Information measure meeting sister agree moment police.
Lot example individual. Public care off enough pull TV like. Event meeting key help again language.', '2024-01-26', 129, 164, 100, 32, 10, 89, 28),
(104, 'qreyes', 'erika14@example.net', 'ccP+1%Vi$N', 'Defense education half federal minute voice value.
True buy it democratic exactly more painting. Know all personal read land allow. Professional hope safe reach forward situation time.', '2023-09-17', 93, 208, 100, 4, 2, 97, 13),
(105, 'amanda22', 'asmith@example.com', '^^^V7VAsoA', 'Rise man thousand accept special figure tonight. Question there better style seat red. Security kid travel store mention wait.', '2024-01-25', 121, 214, 108, 50, 4, 8, 16),
(106, 'kathleen67', 'pagematthew@example.org', '%P5OYt*b^*', 'Officer both cover why against ok capital fall. Property within thing act everything.
Such name lead create. All to blue determine born. Difference current mouth.', '2024-03-24', 9, 62, 107, 11, 9, 73, 20),
(107, 'blakedesiree', 'hardydawn@example.net', 'w3CbAkE)&E', 'Environmental her yeah week among political structure.
So no skin stop thank recent amount recognize. Clearly instead pull down follow degree. Old professor toward lose nature risk.', '2023-07-24', 157, 224, 107, 35, 3, 57, 11),
(108, 'tatejessica', 'panderson@example.com', '!6dPEEbfz)', 'Resource operation country out senior seek. Let nor policy effort reveal strategy too.
Indeed how thing day according part perform indicate. Weight join network trial age.', '2023-06-29', 33, 63, 105, 31, 7, 53, 17),
(109, 'thomasgerald', 'martinezcaitlin@example.net', 'wR6WTtjuL%', 'Argue including party indeed condition father quality. Building agreement follow movement glass. Account wall maintain share professor explain. Best she responsibility ask.', '2023-10-19', 177, 181, 106, 36, 1, 78, 17),
(110, 'abbottjonathan', 'kristen43@example.com', 'wgKU0KGn1#', 'Need important it. Attorney deep rich.
Different care meet down difficult. Prevent instead conference the writer.', '2023-08-08', 180, 129, 101, 48, 7, 71, 6),
(111, 'collierrebecca', 'anita56@example.com', 'X%Oa2yTlW(', 'Fly wind agreement education population. Concern collection kitchen real he them three.
Of season move agreement finish. Character international anyone suddenly.', '2023-09-28', 210, 37, 109, 15, 4, 32, 15),
(112, 'carlahendricks', 'tjones@example.net', '#xXFy*cZO8', 'Rather season game year blue might avoid. Man nor determine share. Learn position finally audience.', '2023-10-21', 73, 221, 103, 3, 10, 3, 21),
(113, 'chelsea80', 'melissa97@example.org', '^jlLSX#kp7', 'Partner yeah tend. Thus compare alone quite. Ask information particular six window south authority.
Camera who design officer. Onto answer feeling continue bring.', '2024-03-14', 55, 33, 104, 53, 7, 60, 28),
(114, 'mmarquez', 'hopkinsandrea@example.net', '^SThBtb^3r', 'Somebody market before collection. Poor start player special of within without eat.
Quite majority soldier. General box pay win down newspaper effort.', '2024-01-26', 122, 61, 100, 7, 2, 51, 19),
(115, 'harrysmith', 'sandrahernandez@example.net', 'ASWrl1Te@S', 'Hour dinner such physical bad. Far brother customer bank prevent. Most war Congress door form peace.
Reason even hospital least. Measure form even type specific.', '2023-10-31', 299, 194, 109, 8, 9, 21, 23),
(116, 'christopher28', 'xwilliams@example.org', '5M90B*Wj+4', 'Outside lawyer production century owner wrong use follow. Join far side go simple discuss beat. Major fish hot her system opportunity.', '2023-07-03', 24, 159, 104, 6, 5, 23, 29),
(117, 'parksmary', 'carterdeborah@example.com', 'i3%A3AGt3E', 'Adult if of rich media state. Fill president executive beat participant beyond. Risk research whom throw officer join early.', '2023-12-17', 59, 210, 106, 58, 4, 54, 25),
(118, 'edward16', 'michael85@example.com', 'fh*m6YXlGZ', 'Race thus spend both measure fly. Wonder style forward attorney meet floor. Politics rule such charge home ground fast.', '2023-08-16', 247, 150, 106, 14, 2, 98, 5),
(119, 'davisscott', 'johnsonlindsey@example.org', '@%DcK^Fjs5', 'Budget leg market establish effect miss. Day herself side author speak fear teach. I method else since arrive store.
Hospital occur dark about major eight later research. Growth ten soldier assume.', '2023-09-23', 32, 82, 105, 6, 4, 60, 10),
(120, 'william78', 'richardreed@example.net', '5CBD+*pf)A', 'Attack act a per. Girl capital huge stuff.
Majority under entire establish majority. South that scientist interview cause. Camera wide matter enjoy painting party.', '2023-07-23', 210, 59, 109, 59, 2, 31, 21),
(121, 'vsmall', 'millsbrittney@example.org', 'J1rGd&*k_l', 'Increase government safe friend. Benefit car poor question general suddenly. Benefit control cover consider.', '2024-03-16', 43, 235, 108, 43, 2, 4, 17),
(122, 'hendersoncory', 'david79@example.org', '!4(n4#Ol_I', 'Mr significant eye across north.
Ever truth determine kitchen it statement many. Arm determine late nice word page assume.
Black course while law modern. We station young help plan event brother.', '2023-05-21', 254, 27, 101, 49, 9, 25, 10),
(123, 'millerjody', 'melanie02@example.net', 'zzM2Idrq$3', 'Doctor attack mean person business difference body. While tonight green kind. Purpose quite then agreement view.', '2023-05-11', 124, 218, 110, 12, 8, 90, 14),
(124, 'angelawatson', 'carlos06@example.org', '+#T4A8bmaO', 'Second current present nice wait year main. Computer sort better new open wind practice.', '2023-10-16', 236, 35, 110, 15, 1, 86, 14),
(125, 'hreese', 'josephwoodard@example.org', '%5)cMVXter', 'Phone civil next difference suggest. Effect group season prepare them understand dog such. Down alone figure Mr especially one American.
Talk face page exist financial.', '2023-11-05', 33, 70, 101, 53, 6, 9, 19),
(126, 'larryhernandez', 'nmontgomery@example.net', ')(Oi(pNBB2', 'Black religious program none goal. Threat ability positive pick consumer. East my carry field. Speech assume Democrat whom kid.', '2023-08-31', 118, 57, 108, 29, 6, 16, 17),
(127, 'lstanley', 'wwelch@example.com', '9Bc)MZl$%5', 'Fear goal scientist her occur rock.
Meeting final speak. Store degree maintain chance hold. Education from attention lead effect speak talk.', '2023-11-13', 215, 36, 101, 47, 7, 60, 24),
(128, 'mitchell39', 'simmonsmegan@example.net', 'Zp)Y4PIuOC', 'Page him federal movement ground task focus. Whether body fall happen be every learn.
Bill the door region. Something financial trouble mean let eight dream. Place garden sometimes traditional.', '2024-02-09', 163, 193, 107, 12, 3, 98, 30),
(129, 'robin86', 'sandralittle@example.org', 'H1B1zIvB+$', 'Moment pretty a least space woman goal. Morning next part wish hair finish. Likely fast security physical interview at.', '2023-11-16', 99, 91, 100, 30, 10, 54, 29),
(130, 'ryan28', 'fhodges@example.com', '$8)@Jo^)Df', 'Behind institution head coach address investment. Those they remember air first.
Boy movement ready street move. Pretty fall more answer. Personal pressure class through number.', '2023-06-26', 65, 39, 103, 40, 5, 70, 15),
(131, 'susan86', 'ramosjohn@example.org', '#0rMP!r%PH', 'Go ten factor become. Along room section business three.
Drive just way travel surface. Miss special either boy evening. Group interview kid. Yourself administration book ago.', '2023-11-27', 249, 229, 106, 27, 10, 95, 17),
(132, 'nicole60', 'seth33@example.org', 'jp#17N3v4+', 'Then coach machine boy usually responsibility. Air include recently special piece pay. Glass hand financial organization miss treatment seek.', '2023-09-25', 155, 62, 105, 57, 2, 89, 16),
(133, 'kenneth61', 'teresa90@example.org', '+_0oYgx34_', 'Wrong blood billion claim doctor address. Improve PM activity where whole. Responsibility work identify how.
That here both office cause no official. Last quickly despite society.', '2023-06-30', 270, 119, 101, 18, 3, 8, 16),
(134, 'greenchristina', 'denise41@example.org', '_*W3(@Elkr', 'Police stand son top. Issue century chance key training trouble skin. White professional build. Radio light bill administration.', '2023-08-12', 279, 98, 109, 49, 4, 74, 19),
(135, 'estevens', 'gardnervanessa@example.com', 'd4DR$igR!T', 'Stand hundred this.
So south future. Shoulder evening discussion site wonder eye service.
Remain amount relate occur course side half former. City political maintain national western air source.', '2023-05-13', 247, 32, 108, 2, 1, 24, 17),
(136, 'powersconnie', 'chad42@example.net', '*d)A2Ixx)A', 'Base eat point hotel I police growth middle. We pretty little.
Short whose street. Movie feeling federal area cold floor five. City result rise later resource.', '2023-08-01', 198, 18, 103, 46, 3, 79, 10),
(137, 'gstanton', 'floressteven@example.org', '@(3EWQwpx7', 'Audience worry him evening learn note. Into perhaps effort health yet them meet. Population us together risk director those evening identify.', '2023-08-16', 188, 222, 105, 19, 7, 55, 28),
(138, 'xsosa', 'yjacobs@example.org', '+M8QWix0c2', 'Party middle physical clearly second career total. Television act control building send. Say church cost lawyer life provide site.', '2023-05-08', 8, 75, 109, 11, 9, 81, 24),
(139, 'gbanks', 'jill17@example.com', 'Lp*$BSg!_8', 'Financial town little keep carry.
Who loss read process maintain perhaps light. Boy kind family enter weight just car. Wall ago student require.', '2024-03-30', 19, 13, 102, 19, 5, 35, 2),
(140, 'ramirezcarla', 'ryan20@example.com', '&49$0KTz7)', 'Within build on unit century because. Feel thought hospital decide sort. Cost pull possible if. Kid best make personal south box American.
Blood much speech them common security.', '2023-08-16', 288, 227, 103, 28, 3, 52, 29),
(141, 'santanasherry', 'thomas35@example.net', '@vheVIib04', 'Management radio six student compare space. Make full set idea.
While Congress pretty. Raise natural evening others. Discover culture check game play.', '2024-02-20', 156, 247, 108, 24, 6, 63, 6),
(142, 'rebecca54', 'spineda@example.com', 'd%r4MRdU(0', 'Base drug risk technology church fill. Read image everything activity bar finally science. Order increase either something arrive director.', '2023-07-31', 70, 170, 103, 16, 3, 67, 20),
(143, 'benjamin13', 'amy66@example.org', 'OR50V(acg$', 'Community chance expert usually.
Live product affect particular. Key both model lose stage. Dream risk newspaper each.
Next southern school drop step. Certainly accept relate movie prove someone.', '2023-05-22', 225, 132, 105, 12, 8, 94, 9),
(144, 'mary80', 'tonyawatkins@example.com', 'i96Is%mZ##', 'Pm forget someone wife military reduce western. Perform plan newspaper quickly baby lead.', '2023-08-07', 295, 206, 102, 16, 5, 74, 25),
(145, 'charlesrogers', 'graybenjamin@example.org', '$E)4FQfDN*', 'Fall will number voice military. Dog campaign day. Child join view trip else clear soon. Six finish accept able whom bring wait.', '2023-09-18', 212, 199, 103, 27, 7, 28, 9),
(146, 'gmclaughlin', 'melissa52@example.com', 'bDDWWwx9@7', 'Real edge space range choose single you. Reality beautiful accept instead.
Control place threat if. Us step ask business. Throughout receive enjoy him nearly.', '2023-05-14', 197, 90, 100, 39, 4, 92, 14),
(147, 'trevorcollins', 'karenbryant@example.net', ')mQ02GKe^#', 'Experience safe nearly buy view. Represent interesting up American.
Present easy year good former. Very space include effort design lay.', '2023-08-13', 147, 142, 104, 16, 8, 96, 7),
(148, 'jennifer62', 'tiffanywilson@example.net', 'w3YB@6vm!l', 'Congress about meet. Society similar authority computer.
Final really common event key likely. Place specific window myself final receive.', '2023-08-19', 102, 177, 108, 34, 3, 26, 6),
(149, 'wesleylong', 'shawndiaz@example.com', '$T3$UTnY&*', 'Set avoid room find middle reach activity. Grow style science.
Grow bed run me protect. Clear once among time ago.', '2023-12-15', 40, 113, 110, 17, 8, 48, 2),
(150, 'beankaren', 'michael82@example.com', 'rc1*3SdIG1', 'Statement read southern oil. Somebody girl himself on. Third feeling manager spring century form.
Pick watch after. Save standard management leader song. Enter movie safe character off recent.', '2024-01-20', 273, 106, 109, 60, 6, 50, 12);

-- Archive
INSERT INTO Archive (Archive_Id, Concert_Id, Avis_Id, Date_archivage, Nb_participants, Avis_participants, Photo_path, Video_path) VALUES
(1, 7, 13, '2024-04-08', 55, 'Trial unit add ahead customer high law fish. Office population thus.
Security employee movie plan education. Probably speech yourself occur fill. Laugh various evidence such similar fish instead.', '/chemin/vers/photos/answer.mov', '/chemin/vers/videos/call.mp3'),
(2, 21, 9, '2023-05-20', 63, 'Top price whether in modern place. Tonight economic glass standard.
Feel which avoid condition. Lay these ask. Candidate just increase tough easy stay family.', '/chemin/vers/photos/realize.json', '/chemin/vers/videos/off.csv'),
(3, 20, 12, '2023-07-27', 87, 'Window thing effort building happy garden. First alone about century put education. Should wall contain.', '/chemin/vers/photos/mouth.css', '/chemin/vers/videos/detail.odt'),
(4, 10, 25, '2024-01-20', 279, 'Since through notice. House market teach radio under any still big.
Someone listen another daughter. Build color leg teacher. View first send senior. Middle fall quality.', '/chemin/vers/photos/shoulder.mp3', '/chemin/vers/videos/billion.flac'),
(5, 7, 25, '2023-11-20', 254, 'Arm mouth soon trade. Expert describe safe manage top should history assume. Recognize writer pressure green. Almost court never word second nice.', '/chemin/vers/photos/table.numbers', '/chemin/vers/videos/team.wav'),
(6, 2, 16, '2023-11-12', 120, 'Third attention white collection executive. Catch smile middle.', '/chemin/vers/photos/according.mov', '/chemin/vers/videos/medical.key'),
(7, 19, 25, '2024-04-20', 264, 'Save bill matter high. Religious girl type identify series especially others.
Everything month nice often break. Life task poor sport job player.', '/chemin/vers/photos/treatment.pages', '/chemin/vers/videos/usually.pdf'),
(8, 3, 8, '2023-10-24', 404, 'Somebody know show member. Section then situation maybe require tree.
Civil tree lawyer write environment interesting.', '/chemin/vers/photos/sense.ods', '/chemin/vers/videos/spend.jpeg'),
(9, 1, 13, '2023-08-04', 187, 'Nice than recent. Major least become my still scientist. Describe focus road.
Central ground test technology drive. Low accept person civil thank.
How clear director thought. Stuff each exist any.', '/chemin/vers/photos/meet.webm', '/chemin/vers/videos/cultural.json'),
(10, 3, 7, '2023-10-11', 373, 'Plan star sense memory reason democratic. Of west look scene level cut. Treatment whether adult half recent rock than.
Long card without commercial full. People lay wife indeed particularly.', '/chemin/vers/photos/check.ppt', '/chemin/vers/videos/interest.avi'),
(11, 13, 19, '2023-06-17', 425, 'Reality director wear take meeting. But their process behavior book language loss.
Attack behind five suggest reduce leader. Bad method air challenge whom per ago.', '/chemin/vers/photos/option.bmp', '/chemin/vers/videos/allow.wav'),
(12, 8, 4, '2023-08-23', 287, 'Where director executive travel believe. Little successful station economy three positive eat law. Store individual consider popular put this morning.', '/chemin/vers/photos/group.webm', '/chemin/vers/videos/memory.odt'),
(13, 8, 13, '2023-09-22', 239, 'Second American may threat generation report us. Capital name prepare policy ground method concern.
Certainly allow forget though nor behind from. Challenge serious a ever walk.', '/chemin/vers/photos/agreement.wav', '/chemin/vers/videos/stuff.jpeg'),
(14, 25, 22, '2024-03-09', 397, 'Between tend truth write sometimes. They act their result believe share could.
Throw mother hold nor improve. Painting continue still general issue. Perhaps option appear people why.', '/chemin/vers/photos/letter.xlsx', '/chemin/vers/videos/authority.csv'),
(15, 12, 10, '2023-12-21', 453, 'Property prevent door two leave run sound. True summer Mrs. Not street light do sing magazine part. Project environment edge environmental.', '/chemin/vers/photos/return.key', '/chemin/vers/videos/one.flac'),
(16, 8, 23, '2023-08-01', 69, 'According east natural system glass.
Its list member magazine inside stay. Suddenly pass site.', '/chemin/vers/photos/alone.avi', '/chemin/vers/videos/least.mov'),
(17, 18, 16, '2024-02-07', 184, 'Modern relate Republican kid scene attention. Several where down trial particularly enter however.', '/chemin/vers/photos/soon.wav', '/chemin/vers/videos/discussion.jpeg'),
(18, 22, 3, '2024-01-29', 455, 'Buy white fight likely. Hotel parent answer break. When tough natural parent every simply commercial. Cover probably role late big them.', '/chemin/vers/photos/suddenly.jpg', '/chemin/vers/videos/future.mov'),
(19, 12, 7, '2024-01-01', 57, 'Medical continue until time value. Something film director out later receive crime.
Tell suddenly expect order Republican. Arm professor large agent action discussion level.', '/chemin/vers/photos/fact.wav', '/chemin/vers/videos/together.flac'),
(20, 3, 24, '2023-10-25', 242, 'Could its service adult expert member. Receive light continue military piece remain price.
Expect finally paper could act method you. Role message north. Fight smile month whose.', '/chemin/vers/photos/trial.wav', '/chemin/vers/videos/throw.csv'),
(21, 2, 21, '2023-07-17', 418, 'Hear exactly pull music. Town election young head figure career control keep. Realize poor account.', '/chemin/vers/photos/and.mp4', '/chemin/vers/videos/business.wav'),
(22, 6, 1, '2024-04-22', 212, 'Simply something wait maintain security chance out. Appear show tax hold prepare be young. Drop change guy blue enjoy officer.', '/chemin/vers/photos/politics.avi', '/chemin/vers/videos/free.webm'),
(23, 10, 2, '2023-08-22', 303, 'Affect down environmental respond side word however.', '/chemin/vers/photos/about.wav', '/chemin/vers/videos/perform.json'),
(24, 13, 4, '2024-02-08', 481, 'Certainly specific off soon. Which west learn system move because police different. Themselves cover miss pick century teach here.', '/chemin/vers/photos/once.xlsx', '/chemin/vers/videos/money.xls'),
(25, 16, 4, '2023-10-09', 326, 'Leader happen form establish simple. Fact sense guy why chair check dark important.
Look its none. Ball stock attention door attention central.', '/chemin/vers/photos/identify.jpg', '/chemin/vers/videos/region.csv');

-- Uti_MP
INSERT INTO Uti_MP (Utilisateur_Id, Message_ID) VALUES
(21, 120),
(110, 76),
(85, 55),
(114, 15),
(51, 83),
(113, 86),
(7, 124),
(65, 94),
(94, 87),
(126, 67),
(41, 3),
(47, 61),
(95, 119),
(1, 47),
(4, 45),
(55, 16),
(59, 122),
(91, 31),
(75, 89),
(40, 104),
(96, 98),
(71, 146),
(52, 58),
(100, 15),
(97, 111),
(79, 131),
(148, 35),
(53, 53),
(141, 80),
(139, 123),
(78, 105),
(57, 61),
(86, 107),
(114, 132),
(144, 3),
(14, 142),
(142, 12),
(64, 65),
(53, 31),
(122, 45),
(127, 95),
(143, 134),
(38, 150),
(71, 46),
(117, 137),
(4, 99),
(111, 125),
(34, 128),
(3, 125),
(145, 88),
(26, 150),
(110, 121),
(68, 142),
(136, 143),
(107, 17),
(131, 104),
(78, 43),
(1, 53),
(65, 97),
(107, 43),
(106, 42),
(89, 61),
(1, 81),
(56, 117),
(11, 97),
(99, 121),
(52, 102),
(142, 115),
(149, 116),
(14, 44),
(12, 5),
(128, 97),
(135, 76),
(117, 114),
(6, 101),
(71, 99),
(130, 25),
(149, 128),
(84, 36),
(30, 93),
(144, 65),
(41, 7),
(1, 78),
(38, 133),
(63, 144),
(74, 61),
(112, 43),
(46, 116),
(81, 147),
(18, 22),
(133, 146),
(65, 125),
(8, 33),
(93, 146),
(32, 77),
(93, 29),
(149, 61),
(63, 44),
(47, 100),
(91, 125),
(36, 67),
(92, 128),
(39, 39),
(24, 144),
(102, 118),
(128, 43),
(134, 87),
(67, 61),
(83, 94),
(3, 73),
(131, 4),
(35, 57),
(24, 139),
(97, 66),
(142, 57),
(92, 56),
(128, 132),
(83, 29),
(81, 7),
(6, 42),
(88, 143),
(44, 61),
(47, 148),
(30, 59),
(108, 111),
(47, 50),
(121, 2),
(74, 12),
(77, 64),
(17, 35),
(80, 65),
(127, 44),
(105, 140),
(100, 133),
(43, 117),
(45, 75),
(116, 129),
(93, 83),
(108, 89),
(61, 54),
(14, 120),
(25, 98),
(8, 28),
(39, 96),
(20, 70),
(112, 118),
(145, 71),
(68, 143),
(118, 142),
(129, 23);
