-- Table historique 
SELECT * FROM Historique 
INSERT INTO Historique (Historique_Id, Type, ID_event, Date) VALUES
(1, 'everybody', 60, '2020-01-11'),
(2, 'significant', 71, '2021-08-18'),
(3, 'drug', 53, '2023-01-19'),
(4, 'down', 61, '2020-05-09'),
(5, 'always', 36, '2022-04-16'),
(6, 'mission', 81, '2020-08-15'),
(7, 'large', 18, '2021-06-21'),
(8, 'wear', 67, '2021-11-17'),
(9, 'data', 51, '2021-09-22'),
(10, 'buy', 18, '2023-08-12'),
(11, 'indicate', 17, '2023-11-10'),
(12, 'program', 26, '2021-04-14'),
(13, 'teach', 50, '2022-11-24'),
(14, 'meeting', 93, '2022-09-07'),
(15, 'do', 82, '2020-02-28'),
(16, 'region', 69, '2023-07-21'),
(17, 'affect', 75, '2023-03-20'),
(18, 'let', 73, '2021-05-23'),
(19, 'others', 63, '2022-12-27'),
(20, 'nature', 15, '2021-06-12'),
(21, 'very', 18, '2023-07-23'),
(22, 'police', 100, '2020-10-02'),
(23, 'material', 33, '2020-09-21'),
(24, 'line', 24, '2021-01-24'),
(25, 'since', 55, '2021-07-15'),
(26, 'southern', 16, '2022-07-14'),
(27, 'cut', 43, '2020-05-08'),
(28, 'fall', 2, '2021-04-12'),
(29, 'send', 96, '2021-08-27'),
(30, 'contain', 11, '2022-12-07'),
(31, 'notice', 70, '2020-01-09'),
(32, 'action', 14, '2023-11-19'),
(33, 'head', 65, '2023-06-01'),
(34, 'here', 58, '2020-04-16'),
(35, 'stand', 20, '2020-10-08'),
(36, 'so', 76, '2021-07-25'),
(37, 'happy', 54, '2021-07-21'),
(38, 'carry', 17, '2023-05-25'),
(39, 'customer', 62, '2020-01-22'),
(40, 'morning', 55, '2021-09-25'),
(41, 'ball', 15, '2021-12-12'),
(42, 'American', 22, '2021-01-11'),
(43, 'possible', 19, '2023-04-29'),
(44, 'six', 74, '2022-06-07'),
(45, 'manage', 65, '2022-04-03'),
(46, 'forward', 56, '2022-07-22'),
(47, 'industry', 54, '2022-01-21'),
(48, 'edge', 30, '2022-11-23'),
(49, 'wonder', 10, '2021-10-25'),
(50, 'short', 67, '2020-01-30'),
(51, 'strategy', 55, '2022-11-15'),
(52, 'magazine', 96, '2022-12-22'),
(53, 'lay', 5, '2024-01-04'),
(54, 'nearly', 79, '2023-07-06'),
(55, 'along', 16, '2022-05-09'),
(56, 'foreign', 76, '2020-05-04'),
(57, 'machine', 7, '2020-01-14'),
(58, 'huge', 94, '2023-01-27'),
(59, 'fly', 72, '2023-12-02'),
(60, 'attention', 79, '2023-09-27'),
(61, 'officer', 66, '2022-02-23'),
(62, 'them', 29, '2023-07-14'),
(63, 'law', 84, '2020-01-24'),
(64, 'deal', 47, '2021-03-04'),
(65, 'professional', 44, '2020-12-19'),
(66, 'bed', 62, '2020-05-07'),
(67, 'evidence', 75, '2020-02-03'),
(68, 'threat', 88, '2023-10-13'),
(69, 'choose', 64, '2023-04-14'),
(70, 'network', 94, '2021-02-16'),
(71, 'response', 42, '2021-07-25'),
(72, 'each', 87, '2021-06-02'),
(73, 'then', 62, '2021-01-14'),
(74, 'accept', 67, '2023-04-27'),
(75, 'commercial', 90, '2021-01-12'),
(76, 'south', 55, '2022-03-11'),
(77, 'spring', 1, '2023-02-28'),
(78, 'ahead', 32, '2023-05-27'),
(79, 'there', 19, '2020-08-21'),
(80, 'morning', 88, '2022-12-13'),
(81, 'fine', 61, '2021-04-09'),
(82, 'end', 18, '2023-04-29'),
(83, 'left', 35, '2021-03-07'),
(84, 'dinner', 17, '2022-03-23'),
(85, 'bar', 24, '2020-11-06'),
(86, 'middle', 99, '2021-11-30'),
(87, 'write', 83, '2021-06-11'),
(88, 'leg', 48, '2023-09-24'),
(89, 'if', 80, '2020-01-10'),
(90, 'husband', 14, '2021-11-09'),
(91, 'product', 11, '2021-04-21'),
(92, 'city', 56, '2022-02-27'),
(93, 'model', 85, '2021-05-27'),
(94, 'fund', 82, '2022-01-12'),
(95, 'plant', 75, '2023-02-16'),
(96, 'improve', 96, '2023-07-31'),
(97, 'hot', 96, '2023-04-23'),
(98, 'environment', 88, '2023-06-07'),
(99, 'moment', 9, '2022-05-15'),
(100, 'activity', 43, '2023-03-17'),
(101, 'yourself', 20, '2021-10-28'),
(102, 'build', 58, '2023-12-16'),
(103, 'hospital', 51, '2023-10-05'),
(104, 'good', 13, '2021-03-29'),
(105, 'number', 77, '2022-06-26'),
(106, 'window', 67, '2023-06-14'),
(107, 'from', 93, '2023-07-07'),
(108, 'year', 92, '2022-02-18'),
(109, 'fear', 48, '2020-06-18'),
(110, 'ready', 85, '2020-09-24'),
(111, 'century', 83, '2020-01-25'),
(112, 'high', 10, '2023-06-27'),
(113, 'organization', 58, '2021-10-22'),
(114, 'bed', 88, '2023-04-24'),
(115, 'least', 80, '2022-03-06'),
(116, 'there', 92, '2021-03-16'),
(117, 'as', 11, '2020-04-27'),
(118, 'once', 18, '2021-05-04'),
(119, 'foreign', 19, '2020-01-01'),
(120, 'send', 33, '2022-05-11'),
(121, 'act', 12, '2020-02-20'),
(122, 'high', 44, '2022-04-20'),
(123, 'book', 16, '2021-02-15'),
(124, 'response', 74, '2020-07-29'),
(125, 'be', 89, '2020-06-21'),
(126, 'especially', 43, '2023-07-03'),
(127, 'blood', 97, '2020-11-09'),
(128, 'group', 11, '2021-04-21'),
(129, 'democratic', 38, '2020-11-18'),
(130, 'record', 80, '2020-07-28'),
(131, 'table', 85, '2020-04-01'),
(132, 'senior', 100, '2022-10-04'),
(133, 'ever', 18, '2022-08-26'),
(134, 'all', 34, '2022-12-19'),
(135, 'newspaper', 71, '2020-03-10'),
(136, 'improve', 34, '2022-02-16'),
(137, 'moment', 29, '2023-03-19'),
(138, 'remember', 74, '2023-08-04'),
(139, 'alone', 86, '2020-01-04'),
(140, 'conference', 68, '2021-11-22'),
(141, 'decade', 3, '2021-08-08'),
(142, 'staff', 76, '2023-04-04'),
(143, 'article', 37, '2022-05-03'),
(144, 'probably', 4, '2022-05-31'),
(145, 'out', 95, '2020-11-01'),
(146, 'PM', 51, '2022-03-09'),
(147, 'husband', 62, '2023-02-26'),
(148, 'draw', 32, '2022-03-29'),
(149, 'during', 88, '2022-05-31'),
(150, 'whole', 90, '2020-03-06')


-- Publication
INSERT INTO Publication (Publication_Id, Date, Commentaires, Nb_likes, Nb_partages) VALUES
(1, '2020-07-02', 'Whether way describe special north. Woman claim paper memory inside story.
Main this behind team personal since walk. Theory thousand air. Someone education choose wind reflect.', 13, 33),
(2, '2020-10-19', 'Herself defense ready crime sometimes size instead. Top city stage hit result.
Mission appear process bag. Discuss plant itself must.', 100, 20),
(3, '2020-11-22', 'Always ball cup interest tend both talk. Heavy sister decade his some education director.
Blue toward care describe foreign. Land respond deep exist site at serve. Ready media wonder level.', 1, 4),
(4, '2022-10-02', 'Material that certainly pull window receive activity. Tonight method however citizen maybe full. Agree would respond her economic.', 94, 3),
(5, '2021-12-07', 'Probably own there like mouth prevent. Try teacher down section.
Red rock stay water necessary tough. Would apply stay assume material must most. Require with hotel serve year method book computer.', 93, 8),
(6, '2021-10-26', 'Ok cup president beat would radio. Admit respond animal avoid. How there exist current window.
Lot fund development perhaps yourself TV election. Entire floor effect worker wait.', 81, 27),
(7, '2021-11-09', 'Enjoy spend response long suddenly mean stuff effort. Book might them fish forget. Check long team newspaper.
Boy itself and station truth I care fight. Job administration wall thing north.', 25, 26),
(8, '2020-10-24', 'Hospital woman serious article herself. Difference child return president charge author Mr.
Whom serve first.
Toward enter which. Baby head that room force south happy.', 70, 16),
(9, '2020-06-23', 'Himself artist push late break speech. Rich democratic successful serious. Us action main describe seem organization travel.', 0, 7),
(10, '2021-06-26', 'Trouble list partner hour tree decade. Step both sign lawyer word. Radio care owner new. Sound according exist painting.', 86, 3),
(11, '2023-12-21', 'Quality do upon nice even. Alone claim ready gun.
Away between rock significant number may debate too. Become stock style song play appear government.
Yes especially pass kitchen history.', 64, 38),
(12, '2022-10-19', 'Drug year medical hard appear fast film. Political national him base by.
Research personal two there once. Offer simple enough piece. Stop shoulder work training every my story.', 61, 36),
(13, '2022-07-27', 'For some employee only mother conference finish. Detail key firm brother.
Couple kid south it stuff line sell. Size mouth charge identify.', 19, 21),
(14, '2022-07-24', 'Blood easy many drop those close. Data today animal myself glass language man reduce.
Plant share way. Record mean than argue bed nearly. Simple check represent beautiful claim year east.', 85, 5),
(15, '2023-07-24', 'Lead instead happy.
Central also mother TV. Group staff cause form of.
Her class happy phone everyone. Employee available knowledge soldier appear.', 78, 38),
(16, '2022-07-12', 'Eat check husband reach order. Help pull base organization. Look room whole election method.', 90, 39),
(17, '2021-07-07', 'Argue child short course property process interview. Writer two best despite no I glass.
Card thing over red become. Key computer commercial record. Magazine style key marriage be.', 54, 39),
(18, '2021-05-29', 'Everybody rise even fill seven country service.
Beat effort draw price. Religious increase company head agent. Determine practice blood according almost.
Situation ago rise happen.', 39, 24),
(19, '2021-02-11', 'He chair affect edge statement the. Nearly ground clearly place available. Activity sure morning case ask truth.
Table six down. Leave economy write clearly develop help control.', 1, 7),
(20, '2020-03-27', 'Up Congress half four pick future impact. There thousand part act. Federal always front difference sport.', 65, 9),
(21, '2022-11-13', 'Successful management she fish decade. Positive do other might rest.
Nature though free. Still chance physical child physical nor friend. Guy our board least trouble tend.', 44, 42),
(22, '2022-01-05', 'Hour drug much.
Explain suffer give fund fish all. Test white able discussion.
Understand feel anything cost drop amount free. Fact join political together boy out.', 80, 41),
(23, '2020-02-14', 'Act type anything animal leave month adult. Physical table sport parent song economic society similar. Bad especially also war near space security.', 41, 18),
(24, '2021-05-21', 'Risk article increase summer. Scientist upon new.
Two much more. Head dream investment west our. Energy professional cut address.', 44, 40),
(25, '2021-08-12', 'Receive white sing can part task million. Science effect even nation.
Shake wish card could test. Indicate life add you.
They star may world where approach.', 32, 15),
(26, '2022-04-24', 'Despite compare place. Half win area everybody.
Still performance service. Successful seat debate capital. All analysis answer moment able civil rate.', 30, 18),
(27, '2023-04-25', 'Quality site talk start city color. Especially turn many age money. Shoulder wide wonder risk cultural receive others.
Eye win will. Anyone until office available. Involve not common general though.', 79, 40),
(28, '2022-12-19', 'Follow loss environmental want if bank several performance. Night occur security source its none situation item. Summer beat compare.', 63, 18),
(29, '2022-02-15', 'Out protect enough summer yes lose. Campaign police collection.
Child blue cultural those although. Measure try stop item consider more network.', 73, 33),
(30, '2020-02-02', 'Style suggest win wonder may. Available member director concern until last act. Late prevent former parent fill. Participant arrive mouth wait wall term thank.', 33, 45),
(31, '2023-10-06', 'Pull fill hour bag song. Beautiful identify ago discussion. Much and ok nothing size event free.
Case property sign game red. Street manager organization process himself account special.', 44, 40),
(32, '2021-04-10', 'Up quite sport bit. Shake best often skin.
Mouth write choose huge. Meet onto without data.
Again indicate bill. Official just program across relationship station me.', 65, 43),
(33, '2021-03-27', 'Authority identify reveal single lay. These TV also although reach past consumer. Whose baby loss increase help. Always whole need significant responsibility develop low.', 32, 24),
(34, '2021-05-07', 'At human out rise from edge. Simply catch speak behavior policy. Hair him challenge everything.', 18, 38),
(35, '2021-04-05', 'Doctor successful also. Send add wear everybody cost.
Small under hundred wall personal bring. Adult yourself conference recent. List really so small serve head get.', 72, 47),
(36, '2020-08-21', 'Teacher must guess whose director debate offer. House personal world collection those line bag. During down concern somebody sure call.', 77, 46),
(37, '2020-04-25', 'Control owner go second through. Skill great trip likely deal surface different.
Teacher particular why school. Factor bag through single back exist share.', 0, 6),
(38, '2020-09-05', 'Standard nice coach value tree lawyer issue indicate. Value idea gas husband network. Mrs more white item. Last herself first fish.', 89, 6),
(39, '2020-06-01', 'Power once section book theory. Despite detail middle even.
Gas author others sometimes. Degree dog them growth democratic cause. Reason draw collection.', 96, 37),
(40, '2022-12-16', 'Professor our month remain collection Mr. Upon individual clearly. Recognize consumer big fact sport kitchen industry.', 67, 9),
(41, '2021-07-19', 'Blood inside television rather. Available southern magazine hospital base wait.', 92, 26),
(42, '2023-05-04', 'Chance easy strategy style wall clearly save. Hold use worker car in.
Light foot mouth eight evening system. Produce painting poor half beautiful. Show issue direction. Into always doctor.', 71, 26),
(43, '2020-10-27', 'Drug serve employee bit cup next base realize. Yourself you indicate ready.', 1, 12),
(44, '2023-11-18', 'System else leader large size. Model instead situation quality.
Scientist might community drive economic. Identify bring training book human learn nation. Mouth under husband student do challenge.', 39, 15),
(45, '2022-12-22', 'Force think wrong Republican instead. Fight specific thus interview require join.
Fire there law whatever pretty. Ten money range high probably exist. Trip bad quality law.', 97, 25),
(46, '2021-03-07', 'Certainly bag business that Republican on short. Quite character civil today.', 71, 31),
(47, '2020-01-22', 'Brother arrive control position quality very page. Politics support play tree.', 84, 13),
(48, '2021-01-20', 'Continue wonder piece.
Couple find audience population minute nor. Consider article arrive paper. Finish bring capital purpose when what south air.', 3, 39),
(49, '2021-08-23', 'Million player cultural above yet. Treat later turn dark light need smile.
Crime bed research find also.
Tell since debate method. Computer relate Congress mind weight receive color.', 38, 0),
(50, '2021-03-05', 'Cost remember indeed program success force chance tell.
Establish western lead affect know. Far court political customer page treat finally. Firm feeling when step for color rather.', 40, 42),
(51, '2023-06-06', 'Home all above son. Church television great most soon fast. Remember who skill plant summer.', 23, 28),
(52, '2020-05-31', 'Guess three condition. Own just world end measure responsibility.
Day although per meeting. Help respond fall accept. Impact I magazine capital.
News western news deal the represent.', 74, 33),
(53, '2020-06-20', 'White mind attorney. Economic best form process record up. Behavior our whose character physical statement.
And true personal account social thus. Several drop best.', 70, 19),
(54, '2022-11-04', 'Security father foot some successful also factor design. Or individual give rich. Suddenly make treat color time hit.
Might produce interest new. Should spend themselves main pay. If life man Mr.', 34, 15),
(55, '2022-01-14', 'Lay either value president case here. Consider song question age spend thousand affect. Measure TV imagine create through.', 60, 16),
(56, '2023-10-09', 'Dog attention until west. Take something plan management treatment early language serious. Pick chair charge moment understand mention future.', 41, 21),
(57, '2020-02-11', 'Above and will. We consider skin without near thousand.
Key million seem by record step artist there. Of look course forget again us. Draw director structure public way teach.', 30, 36),
(58, '2020-04-15', 'Big very machine debate trade we clear. World attention full increase still smile.
Too even research. Possible moment trade ground owner official enjoy.', 29, 31),
(59, '2020-09-22', 'Enter better someone local. To dog section. Week trip record authority quite.
Avoid time large player you. Degree that resource color fight effect. Two nation all. Top teacher happy.', 79, 17),
(60, '2022-11-21', 'Close national use among live order. If and position special at.
Fine business feeling. A reveal decade decide protect matter.', 67, 6),
(61, '2023-09-19', 'Give citizen middle result.
Word wind trouble in try vote available. Sport mouth manager catch improve enjoy.', 92, 45),
(62, '2023-07-22', 'Instead late truth whatever ago relationship. Realize thus church somebody feel.', 13, 34),
(63, '2023-08-11', 'Road close admit. Room material main public interest offer test.
Major group challenge cold of. Fine yeah common need ball. Size into leg great.', 29, 12),
(64, '2023-08-08', 'Voice service resource sing power friend her. Make whose age go. Sing somebody past whether employee to.', 27, 19),
(65, '2021-06-19', 'Factor Mrs often return recent position instead. Consumer scene traditional that money. Cultural data weight wish view require. Involve ability popular idea operation on wife.', 63, 41),
(66, '2021-07-23', 'Agent bad grow consumer happen though wait. Police can stuff particular father.
Pretty billion certainly. Well choose forget true would new. Perform base pass price class.', 96, 24),
(67, '2023-06-08', 'Executive sound no later. Eat create charge difference. Pass scene old loss land. Possible court style dog evening.', 13, 21),
(68, '2020-04-27', 'Fine father bag culture big serve black. Area still another sport research statement upon adult. Send service strategy office before clear government.', 87, 40),
(69, '2021-02-01', 'Score everything road hotel. Respond mention concern defense do increase green. Left according care house ever actually.', 81, 14),
(70, '2022-12-22', 'Say while entire. Nice way security bad certainly arm. Use card room school important marriage article.
Short upon ago standard whether two. Month unit son way those party bar.', 51, 26),
(71, '2021-08-21', 'Off use more white role should prove. Network reason home article look left writer. Measure to specific table pick.', 16, 14),
(72, '2020-05-08', 'Community summer increase attention. Break question husband too agent watch.
Executive church standard have. Speak later race reflect.', 61, 15),
(73, '2021-11-16', 'Interesting happen discussion. Conference international bag.
None per activity interview rest administration. Law body after capital hot even. Fish than maybe real dinner run director participant.', 30, 29),
(74, '2021-05-23', 'Compare area deep establish walk full. Top under worker pick deal. Result game effort ahead.', 13, 26),
(75, '2023-07-10', 'Rest recognize now deep address already military. Particularly deep note discussion. Everything politics south thought line customer difference.
Not draw sing machine. History some position sing.', 41, 19),
(76, '2023-02-27', 'Process provide his. Step join subject ten soon.
Mrs measure site century final one evidence operation.
Whole security he candidate season be throw. Drop eat when yard defense.', 88, 4),
(77, '2022-08-23', 'Network citizen quickly everything. Discussion father know under scientist. Entire kid site wonder run anything almost.
Weight manager land good. Stock any treat apply about understand.', 100, 37),
(78, '2022-06-14', 'Bad east into science writer detail fish lawyer. Catch seven laugh leader look ok. Measure long check see sister system PM.', 2, 35),
(79, '2023-05-10', 'Issue next particularly front. Born experience so admit.
Focus culture test they else language crime. Inside team commercial social since give.', 59, 23),
(80, '2021-12-21', 'That who suggest hit night. Reach certain strong building. According yourself piece already common weight risk difficult. Stuff than thing.', 21, 27),
(81, '2021-02-01', 'Performance drop goal parent feel may. Mention factor wide at store outside down general.', 0, 27),
(82, '2022-08-05', 'Before factor run on property watch reason. Stuff senior bar administration their trade.
Catch board she through they statement force protect. A nearly end he office.', 50, 34),
(83, '2022-09-20', 'Every sign tell truth walk dark affect. Focus number here. Necessary yard yard top ability already a.', 81, 38),
(84, '2021-07-28', 'Watch do style hour information poor. Card performance teach population. Appear former same care around. Cut table building guy tell note.', 93, 25),
(85, '2020-08-16', 'Surface education represent house positive maybe support. Pretty only ability weight bank former music.
Individual science paper call. Keep at hold everyone yourself also want.', 16, 14),
(86, '2020-12-10', 'Record major surface weight. Term almost public off heavy money. Computer senior care seek TV other financial.
Pretty kid both them chair field tend. Clear western recognize because or outside trade.', 77, 48),
(87, '2022-05-06', 'Itself company range pass authority piece politics. Night media director.', 90, 23),
(88, '2022-02-15', 'System brother board take save education drop. Likely stop lose not.
Yes business others make. Center may during friend sea how state agent. Soon official past serious sea.', 59, 6),
(89, '2022-07-15', 'Sea exactly might. Your scene wrong from.
Wait whatever baby cover generation make. Production option believe water. Performance church material affect remain art various.', 88, 16),
(90, '2022-02-19', 'Individual can any. Whatever everybody soldier candidate.
Indicate anything enjoy itself government system. Effort agency rule.', 79, 3),
(91, '2023-10-03', 'Find owner large marriage. Even enjoy international. Crime use whom our produce get.', 73, 37),
(92, '2020-04-08', 'Agency herself wall manage sing discover themselves. Expect might where debate.
No trade hand will area. Line not bill third near market.
Entire onto forget probably painting anything so.', 2, 0),
(93, '2021-03-18', 'Open matter good look make. Form another agent baby middle note. Finally produce quite agency material parent can.
Human in skin many process. Long third four speech group.', 14, 28),
(94, '2023-02-08', 'Deep daughter response continue instead animal generation. West attack shake change market. Name great set forget want.
Attorney hour cup form. Next enjoy machine medical guess.', 100, 40),
(95, '2022-01-17', 'Economy PM wife lawyer must suggest near. Security science very guess physical choice.
Too raise decide popular especially. This thing teacher throw three.', 11, 40),
(96, '2023-09-22', 'My citizen stop series fire note people option. Safe health develop join.
Herself become buy president general positive morning. Free news necessary commercial too use along.', 27, 42),
(97, '2023-04-12', 'Appear night factor should citizen site. Understand smile probably strong close organization. Present event herself above pretty.', 62, 29),
(98, '2022-05-21', 'Billion million ahead power few team reflect.
Film provide place third between skill strong. As hot dinner security.', 56, 16),
(99, '2021-04-01', 'Nor reason go. Newspaper democratic do record. Reason as remember debate nature Mrs.
Bit six decide leave allow half. Week election community suddenly always well of.', 1, 50),
(100, '2020-07-04', 'Type black question stay act. Personal where environmental cold. Remain old girl president truth almost usually.', 77, 36),
(101, '2021-04-12', 'Grow water range son morning provide. Instead interview second picture current house computer.
Weight week reason garden so he. Raise interest draw write. Public court answer turn.', 63, 1),
(102, '2022-10-03', 'Decision your join chair economic since trade behavior. Place attention fight herself good significant everything.', 68, 17),
(103, '2023-08-29', 'Lot church hold put main rock environmental.
Talk hand difference can author my. Student tree morning wear member. Kind understand ground site themselves structure.', 13, 31),
(104, '2021-09-28', 'Less similar parent all health soon to coach. Local production soon instead statement since charge.
Prevent hit rather letter. Boy story morning attorney me bad understand. Owner ever life dark.', 22, 7),
(105, '2023-10-08', 'Television senior natural program wear determine. Ok drive build.
Although stand take determine our president player author. Free air technology trip.', 26, 34),
(106, '2021-09-08', 'Ten go again. Party get up decide generation. Scientist space knowledge. Public store size student detail individual book.
Decision peace month garden nor.
View evening everything step story lot.', 42, 8),
(107, '2022-06-08', 'Rest reach read cell. Itself within billion production work build information. Term relate address project beat rate.', 97, 6),
(108, '2021-04-24', 'Its responsibility major gun whatever be. Trip boy degree cultural.
After I production when sign. Glass down training indeed time fire.
Or despite building exist prevent.', 84, 27),
(109, '2020-01-24', 'Car team charge fear bed.
Blue leg provide view bad east. Score current success. Nor their standard trial believe.', 65, 10),
(110, '2022-09-02', 'Discussion one old manage PM what according. Month yard describe relationship away type former. Ability close development beautiful up.', 95, 8),
(111, '2023-02-20', 'Heart almost develop walk wish smile. Look article black really born.
Material get activity other. Among think kind soon kid message most scene. Energy public morning movement.', 5, 3),
(112, '2023-04-26', 'To another shake born role beat. Try point news sister old better recent. Main mind gun sometimes.', 46, 20),
(113, '2022-11-16', 'Worry notice bill decade week. Establish within task difference.
Win bag police animal group relate. Bill raise exactly pressure. Most career stay fight candidate.', 83, 8),
(114, '2021-06-13', 'News show consumer TV concern marriage.
Likely result exactly hour point purpose contain. Military art raise where if.', 23, 46),
(115, '2023-01-24', 'Practice two exist stock better. Well theory concern establish.
Set wall class reveal. Cost material north realize. Success simply garden west.', 92, 26),
(116, '2023-02-04', 'Themselves group debate none main born. Expert suddenly stock again wish six. Tough there go interest decide go land face. Several allow chair support adult pay mission worry.', 60, 36),
(117, '2020-04-07', 'Actually read two coach entire east likely economic.
Both money on imagine wall. Behavior after stock up high similar right. Soon pass past top pretty.', 13, 5),
(118, '2021-12-08', 'Wife husband now face. Each finally record talk similar now drive.
Couple discuss piece majority. Strong side computer suddenly big maintain. Own easy conference plan moment cold future sport.', 29, 24),
(119, '2022-10-27', 'Benefit air movement tax shoulder prepare military. Area majority least senior behavior especially weight.', 84, 6),
(120, '2022-03-30', 'Democratic despite religious night knowledge.
Data all car but build which. Yourself collection side own newspaper.', 94, 1),
(121, '2022-09-13', 'Her action draw develop generation quickly. Cell president common once ability beyond through note. Ahead your central detail staff task.
Involve us suffer. Board next little commercial.', 29, 34),
(122, '2021-11-03', 'Two from financial administration above people manager.
Ten player sense. Professor use town body situation minute same.', 40, 28),
(123, '2022-12-12', 'Collection race fine sometimes church speech. Form reveal my show professor song. Hotel student yourself couple this cost argue.', 6, 41),
(124, '2023-02-15', 'Blue owner building spend. Agent through even some push on last. Group participant election talk father ten international.', 11, 32),
(125, '2021-11-19', 'Force include here care amount open thing represent. Finish sign they opportunity instead dark culture.', 100, 18),
(126, '2022-05-28', 'Food language experience lawyer order carry.
Get control else lose who example force another.
May policy leg maybe seven. Which impact build he base wait success. Month care many over policy.', 92, 19),
(127, '2022-04-21', 'Difficult open set low national down. Four election force. Help air true stand amount its.
Recently PM purpose head. Who they these relate hope compare.', 69, 2),
(128, '2023-01-20', 'Ago decision professor church structure citizen employee. Business half project art human particularly. Investment others today data form.
You movie red official price discuss.', 7, 7),
(129, '2023-06-26', 'Decade side coach environment member research. Win road agent few cost fight.
While but recent decide. American their development rule picture. Scene today interview former Congress much cell.', 24, 9),
(130, '2023-10-27', 'Necessary half each since training air citizen. By majority black.
View door pull just us house away. Behavior international deep off she agent. Understand entire society while.', 45, 35),
(131, '2020-09-23', 'Whatever bill rule hair onto network late. Take keep only not about sound head. Drive minute job away like. Himself Mr recognize night north.', 7, 32),
(132, '2020-09-15', 'Every game stage. Finish last population hear certainly level relationship strategy. Plan system knowledge really project.', 28, 14),
(133, '2023-11-29', 'Set through three wait quickly yard organization. Draw result personal trial claim reality unit. Level story citizen house. Young card indeed.', 64, 48),
(134, '2023-07-20', 'He risk group dark usually. Down machine into practice security. Doctor nor effect certain whom minute officer.', 91, 14),
(135, '2023-12-05', 'People attack if song their reason pick stop. Ahead model move common or then. Than husband year ability decide control parent.', 40, 48),
(136, '2022-06-03', 'Determine dark back join building. Artist interview until order protect stay set. Fact town likely take rate thank. Else grow door impact call.
Chance later member realize. Turn property range near.', 23, 49),
(137, '2020-09-09', 'Treatment site doctor some green than system determine. Maybe mean allow.
Lawyer same listen answer exactly why fill day. Smile player dark tree shoulder hold.', 32, 13),
(138, '2020-09-12', 'Especially could include apply quality relationship space material. Other government girl share music hit. Data scene wind now year side.', 95, 37),
(139, '2021-12-22', 'Most give shoulder might. Dream PM yes guy fund room soon.
Above now watch join though black project under. Model marriage little sort institution receive. Trouble foot help another across.', 33, 41),
(140, '2022-09-16', 'Far establish next. Arm less many stuff cup seek.
Star everybody yes mission future. Region save key. Morning even animal food.
According full describe create tend individual them shoulder.', 13, 49),
(141, '2022-11-12', 'White car education speak serve. Owner poor include close attack talk. Space white could long do tonight sister.', 15, 6),
(142, '2020-03-13', 'Candidate apply page magazine result.
Meet responsibility something author people risk. Plan senior argue than central. East worry drive wish past sign.', 79, 31),
(143, '2020-12-03', 'Cost wife section material. Military opportunity energy try discuss between.', 87, 13),
(144, '2020-02-24', 'Again learn improve then staff. Generation decade media mention chair. Join practice catch subject relationship.', 10, 26),
(145, '2022-02-19', 'Item might hand son where. Huge new successful economy tonight color understand general. Professional Congress adult prove.', 24, 33),
(146, '2023-02-17', 'Down outside cost near half way. Born debate total produce indeed its Mr star. Newspaper her across paper section think.', 78, 8),
(147, '2022-08-27', 'On offer enter radio. Movie great film huge. Why Republican song PM.
Hospital then finish. Adult push material list child and professional. Ability section action.', 85, 12),
(148, '2020-03-16', 'Option others theory prove itself would easy. Station no usually deep.
Statement listen drop senior imagine. Expert them want painting possible. Today money process four federal in.', 5, 0),
(149, '2023-03-12', 'Party better view large listen level. People during play camera. Never cultural occur up break figure three.', 98, 38),
(150, '2020-09-19', 'Year maybe too stand charge already.
Good care truth present site institution upon range.', 75, 14)

-- Utilisateur 
INSERT INTO Utilisateur (Utilisateur_ID, Pseudo, Email, Password, Biographie, Date_inscription, Historique_Id, Publication_Id) VALUES
(1, 'melanierussell', 'robertleonard@example.org', '^lOV*FIr@9', 'Old marriage kitchen positive maintain recent course. Hotel assume agency remain. Behavior some to grow others explain significant.
She require arrive. Artist activity social after always hundred.', '2021-03-18', 71, 26),
(2, 'carlos11', 'michael33@example.com', '^cRc4DWx_7', 'Sign prove issue opportunity. Again challenge various again among reason too. Military worry capital spend. Coach reveal few fill maintain half.', '2022-09-18', 92, 4),
(3, 'adriennegreen', 'garrettkathryn@example.org', '^xk!9(6v3D', 'Room minute wide our. Near line manage. Start painting personal. Western bed argue home tax those it.
Thing doctor mouth his. Plant stand less free somebody.', '2020-07-08', 7, 113),
(4, 'jessica08', 'barbercharlene@example.org', 'Z*$i1KlCL*', 'Might them right early west likely star movement.
Voice assume night million. Behavior over health different country.', '2022-03-29', 42, 136),
(5, 'laura54', 'rharris@example.net', '_Km7StL2r9', 'Daughter fall sea movie. Forget organization red appear. Economy site officer.
Everyone live no second mission. Do us example water general break. Pass present although majority pretty and city.', '2021-04-18', 15, 146),
(6, 'gordonstephanie', 'jstewart@example.org', '7mSw0Op4(1', 'Effort ask serve opportunity of carry. Concern behind question lead. Tax keep who really they career or.', '2020-04-17', 88, 128),
(7, 'mackenzie41', 'krystal67@example.net', 'mT0PwKg!^8', 'Though issue beat. Face investment feel.
Son not air threat. Appear thank feel above toward thousand throughout. Window own why quickly involve story.', '2022-04-30', 100, 84),
(8, 'eayers', 'stewartnathan@example.com', '%0CTKilBl3', 'Page great position discussion fund industry design writer. Far exist memory add change. Standard Mr detail amount expert him.', '2020-12-20', 44, 13),
(9, 'lyonschris', 'waynesummers@example.net', 'c$96DbE9B7', 'Red establish new worry member. Represent should edge rather prove leader dog lay.
Many start stage job blue several. Common position agency strong. Building star mission serious.', '2022-12-11', 40, 136),
(10, 'rdoyle', 'william34@example.net', '&gHG5)kDS6', 'Whose choice ability perform cold positive he. Although listen pass science result similar before.', '2023-05-11', 5, 138),
(11, 'guerrerojeremy', 'orrgregory@example.net', '@L+4T!2bv(', 'Eight road finish fire contain sound along nature. Feeling wife main before than foreign brother exist.', '2020-03-31', 69, 39),
(12, 'ginathomas', 'gjoseph@example.org', '_A5Q%2Icz9', 'Future he opportunity five commercial opportunity soon hope. List loss fish.
Tough job conference. Marriage drop citizen lawyer.
Finish can majority arm let table. Already action better middle.', '2023-08-04', 51, 22),
(13, 'jennifer88', 'kenneth30@example.com', 'xQ^c0Wncw(', 'Suddenly draw imagine all blood usually forward. Four former oil station democratic have actually model.', '2023-06-25', 60, 28),
(14, 'paustin', 'tboyle@example.org', '(2RGLpksAa', 'Building film money summer tax. Development chance once issue. Television bag total story life away call.', '2021-02-25', 11, 16),
(15, 'kimberly60', 'ubecker@example.com', 'BS45WE8kt+', 'Trip score score. Information stop myself hour source kid. Shake attention million cover top might last raise.
Both half more expert rule. Body go station particularly.', '2024-01-04', 99, 84),
(16, 'johnjohnson', 'codonnell@example.net', '$w1rFyq(b(', 'Probably short western charge along responsibility. Marriage spring sell plan yeah.
Board part seat. Author sound worker car attack grow decade.', '2023-08-04', 32, 40),
(17, 'marktaylor', 'robert51@example.org', '_yL7nByp)3', 'Night score only deep.
People above walk spend project practice like. Message usually economy medical almost commercial. Lay example voice data.', '2020-11-08', 18, 141),
(18, 'emann', 'jerome11@example.org', 'HN9fP@1yr+', 'Commercial worker value project. Appear on society. Without mind thank scene.
Take listen ground discover worry. Against outside wish politics.', '2023-09-02', 51, 100),
(19, 'pamela37', 'stephen55@example.net', '!5B)ZD3cck', 'Campaign writer mean population. Ask join day look worry team. Consider drive rather stay place.
Which be water population build stock represent per. Product money especially eat his.', '2020-06-08', 7, 15),
(20, 'anthonycummings', 'georgewilliam@example.net', '&Z_F0Kjrh1', 'Rich morning traditional deal. Seven box per. Admit light drop determine chair owner age. Child admit style.
Box involve why truth true behavior. Though why anyone themselves community.', '2020-07-08', 90, 43),
(21, 'joshua66', 'rmullins@example.org', 'ClVQCikZ#9', 'Group break safe. Financial increase window answer environmental able miss.
Teach know medical word certainly several. Worker stage vote. Need recent and understand wall.', '2023-09-08', 39, 70),
(22, 'rfritz', 'boltonrichard@example.net', '_FR5OSaao&', 'Action dark simply throw operation change position assume. Entire sister carry style. Wonder reflect fear risk experience strong toward.
Serve population tough. Senior write reality.', '2021-04-10', 65, 141),
(23, 'patricia88', 'michaelallen@example.net', '$@23CLvZGR', 'Cell usually design answer expert spring Congress. Explain health sell some protect pass raise. Cut partner anything you. Thing professor develop into brother.', '2023-08-16', 50, 57),
(24, 'wrowe', 'cruzchristopher@example.org', 'sW2E@ctL^2', 'Organization piece present theory. Least impact first training simple serious law.', '2022-10-12', 18, 30),
(25, 'kblake', 'williambush@example.org', '%C3HxgqqYB', 'Because young once week. Fact support significant arrive.
Loss science necessary response go. Watch air relate during any.', '2020-07-21', 57, 146),
(26, 'sarah55', 'michael32@example.com', 'i0zUKjD%*x', 'History win quality player could. Upon sure describe provide old beat. Scene world local threat bar single.
Customer lawyer participant. Trouble year early color strong whose.', '2022-01-27', 71, 61),
(27, 'tina31', 'marshallkurt@example.net', '!2+_W7mWtH', 'Rest employee trouble arm word catch full safe. Anything check run prevent list. Better benefit woman family economy eye.
Civil enough back we. Fine small woman. War professor light third likely.', '2023-04-11', 78, 131),
(28, 'davilaandrea', 'jacksonsusan@example.com', 'JwkB1PqCV(', 'Benefit perhaps sea activity role lawyer heavy next. Yourself cold tend on help century. Exactly form certain.', '2022-08-13', 66, 90),
(29, 'xcolon', 'jacksoncheryl@example.com', '$f8XASBv_&', 'Fish several forget believe look writer. Hand military south bring myself past eye. Popular owner drive commercial. Conference at least national international question instead.', '2021-05-19', 84, 122),
(30, 'bwatkins', 'bailey05@example.org', '@$$6YYi&3v', 'While whom property particular. Become participant scene become everybody event try ball. Nice generation know leave see agree long.', '2023-10-31', 7, 107),
(31, 'awilliams', 'sandrasmith@example.net', ')2Fx#QIpVX', 'Sort accept she similar pattern. Two a change ask field news.
Indicate serve someone. Walk answer single leader travel raise item.', '2020-12-30', 94, 60),
(32, 'abuchanan', 'martinezchristina@example.net', ')_ORGKUl8#', 'Cup today great field fall law fact. Accept today war.
Effort arrive any candidate. Music less moment company shoulder base official.', '2021-08-22', 11, 12),
(33, 'lkelly', 'zadams@example.org', 'v3GQrqO_*Y', 'Hear court interview movie protect image develop radio. Only under image.
Heart from environment event.
Artist together Democrat will effect main. Point develop media indicate tend sound blood road.', '2022-11-03', 95, 144),
(34, 'angelawaters', 'rcole@example.org', '&!7Tk6q+1v', 'Mouth occur current. Budget project serious performance executive religious.
Wrong collection decade reduce spring peace last.', '2023-11-13', 38, 137),
(35, 'marshallautumn', 'kristen29@example.com', '%5QMq6blvg', 'Source war our line. Black message stand indeed.
Concern hope in. Sell service appear summer score. Theory decide subject. Major treatment include.', '2022-05-24', 77, 2),
(36, 'cconway', 'erichernandez@example.com', '%%e8WQIp$a', 'Mission evidence stop two instead kitchen you. Treatment many purpose listen group tonight.
Fine they sort money campaign marriage. Research music begin.', '2023-04-13', 79, 106),
(37, 'jefferysweeney', 'rogersmary@example.com', 'VPf9QG3j@!', 'City charge born. Peace surface large building. Goal difficult week Mrs.
Recent painting discuss street. Consider eight figure draw near claim. Answer others true they service.', '2022-07-11', 22, 83),
(38, 'melissa69', 'karen09@example.com', '^c9B%M1kJI', 'Outside far other her stuff above our. Community cup south that give wall these.
Woman health off relationship market project as. Rock window lot painting record.', '2021-04-29', 23, 23),
(39, 'millerkimberly', 'eric08@example.com', '82HPrpj_)$', 'Range machine its thousand. Long economic water hospital also human four.', '2023-01-06', 16, 92),
(40, 'nancy73', 'megan95@example.com', '+75eSuu$Q5', 'Despite conference leader country magazine company. Line campaign reveal laugh political seat three four. Project throughout choose eat.', '2020-12-23', 93, 104),
(41, 'zmartinez', 'brendan88@example.com', 'f+Nt4$OxPE', 'Technology hope girl near. Man find leave our positive. His now her put top support.
Wrong ago record education. Notice follow employee.', '2020-10-17', 57, 82),
(42, 'dennisadams', 'melaniechang@example.net', '*Trj2SDuhj', 'Such physical poor detail together friend number.
Strong right represent certainly far others pattern. Agreement sing they those must Republican.', '2022-06-14', 59, 110),
(43, 'cheryljohnson', 'rodriguezdawn@example.org', 'nB9&56JwVb', 'Measure field so trouble school better. His feeling many final green somebody believe.
Executive participant operation everything type. Several figure office analysis manage most.', '2022-10-15', 30, 41),
(44, 'hjones', 'hutchinsonallison@example.net', ')KPYT1In33', 'Play where rise. Traditional let author south media wide lot address. I break street customer early me.
Official never wide away building girl. Administration loss soon. This item present first pick.', '2020-01-17', 55, 63),
(45, 'dlucas', 'qlopez@example.com', '%uDPSCfin0', 'Door page threat. All most then join rock cold design it.
Beat movie guess kitchen number those move. Third customer can light check party series. Never general hot his.', '2020-03-28', 16, 103),
(46, 'christopher09', 'edwardtaylor@example.com', 'U^29L5tsBi', 'Painting challenge learn. Where science always language interest present.
Son everybody exist cup as whatever. Need stock identify collection want effect morning. Protect standard back week.', '2023-12-28', 74, 136),
(47, 'wevans', 'crodriguez@example.org', 'I24YlMWR(k', 'Ahead edge professional natural. Many join fact. Outside difficult impact experience spend argue little.
Manager left feel concern. Follow heavy writer.', '2022-09-06', 68, 140),
(48, 'melissa25', 'zperez@example.net', '1G2#E0mPm@', 'Himself parent again. Although kitchen pick stand perform decision.
You plant purpose office before evening dinner.', '2022-08-07', 36, 23),
(49, 'vmorris', 'hkrause@example.com', '^Z@CTRqiQ4', 'Discover rock indicate adult. Candidate what election dinner none grow another. System early prepare realize identify.
Structure site floor trade leg. Green fish until send try.', '2023-12-24', 30, 8),
(50, 'desireeprice', 'charlesbass@example.net', '9$8y*42vYO', 'Whole cell loss billion push. Large simply future every. Resource local research science early yard.', '2020-12-20', 35, 24),
(51, 'lindaadams', 'vgomez@example.net', 'Hb4p9E#pK!', 'Low animal whatever morning part. Travel the hard store rest challenge.
Foot movie simple nearly simply officer. Human executive next two success.
Mission across stock opportunity reason.', '2022-09-24', 36, 116),
(52, 'morrisgregory', 'karen19@example.org', 'gYRtEjow$9', 'View share detail air woman apply reality. Water five little occur.
Yourself story garden. Person everyone after someone loss young involve. Add company road cut its.', '2022-12-25', 98, 62),
(53, 'amanda22', 'joshua31@example.com', ')aC*68CdO7', 'Operation deep event deep beat theory. Manager lay likely behavior. Special per well. First front listen.
Society the central live along mouth. Down spring people himself state.', '2022-02-10', 22, 123),
(54, 'samuelallen', 'owilliams@example.net', 'bFoIBcd$%4', 'Prepare certainly theory themselves who turn movie born. Development work me it response. Back college economy know.', '2020-10-07', 33, 148),
(55, 'opatterson', 'jeff37@example.com', 'L+0Dziuk^v', 'Eye dark foreign third evening if. Several her cause argue nice. Trade deal seven sign rather make war husband.', '2022-01-24', 54, 5),
(56, 'deborahadams', 'rebeccalee@example.net', '+w^6uHuFIe', 'Happen accept month cultural suddenly democratic live.
Behind continue condition early hear hair. Send bag five industry.', '2021-03-04', 30, 64),
(57, 'eric72', 'thomasjohnson@example.org', '21Z0BJbh@C', 'Fast few away raise since amount need create. Discover course development because.
Want answer piece weight go least.', '2023-10-29', 36, 110),
(58, 'istone', 'robinsonjason@example.org', 'Caf(2Lixny', 'Property personal program force. Investment scene center professor. Plant economic alone daughter.', '2020-08-24', 26, 98),
(59, 'frederick52', 'ellistaylor@example.com', ')T*HnpBtH0', 'Black candidate exist wonder. Walk save can be official scientist. Walk theory religious indicate charge strategy.
Party central note Congress. Nothing kind idea alone heavy.', '2022-07-11', 41, 112),
(60, 'lynchbrandi', 'meltonrobert@example.org', 'T&7(DuMg^R', 'Gas religious short source probably husband region. That there medical.', '2023-01-21', 80, 98),
(61, 'jacobmedina', 'jenniferwillis@example.org', 'p4xNTBpo(I', 'Measure drop could him enjoy. Spring pressure describe team.
Specific who a hour. Treat sometimes natural. Cold bag decision article hit fight.', '2020-07-13', 93, 102),
(62, 'taylorsamuel', 'restrada@example.com', 'b7(wJEJ2$s', 'Child fast gas red stop plan wait. He believe near boy large reality report. Member see fear blood far.', '2022-12-04', 61, 8),
(63, 'carterlarry', 'allenlaurie@example.com', 'q5o0Ko&w+d', 'Black every owner course trade. Write arrive with low. Myself drug art ever who trip. Pull act next control.
Civil send include vote article. Sign say reach nothing. While director office course.', '2022-08-18', 66, 132),
(64, 'jross', 'uhernandez@example.net', '*9TMc(!m6R', 'Capital break since budget those successful. Itself knowledge as fire.
Change table need perhaps. Outside hear usually different nothing skill resource.', '2022-04-16', 50, 142),
(65, 'gabrielaustin', 'grantdelacruz@example.net', '&3ITU%hp_v', 'Might blue rather by dark college tell air. Real a create teacher can successful. Watch visit although exist.
Good less bad ground reflect fight.', '2020-09-23', 66, 74),
(66, 'laurensanchez', 'juan22@example.org', 'l$XivoTl)8', 'Join strategy option step. Yes buy four voice father. Result current simple view.
Employee business time southern she. Those party east dinner.', '2020-10-15', 64, 57),
(67, 'myersmatthew', 'stacy90@example.net', 'yrQR6HHC(2', 'Size feeling material daughter many. Long whom enough fire arrive study senior. Source report score peace.', '2021-05-20', 4, 139),
(68, 'wrightdaniel', 'thomasschroeder@example.com', 'eq3JFK)Zg%', 'Develop now Republican. Consumer clear box really. Democratic owner ahead determine line.
Prevent family serve source. Finish small hundred.', '2020-12-24', 76, 24),
(69, 'coxjessica', 'wallaceandrew@example.com', 'Pb2QWLlIF@', 'Number improve ground evening. System special discussion interesting. Under option bed base and rather vote.
Nearly surface card clear gun. Relate attorney enough approach writer everybody.', '2023-06-04', 7, 37),
(70, 'oholden', 'justinpowers@example.com', '*d)O1nXk2u', 'Money perhaps miss seem still about hot. Answer serve expert whom space.
But role foreign bit would. Sit citizen air though according respond. Wide forward something him rock.', '2022-12-18', 58, 40),
(71, 'suttonronald', 'debrasheppard@example.org', 'C%46%HtUP4', 'Claim physical artist through common investment whatever. Economy former policy official art strategy produce.', '2023-06-02', 39, 127),
(72, 'jamie40', 'samuelburke@example.net', '#J9SnHDwfe', 'Support study series view exactly dog nor others. Role partner surface send art early.
Hotel everyone technology because respond onto surface. According house eat share.', '2020-05-24', 90, 84),
(73, 'karen78', 'woodcurtis@example.com', 'E&PP6LDqAt', 'Finally standard and. White positive worker eight. City type development really rise final edge.', '2023-09-20', 7, 136),
(74, 'misty84', 'julia02@example.net', '^jn9Rpxc@B', 'Relationship woman ok several. Sit design sign actually.
Choose light other experience parent myself education.
Television lose require process management.', '2020-06-13', 29, 132),
(75, 'hfrancis', 'brianlara@example.com', ')y4L8zrHzJ', 'Enjoy fine store painting manager stand. Risk ever turn animal him media television.
Record pick will study teach wall window. Create body guess also do little. Thank attention modern short cut.', '2020-09-28', 64, 90),
(76, 'david57', 'coleeric@example.com', 't0HBO#nf(+', 'Director live daughter. Executive run analysis. There owner country life mission today probably.
Mean story catch record some building around upon.', '2021-03-12', 22, 55),
(77, 'lawrencebennett', 'bperkins@example.com', 'n&05IqYxs#', 'Alone particularly foot interest cup financial. State law value someone. Cultural consider budget us prove movement.', '2021-11-28', 56, 107),
(78, 'ynguyen', 'juliejohnson@example.com', '#5b6OHVti#', 'Different prepare lot summer language begin. Case blood share claim dinner onto student. Partner per our address machine prepare performance. Early hot family every wind keep agency.', '2022-03-17', 39, 100),
(79, 'robert21', 'williamsonwendy@example.org', 'bt2g7Rne%O', 'Price lead why best bag generation. Bring have fast between finally paper major.
Star couple often wind work.
Speech natural that maintain like. Movie glass big car former candidate assume.', '2021-10-31', 63, 49),
(80, 'mschultz', 'raymond49@example.com', '*33WZzSd%p', 'Represent mean grow everything. Cover number mission any reflect trial.
Bank coach exactly hotel read green. Natural cut recognize somebody policy. All begin too.', '2020-10-11', 32, 126),
(81, 'watkinsmelissa', 'abenitez@example.com', '@e+#HiT2g1', 'Learn support unit prepare share left foreign. Fire wonder brother window. As movie fact business child man. Civil food understand serve action every southern.', '2023-02-07', 28, 134),
(82, 'jonestimothy', 'normanmichael@example.net', '+xEjDGQV0)', 'I senior after which throw respond. Exactly behind contain many. Pressure soldier state.
Contain final when trouble ground. Score wall run. Information agency establish field such hospital century.', '2021-06-23', 63, 54),
(83, 'gilbertsusan', 'tmoreno@example.net', '5MMdI$s(+H', 'Public eight challenge source message fill staff.
Tax speech dream anything enough life. Bit to stand.', '2021-07-21', 27, 91),
(84, 'davidlove', 'tpatel@example.com', 'Y5XPNMcW@A', 'Trouble before tough cost education ask. Option yet size. Another election check wide price western.
Course shoulder than improve last ten claim. Manager wish charge trial thought yard evening of.', '2021-07-16', 66, 58),
(85, 'edwardslisa', 'stephanie96@example.net', '4cL1BOH^Q)', 'Fish TV building spend involve.
Short such professor finish choose. Ground member blood bit much deep artist. Better first south TV.', '2022-04-19', 92, 65),
(86, 'moniquecarr', 'mitchellrodney@example.com', '$6ZRidY^$h', 'Woman with but time indeed. Current boy Mr here. Job one down yeah.
Former employee air before. Respond simple year hope. Campaign she own build arm loss.', '2022-04-27', 34, 97),
(87, 'kaylagraham', 'delacruzmackenzie@example.org', 'XH%@9Gpb)(', 'Bed market involve game cost director. Crime TV little office tonight new sister. Whatever perhaps arm.', '2020-02-26', 76, 2),
(88, 'fvasquez', 'jamesmiller@example.org', '&FxzXwl4W8', 'Pick serious seek company with television young method. War realize memory book in office. Matter food have another can. Common speech build pick different child.', '2023-07-31', 15, 52),
(89, 'fchung', 'justinfriedman@example.com', 'F8HKLVz!&q', 'Save rate tell gun hit. One note music energy product recently very. Treat still me establish consider full.
Board very whatever voice. Seem receive kid. Executive him budget final too low education.', '2022-07-02', 94, 87),
(90, 'susan33', 'imendez@example.net', 'yUWd8ERmw^', 'Together store thing voice perform international result skill. Reach Mrs popular remember hundred under many.', '2023-04-13', 36, 142),
(91, 'michelejohnson', 'michaelyoung@example.org', ')b(wcMMeu6', 'Actually business care computer chance bed. Avoid budget treatment but less week according sometimes. Summer government high.', '2021-02-07', 48, 25),
(92, 'jaimeedwards', 'faithmendoza@example.com', '^7c2USUaa8', 'Last as they involve. White example debate idea item. Voice best weight sort.
Generation if think need kitchen hope visit. Already learn clear wide.', '2020-07-22', 57, 82),
(93, 'ashleymcdonald', 'rogersbenjamin@example.net', 'd16#AUmW!k', 'Enough choice wear agree interview than expect. Foot mention require case her middle short. Per think program oil any both exist.
Modern clear time property first. Choose anything clear usually.', '2021-02-04', 42, 112),
(94, 'brianmoran', 'anthonymason@example.org', 'OK!4BDhgn^', 'Road back return personal new start level. Star though in so.', '2020-04-15', 32, 112),
(95, 'dillondavid', 'ambersimmons@example.com', '^spCKpew!3', 'Method art care claim safe. Customer daughter Republican themselves them data drop. We crime deal win good issue war. Like thousand Republican begin along.', '2022-03-18', 78, 56),
(96, 'vclark', 'janiceharris@example.org', 'W)fgT^X2va', 'Sign might give gas. Case later his central. Space house south nor hit.
Anything war one along card. Bring long its. Real nor so trade.', '2020-09-15', 47, 72),
(97, 'tony49', 'gperez@example.net', '@&kZa#Jt4Y', 'West music high easy activity lead.
Major child class against first.
Child difficult media likely others.
Matter sister everybody know husband staff. Election focus involve especially success rule.', '2020-01-23', 18, 147),
(98, 'danielsean', 'walkerjanet@example.com', '%5Givw)4r7', 'Grow serious Democrat stock. Thus peace the together safe magazine.', '2022-04-14', 56, 59),
(99, 'steven45', 'dana01@example.net', 'aW2xAzty$#', 'Agreement thus democratic social probably. Market TV team local.', '2023-02-12', 30, 77),
(100, 'gutierrezjamie', 'emily58@example.com', 'y&rP8Br#3$', 'Particular idea down write list evidence. Dinner room onto national participant small. Perhaps capital appear group different wish.', '2023-10-01', 91, 4),
(101, 'taylorberg', 'mayokelly@example.org', '@!5Ycao5P_', 'Easy man go strong. Blood already meet surface difference. Address option generation fly manage old he.
Skill event read miss future war. College by year travel energy. Treat activity defense forget.', '2023-06-11', 93, 58),
(102, 'mforbes', 'msilva@example.com', 'u8$8CPTdB+', 'Main mean ahead check remain board. Never yes effect later form. You imagine various fish new.
Production off cover focus area group ten apply. Technology before to born truth word because.', '2020-05-21', 15, 29),
(103, 'qtownsend', 'myersmiranda@example.net', '!7xOXLykuj', 'Many hospital bill.', '2023-08-09', 95, 67),
(104, 'derekbailey', 'terriberry@example.org', 'D_0Eacm@Xe', 'Could city trade by who teach shake. I per take hundred commercial.
Policy fact interview method offer book. Conference research produce push. Almost read trial nothing.', '2023-07-09', 90, 135),
(105, 'nrussell', 'alewis@example.com', 'Uc3Z2(Md+g', 'Gun set radio determine hot else. Your less home past wide military.
Senior any boy no call capital actually.', '2021-05-13', 68, 60),
(106, 'melissahunt', 'paulpotter@example.com', '_3c9C7dt&7', 'Down realize any industry least. Tax argue court create agreement as couple.
Father pull exactly probably rise book. Green source general miss least mean.', '2021-06-04', 55, 136),
(107, 'natalie50', 'aturner@example.net', 'kX90eJlP+Q', 'Generation fire magazine yourself sing doctor. Ball old another way that.
Himself particularly less entire build section event. Tell easy strategy concern positive fine system in.', '2021-03-05', 34, 141),
(108, 'jonathanbrown', 'owensangelica@example.net', 'b24SNsan)+', 'Box road message bed board foreign. Beat plan leg student make line say.', '2022-08-21', 66, 128),
(109, 'wagnerjoseph', 'perezlynn@example.net', 'u)2JYVceO#', 'Test decide land left try decide we. Agreement either support fire well arm idea.
Collection school how discuss skill hot can. Music big dog. Necessary see record can effect development spend.', '2023-11-19', 97, 31),
(110, 'bishopwayne', 'davidnunez@example.org', '7swwRWf+&E', 'Certain forward deep receive federal peace. Four available language blood.
Newspaper become thank from it personal. Happy market push minute ten. Second service memory above quite dog.', '2022-03-10', 81, 86),
(111, 'andrea13', 'jeremylee@example.org', '+X6J0KsbI$', 'Through everyone economic morning pay day memory. Floor though middle over billion few. Practice other state account institution concern right.', '2021-09-25', 41, 39),
(112, 'baileyjoshua', 'gmarsh@example.com', 'Wu4YHdqz$+', 'Picture exist drop deal financial audience imagine like. Before floor war already. Discuss director agreement skill.
Money accept work other. Keep day door coach truth.', '2021-11-23', 59, 26),
(113, 'vmalone', 'ahayden@example.net', 'C7Fe+p*c_1', 'Either stock minute throw. Sit yes air situation another let any.', '2021-05-04', 76, 132),
(114, 'odonnelldaniel', 'tina12@example.com', 'jkY^0JWx3_', 'Health article image quickly attention edge determine. Country project American among speak sport interesting. Home table hundred quality.', '2020-10-02', 77, 31),
(115, 'ashleyclark', 'kristina03@example.org', '4hJD#3&+%H', 'Weight sign sometimes measure watch local. See sign difference not vote. Wear president say foreign director newspaper.
Skin authority during federal know thus later chance. Defense agency table.', '2020-10-21', 9, 98),
(116, 'morrismichael', 'rebecca22@example.org', 'M3xOq@ee@H', 'Cut box material guess prepare interview. Pass PM born shoulder talk its down.
Across music its chance. Feeling individual time reflect sign. Laugh last million phone strategy work old.', '2023-07-21', 90, 24),
(117, 'susan33', 'laura99@example.org', '(1XscfK($l', 'Full resource visit almost eight several. Structure same mind left.
Go positive could what late. Party social plant. Author specific story energy.', '2022-01-17', 71, 41),
(118, 'williamsderrick', 'sweeneymichael@example.com', '$TD8XMZk7W', 'Leader least special moment sure meeting. Action push could property health plant during.', '2021-04-20', 18, 126),
(119, 'nashchristine', 'stephen91@example.net', 'd17IY7uD!$', 'Admit pass someone go issue soldier. Choose sea shoulder trouble deep article. Law protect magazine pressure you free.', '2022-02-16', 89, 110),
(120, 'brownelizabeth', 'shawkaylee@example.net', 'Txy1_ZxXA*', 'Evidence detail career. Arrive nor subject suddenly. Pull add debate know raise weight election.
Personal sea important those to. Home soldier than white ability side show.', '2023-02-22', 79, 106),
(121, 'gsanders', 'rodriguezjustin@example.org', 'u48Bf9dh%!', 'Simple good few special market leg per. Speak avoid between.
Concern professor least hand option seven. Onto rather then.', '2020-04-28', 42, 14),
(122, 'nsmith', 'lmichael@example.com', 'H5ejJpGiD(', 'Factor begin chair serious usually. Everyone model protect move. Child anything produce pull reduce.
Generation government culture fill action. Go difficult some back true option.', '2022-10-18', 34, 112),
(123, 'katherinehayes', 'michael14@example.org', '!0OTZtE^du', 'Our interview material idea. Risk week protect offer class various nor whole.
Issue child bill far. Field capital there. Hard speak effort PM sure do. Myself wind recently.', '2021-10-23', 79, 79),
(124, 'jamesjohnson', 'donnaburns@example.org', 'w3S#jlRM&Z', 'Control top quality fill eat enter strong. Pass because do product call. Skill seat day entire director director.', '2020-01-26', 86, 14),
(125, 'davenportrichard', 'jrobinson@example.org', '_we%04Dj33', 'Rock out hit his of worry stuff. Begin brother end across management. Recognize difficult hard explain decade all rather.', '2022-12-27', 48, 38),
(126, 'lisa08', 'stevenwoods@example.net', 'c7V6dQUl*E', 'Show beyond price agency. Toward to performance happen person themselves.', '2021-01-14', 12, 124),
(127, 'brianna95', 'ncoleman@example.org', 'qL@3KmHjt@', 'Why begin risk.
Machine would sort chance true writer pay. Executive born check.
Race pay improve population. Building always change system. Book might most woman safe call cover sound.', '2023-03-23', 90, 74),
(128, 'marywilliams', 'norma93@example.org', 'p7JIPhok^V', 'Change specific recent way leg. Report reduce note so amount. Another left center collection financial.', '2021-08-31', 62, 54),
(129, 'alejandroshort', 'farleystacy@example.org', 'wFuG65Slj_', 'Star right red world eye. Buy his pay finally collection big exactly. Establish issue see design gun minute body.
Try blue hand note. Pattern scientist himself land west.', '2021-06-11', 90, 30),
(130, 'adamssteven', 'silvaamanda@example.com', 'ey!zEE@q*9', 'Teach appear successful pass allow nation within. Center finally wait its example. Decision administration against blue participant also.', '2020-04-24', 95, 98),
(131, 'paynedon', 'joseph61@example.org', '$u6%UOgj3*', 'Across southern foreign training democratic experience want. Network two everyone subject its sign particularly.', '2020-07-26', 46, 143),
(132, 'jodi59', 'kochann@example.org', 'iqO6#Q9o@1', 'Need discuss model morning truth per. Strong great hospital culture artist less arm. Wonder necessary last. Statement democratic television both represent there.', '2022-07-06', 95, 97),
(133, 'larrystewart', 'ocampbell@example.net', '(I0QozztJz', 'Would realize hope white. Newspaper accept this those surface expert night. Realize he note itself check station.', '2020-10-14', 7, 7),
(134, 'brittany88', 'whitewilliam@example.net', '$+6@AUhqlV', 'Arrive easy never management picture indeed. Financial expect high move couple.
Science animal dream certain hand hit. Until state base look. Song business keep during.', '2021-09-30', 33, 65),
(135, 'williamstracey', 'francisco98@example.org', 'Q_Voy!xq$9', 'Community property seat. End summer conference realize appear current help.', '2020-09-08', 62, 84),
(136, 'usantana', 'vanceshane@example.com', ')%Q5GPRxd(', 'Religious purpose cultural enter. Dinner medical front test. Other production something down research. Quite painting near car garden.', '2020-07-21', 77, 53),
(137, 'nicole29', 'tylerjamie@example.com', '%*32ZmAm))', 'Help when soldier. Dinner prepare debate against start hard both.
Room send anything film recent support value.', '2020-02-26', 22, 109),
(138, 'jon64', 'caitlyngarrett@example.org', '*1AalzSr(K', 'Part dinner purpose compare. Crime again people education identify appear.
Ahead cost land again. Remain thank more design.', '2021-12-20', 58, 59),
(139, 'torresalexis', 'greenheather@example.org', 'n4fi_&r5(F', 'Commercial group million serious. Industry should center civil owner affect.
Example role officer get beautiful state how. Family quite affect compare avoid city.', '2023-08-29', 41, 33),
(140, 'hallkevin', 'catherine87@example.com', 'iWJ+7In6JA', 'Including special person window culture she.
Charge issue might point determine able. Couple sing expert certain. Talk approach again at. Sister store surface weight green he.', '2023-07-17', 98, 57),
(141, 'clarkalan', 'erinmartin@example.net', 'U79cHnW**c', 'Floor probably personal toward particular impact. Mind today quite attention east. That safe institution democratic learn anything.', '2020-08-19', 61, 108),
(142, 'leekathleen', 'benderjennifer@example.org', '^3L^8$Bm!%', 'Standard interview challenge none consider about professor. Station manage public garden protect. Single yourself science authority too sing.
Owner writer her police.', '2020-01-19', 41, 129),
(143, 'vknight', 'jasmine34@example.com', '&0)Uja2sPP', 'Degree fish act sound hair about skill. Individual attorney at have new executive international case. Degree conference any yourself save north.', '2021-06-05', 32, 118),
(144, 'rosariokathleen', 'mpena@example.net', '!GhiBJaku6', 'Beyond admit ahead nation response option movie information. Machine authority agency participant. Test win line section.', '2021-09-15', 53, 105),
(145, 'cfields', 'morenonicholas@example.com', '#!aHV1Hx4Y', 'Dog but party western within. Rate green tend against better.
Turn market only decision. Defense Congress woman later.', '2020-01-19', 48, 98),
(146, 'nicholasbennett', 'renee94@example.com', '0b5Qhhnz)$', 'Forget whatever movement be early like. Data carry teacher door amount success morning. Opportunity yourself travel industry.', '2021-04-26', 55, 16),
(147, 'zclark', 'patricia41@example.com', '^7stSWd$A8', 'Recently agreement necessary child whole often focus. Really unit see.
Performance unit society Mrs account pass. Western us store executive card almost hear seem. Do young miss.', '2021-07-08', 67, 98),
(148, 'ihart', 'sheltoncaroline@example.net', 'i$)*I1GlrF', 'She identify north she stock seek. Ok town young when put front. Already bill this second hospital.', '2023-10-02', 35, 125),
(149, 'jacksonrichard', 'kaitlyncastillo@example.net', 'c!+(4Qfm5p', 'Pm arrive even message nation television. Compare yet soldier determine good brother.
Eight here very plant suggest family professional. Take general security list plant movement dream morning.', '2020-02-14', 84, 144),
(150, 'tranlisa', 'frederickmyers@example.com', 'nO+6Wogc$$', 'Half discussion even security eye training in forget. Statement southern never real believe at them point. Thing through protect us anyone.', '2022-03-04', 46, 38)

-- Suggestion
INSERT INTO Suggestions (Id, Utilisateur_Id, Type, Date) VALUES
(1, 97, 'care', '2022-12-29'),
(2, 14, 'five', '2022-09-16'),
(3, 147, 'possible', '2022-04-06'),
(4, 25, 'necessary', '2023-07-24'),
(5, 49, 'air', '2020-12-08'),
(6, 140, 'establish', '2023-05-19'),
(7, 143, 'reveal', '2021-06-16'),
(8, 64, 'amount', '2022-08-04'),
(9, 58, 'vote', '2022-06-26'),
(10, 52, 'weight', '2023-08-23'),
(11, 32, 'always', '2020-04-17'),
(12, 147, 'require', '2021-04-24'),
(13, 84, 'moment', '2023-11-10'),
(14, 102, 'charge', '2022-11-09'),
(15, 24, 'interesting', '2020-03-12'),
(16, 74, 'evidence', '2020-05-11'),
(17, 95, 'never', '2023-11-13'),
(18, 64, 'century', '2021-04-07'),
(19, 103, 'pattern', '2022-06-03'),
(20, 82, 'carry', '2021-09-24'),
(21, 48, 'run', '2022-01-28'),
(22, 51, 'leg', '2023-01-31'),
(23, 54, 'painting', '2023-01-01'),
(24, 113, 'throw', '2023-01-16'),
(25, 43, 'force', '2022-09-11'),
(26, 62, 'continue', '2021-09-30'),
(27, 105, 'play', '2020-12-28'),
(28, 146, 'establish', '2023-09-26'),
(29, 48, 'court', '2022-05-01'),
(30, 75, 'job', '2020-04-06'),
(31, 66, 'before', '2022-10-11'),
(32, 56, 'employee', '2021-01-25'),
(33, 142, 'I', '2021-01-13'),
(34, 148, 'bank', '2020-04-11'),
(35, 129, 'service', '2020-09-15'),
(36, 125, 'apply', '2021-04-06'),
(37, 113, 'into', '2022-04-16'),
(38, 98, 'tonight', '2021-03-05'),
(39, 21, 'tell', '2020-01-23'),
(40, 91, 'necessary', '2020-03-09'),
(41, 146, 'chance', '2023-10-31'),
(42, 50, 'behavior', '2021-08-29'),
(43, 29, 'start', '2021-06-02'),
(44, 125, 'my', '2023-04-19'),
(45, 125, 'factor', '2023-12-19'),
(46, 21, 'sell', '2022-09-28'),
(47, 133, 'worker', '2022-05-27'),
(48, 70, 'remember', '2021-08-01'),
(49, 46, 'wish', '2021-10-20'),
(50, 66, 'market', '2021-02-16'),
(51, 108, 'heavy', '2023-12-07'),
(52, 92, 'send', '2022-06-08'),
(53, 9, 'exactly', '2023-06-21'),
(54, 108, 'tree', '2022-03-08'),
(55, 149, 'station', '2022-09-15'),
(56, 99, 'treatment', '2020-10-27'),
(57, 74, 'again', '2020-03-28'),
(58, 126, 'size', '2020-06-23'),
(59, 145, 'help', '2021-08-26'),
(60, 98, 'course', '2021-11-08'),
(61, 32, 'protect', '2022-02-05'),
(62, 43, 'hundred', '2023-02-19'),
(63, 29, 'score', '2021-10-15'),
(64, 75, 'early', '2020-08-24'),
(65, 44, 'the', '2020-02-16'),
(66, 117, 'home', '2021-10-03'),
(67, 104, 'occur', '2022-03-31'),
(68, 98, 'hope', '2020-01-05'),
(69, 36, 'final', '2023-01-23'),
(70, 7, 'truth', '2021-08-13'),
(71, 116, 'per', '2022-02-06'),
(72, 114, 'wait', '2020-02-23'),
(73, 123, 'none', '2020-08-12'),
(74, 63, 'win', '2021-11-28'),
(75, 8, 'card', '2022-05-12'),
(76, 129, 'list', '2023-02-23'),
(77, 66, 'five', '2022-02-08'),
(78, 103, 'teacher', '2021-02-10'),
(79, 72, 'under', '2022-12-12'),
(80, 90, 'personal', '2023-10-15'),
(81, 104, 'situation', '2023-10-26'),
(82, 129, 'machine', '2021-05-02'),
(83, 80, 'particularly', '2023-12-30'),
(84, 120, 'arrive', '2020-08-14'),
(85, 105, 'shake', '2021-10-13'),
(86, 18, 'month', '2022-07-09'),
(87, 143, 'science', '2020-12-18'),
(88, 51, 'discuss', '2021-05-22'),
(89, 106, 'together', '2020-12-01'),
(90, 116, 'choice', '2023-05-06'),
(91, 71, 'listen', '2020-12-16'),
(92, 150, 'effort', '2022-07-26'),
(93, 111, 'suggest', '2023-02-28'),
(94, 38, 'reality', '2020-05-03'),
(95, 117, 'we', '2023-01-25'),
(96, 5, 'toward', '2020-07-05'),
(97, 52, 'at', '2020-10-03'),
(98, 47, 'opportunity', '2021-08-18'),
(99, 108, 'deep', '2020-01-20'),
(100, 29, 'system', '2022-05-12'),
(101, 51, 'week', '2020-07-16'),
(102, 9, 'back', '2021-10-26'),
(103, 140, 'own', '2021-10-23'),
(104, 55, 'former', '2021-04-07'),
(105, 61, 'first', '2023-10-07'),
(106, 57, 'hotel', '2020-09-11'),
(107, 140, 'usually', '2020-07-08'),
(108, 20, 'argue', '2023-01-19'),
(109, 10, 'term', '2021-10-21'),
(110, 126, 'list', '2023-04-11'),
(111, 100, 'eight', '2023-11-12'),
(112, 99, 'language', '2023-05-02'),
(113, 20, 'rise', '2020-01-22'),
(114, 137, 'born', '2020-12-18'),
(115, 104, 'song', '2020-04-29'),
(116, 92, 'range', '2021-04-07'),
(117, 89, 'report', '2022-05-22'),
(118, 83, 'early', '2020-10-04'),
(119, 99, 'own', '2020-08-17'),
(120, 93, 'while', '2023-09-02'),
(121, 79, 'thought', '2020-01-30'),
(122, 43, 'gun', '2023-09-13'),
(123, 84, 'perform', '2021-09-19'),
(124, 84, 'chair', '2022-12-30'),
(125, 146, 'nice', '2020-01-10'),
(126, 33, 'card', '2022-11-27'),
(127, 136, 'animal', '2022-05-20'),
(128, 89, 'whether', '2022-03-13'),
(129, 94, 'opportunity', '2023-09-12'),
(130, 120, 'join', '2022-12-23'),
(131, 64, 'until', '2020-05-03'),
(132, 39, 'far', '2023-05-20'),
(133, 130, 'type', '2020-01-14'),
(134, 117, 'positive', '2023-03-02'),
(135, 107, 'simple', '2023-03-05'),
(136, 111, 'admit', '2020-11-25'),
(137, 80, 'institution', '2023-06-19'),
(138, 12, 'on', '2023-06-17'),
(139, 23, 'road', '2021-10-15'),
(140, 120, 'debate', '2022-05-25'),
(141, 117, 'that', '2022-02-10'),
(142, 45, 'part', '2023-07-22'),
(143, 41, 'appear', '2021-10-23'),
(144, 104, 'interest', '2020-03-15'),
(145, 88, 'law', '2020-02-16'),
(146, 147, 'off', '2021-02-24'),
(147, 49, 'enjoy', '2021-04-20'),
(148, 18, 'sell', '2023-04-09'),
(149, 130, 'suggest', '2020-06-24'),
(150, 50, 'none', '2020-04-06')

-- Message 
INSERT INTO Message_Prive (Message_ID, Expediteur_Id, Destinataire_Id, Contenu, Date, Etat) VALUES
(1, 76, 119, 'Oil course thousand training both official speak than.
World second offer would night reason onto. Meeting right never economic according.', '2020-12-30 00:00:00', 'lu'),
(2, 91, 99, 'Never car itself mind. Industry local interest stock like. Pick rise most politics.
Yes southern identify state property mission behavior. Benefit put trial on city think.', '2023-06-07 00:00:00', 'lu'),
(3, 36, 8, 'Method indeed decide book.
Collection cost affect practice suddenly require amount call. Who none young own society hit.', '2020-01-10 00:00:00', 'distribue'),
(4, 123, 128, 'Sometimes machine different any she kitchen. Win another again need.
Officer nor want rule court anyone perhaps. Company probably sing friend may low.', '2021-08-29 00:00:00', 'distribue'),
(5, 26, 145, 'Who win difficult follow along manager others. Stand beyond lot before them book heavy.
Again international report loss. Benefit law expert eat less myself. Rich practice room house.', '2023-06-25 00:00:00', 'distribue'),
(6, 43, 81, 'Anyone let shake major. Imagine cup follow which explain long week enjoy.', '2022-11-03 00:00:00', 'lu'),
(7, 137, 110, 'Ball try citizen use effect.
Entire look quickly particular huge similar. Chair short mouth seven design window. Edge she out cover cultural.', '2022-04-13 00:00:00', 'lu'),
(8, 141, 78, 'Poor rule course mother can. Less perhaps town threat way every film.
Town area perform garden late. Itself like series. Strong in value item poor your.', '2022-02-01 00:00:00', 'distribue'),
(9, 34, 108, 'Chair about news north. Close second guy seek father find she. Old consumer win reduce pull food.', '2020-09-11 00:00:00', 'distribue'),
(10, 146, 71, 'Expert until five sound term large door. Down enter effort form yourself. Old raise question prevent.', '2022-03-19 00:00:00', 'lu'),
(11, 86, 71, 'Century beyond responsibility animal. Popular north season try we federal. Administration near art well energy.
Quickly picture often lawyer interesting couple blue.', '2022-08-08 00:00:00', 'lu'),
(12, 31, 55, 'Carry give media. Situation soldier soon board network politics word success.
New sister condition finally watch. Article reduce whatever model. Address somebody concern high attorney.', '2020-10-29 00:00:00', 'lu'),
(13, 77, 96, 'Face help building improve nothing. Hand say speak gun tax. Else standard person amount daughter threat class.
What edge civil ten. Production line memory attention far manage.', '2021-06-28 00:00:00', 'distribue'),
(14, 136, 23, 'Here certain try drop stock conference. Upon interview decade idea there three.
Remember minute common fire. Writer middle whole here suffer year. Senior specific hit catch side follow low.', '2022-06-29 00:00:00', 'lu'),
(15, 81, 19, 'Door hear fight son fly financial. Think method seat challenge bed under weight.
Take sense Mrs those. Activity maybe interest own.
Newspaper politics yourself where without serve financial.', '2020-11-08 00:00:00', 'lu'),
(16, 69, 150, 'House customer garden region meet station. Then continue friend difficult.', '2021-10-06 00:00:00', 'distribue'),
(17, 34, 11, 'Recognize develop strong determine. Top couple can year. If however media available from suggest left.
Hot since conference care list. Everybody film material. Weight focus himself son cell.', '2021-11-26 00:00:00', 'distribue'),
(18, 129, 88, 'Experience apply us factor future plant there. War last trial huge star amount reflect area.
Live human development main quickly. Claim left mother nice according remember threat explain.', '2023-04-08 00:00:00', 'lu'),
(19, 106, 125, 'Walk series old hard career well. Agreement cause sign data. Cause unit laugh deal which listen particular movie.
Thought word let recent present. Since site blood look per.', '2021-01-05 00:00:00', 'distribue'),
(20, 34, 124, 'Interesting shoulder technology instead require put administration. Itself it front sea wish career.
There rather he style. Finish course coach prove national. Material notice throughout.', '2021-06-16 00:00:00', 'distribue'),
(21, 96, 98, 'Miss wind under kitchen music. City myself million marriage service window.
My may hotel capital. Focus goal term range television get identify.', '2023-01-08 00:00:00', 'distribue'),
(22, 92, 58, 'Spend thing son second interview economic here. Leg accept policy. Many by several first learn vote song.
Soldier style without best try. Next may day bar carry. Skin already specific since all both.', '2020-11-08 00:00:00', 'distribue'),
(23, 124, 17, 'Coach in good very behavior voice total assume. Off add guess read black detail. Key move choose either alone cost personal.', '2022-09-18 00:00:00', 'lu'),
(24, 33, 130, 'Their everybody his tax section military. True student green find nothing smile six tell.
Along southern pick old read. Ago such would seek chance discuss read ten.', '2023-09-09 00:00:00', 'distribue'),
(25, 74, 130, 'Manage surface bit also. Tend middle beyond ball remember actually there this. Return lawyer to left yeah discuss long.
Realize seek like student lay.', '2022-02-16 00:00:00', 'distribue'),
(26, 62, 103, 'Cover friend remember then take. Consider chance reach local action bar society.
Listen human understand example. Project notice spend tell.', '2021-04-22 00:00:00', 'distribue'),
(27, 79, 35, 'Policy age left thus couple wish actually guess. Hand part ten watch. Feeling anything military under sing myself.', '2023-03-10 00:00:00', 'lu'),
(28, 94, 77, 'Western billion every exist. Car behind development PM bad avoid live.
Difficult create decision. Wife picture rich player evidence.
Also change finish weight try support history as.', '2022-08-24 00:00:00', 'distribue'),
(29, 129, 134, 'Difference per approach serve. Executive nation stay two cold.
Off election fine personal management. Surface few join either investment foot true. Focus my how whatever air spend lay.', '2023-06-13 00:00:00', 'lu'),
(30, 141, 37, 'Sister degree among level source stop thought. Suggest none walk those audience. Ago soon lose better first where.
Network magazine data us pattern away.', '2020-01-30 00:00:00', 'distribue'),
(31, 7, 38, 'Phone up better. Human everyone feeling. Care scene operation stage edge decision then.
Force class investment enter. Better brother view environment see. Continue after color father.', '2020-11-20 00:00:00', 'distribue'),
(32, 26, 3, 'Information lay contain us claim drop. Interesting add man wide.
Prove civil watch. Do start over. Reason good discuss exist usually simply.', '2020-04-01 00:00:00', 'distribue'),
(33, 32, 97, 'Teach people pretty full other matter. Thus official market young machine ever old.', '2022-11-14 00:00:00', 'lu'),
(34, 105, 103, 'Owner away and cold range senior. President art forget admit. Heart throw issue heavy happen however actually.
Job foreign buy. Each bank realize name without relate prevent kid.', '2020-01-24 00:00:00', 'lu'),
(35, 129, 89, 'Too over bed. Meeting across benefit despite tend. Store phone yet pay. Model first adult hear.', '2021-02-06 00:00:00', 'distribue'),
(36, 134, 2, 'Mr walk phone eye only expert prepare. Great south particular above role save expect stock.', '2023-01-28 00:00:00', 'lu'),
(37, 129, 53, 'Property go large grow spring establish Republican. Most soon remain choice into enter. Change claim strategy fact cultural expert. Some national simple day cover including.', '2022-07-24 00:00:00', 'lu'),
(38, 96, 67, 'Among fear along help. Or activity off lawyer. Sit authority well letter hand.
Through clear be fall notice really result behavior.', '2022-08-06 00:00:00', 'distribue'),
(39, 8, 129, 'Animal prepare recent put husband. Four bad use writer situation program admit. Itself stock season class.', '2023-10-31 00:00:00', 'distribue'),
(40, 100, 68, 'Medical room point reach story together staff. Deal school star report spring. Husband environment reveal see question.', '2021-01-01 00:00:00', 'lu'),
(41, 59, 88, 'Hair every less hope whole leader team. No voice arrive region effect least than rather. Let group memory.', '2023-08-12 00:00:00', 'distribue'),
(42, 119, 129, 'Support central federal action land purpose. Season work during with class class.
Exactly line edge stand. Protect head court during price relate. Tell seek or fine party human.', '2022-12-05 00:00:00', 'lu'),
(43, 53, 41, 'Early state just enter side executive. Ago more plan discussion heart drug. Decision medical computer decision.', '2023-12-19 00:00:00', 'distribue'),
(44, 63, 46, 'Question they large. Another soldier group develop local. Newspaper list thought pick response and.
Deep significant drop need blood. Exactly within risk rich never health character record.', '2022-11-28 00:00:00', 'distribue'),
(45, 90, 8, 'Learn course difficult edge relationship. Through capital pressure mention threat need war. Structure population cover sister unit main start city.', '2022-02-21 00:00:00', 'lu'),
(46, 126, 130, 'Safe house probably me provide since question. Seem inside song political compare keep support none. Me choose fear.
Nor those term yes share edge middle. Study help have.
Option rest machine.', '2021-08-08 00:00:00', 'lu'),
(47, 54, 115, 'High yes husband toward serve difficult. Film attorney style lead now.
Special cell trial daughter beat computer wind. Far night we resource. Red activity make pattern personal.', '2023-07-29 00:00:00', 'lu'),
(48, 23, 4, 'Want read color popular. Thing sell amount move method market rule.
Top reveal table nor election. Would cup job staff believe.', '2020-02-13 00:00:00', 'distribue'),
(49, 93, 108, 'There whole hour course. Political member example chance performance.
Identify including film agree. General she trip expert general should town. Still simply rather political majority.', '2020-02-10 00:00:00', 'distribue'),
(50, 87, 55, 'Career national million various. Southern newspaper his church election myself.
Effort either anything surface likely term real. Detail half that hit. Car current religious future everything rate.', '2021-12-22 00:00:00', 'distribue'),
(51, 94, 22, 'Attorney window almost camera better. Consumer glass close hope evidence military seek book.
Never probably movie use. Radio so short long out just protect million.', '2020-05-29 00:00:00', 'lu'),
(52, 48, 141, 'Whose develop travel page human statement approach. Toward price to wide against history. Herself young interview stay owner blue.', '2022-10-25 00:00:00', 'lu'),
(53, 123, 21, 'Today again south card feel so direction. Agreement firm radio yeah until at look store.', '2020-07-19 00:00:00', 'distribue'),
(54, 140, 2, 'Second glass agree. Also head prove computer strong rule foreign carry. Section but agent reason first lead.
Particularly catch perhaps group watch young against. Decision happy by cut wear.', '2021-06-05 00:00:00', 'distribue'),
(55, 121, 5, 'Possible his action machine industry form. Take enjoy film model four why. Mouth subject build.
Responsibility by cause. I across there car left case.', '2023-09-22 00:00:00', 'lu'),
(56, 116, 146, 'City point national space political analysis choice. Push should thousand southern attention ready. Upon agency conference history who.', '2020-06-05 00:00:00', 'distribue'),
(57, 31, 84, 'Game memory dark its suggest stand sport.
Song nor mission floor. However win face detail next prove. Activity type news himself.', '2020-08-09 00:00:00', 'distribue'),
(58, 118, 5, 'Black life so. Win administration tell social trouble. Avoid no house general.
Worry customer least recently answer six include analysis. Second much record. Maintain relate manager.', '2021-03-30 00:00:00', 'distribue'),
(59, 118, 23, 'Allow he central several price probably. East other myself skin. City worker forget enter word.
Sell bed center determine campaign like. Chair experience foreign great walk.
Certain left with write.', '2021-01-26 00:00:00', 'distribue'),
(60, 4, 17, 'Space scientist response audience main suddenly executive attack. Either assume issue. By responsibility strategy central author bag. Nation choose stand support.', '2023-10-08 00:00:00', 'distribue'),
(61, 75, 102, 'Place answer bar people.
What must face between grow drop. Degree per agree face.
Activity artist central. Able lay ready heart. Him others form list age approach. Thus nothing manager themselves.', '2022-05-05 00:00:00', 'lu'),
(62, 60, 120, 'Difficult line behavior other instead audience. Tv mouth baby. Pretty capital turn.
Often yes charge in score professional sit. National strategy above somebody.', '2021-05-25 00:00:00', 'lu'),
(63, 4, 96, 'Clearly industry sit raise executive floor. Article task able thing table create.
Detail stop the close official. Sometimes name down choice camera my. She morning onto himself high energy.', '2020-04-23 00:00:00', 'distribue'),
(64, 88, 75, 'Method computer box weight. Dog conference card remember between.
Good performance because either so. Suffer picture possible peace. Through rich war after race.', '2022-10-13 00:00:00', 'lu'),
(65, 109, 139, 'But father happen report agree.
Leg note traditional. Coach bring catch.', '2020-07-06 00:00:00', 'lu'),
(66, 4, 91, 'Protect tough hair professional forward however account.
Eat determine later task then a later. Heavy sister world determine produce culture heavy.', '2020-10-03 00:00:00', 'lu'),
(67, 84, 52, 'Resource either station. Attention sure else right pretty. Reason card visit. To dream draw government more end community.
Head stay plan open. Another other article.', '2020-12-27 00:00:00', 'lu'),
(68, 130, 145, 'Agreement yet man turn war set within answer. Know follow early produce enjoy still add take.
Note wrong institution. Carry line wrong experience respond brother plant.', '2022-09-03 00:00:00', 'distribue'),
(69, 29, 96, 'Positive same full life could speak can. Cup majority wall owner boy. Foot herself remain north allow.', '2023-01-27 00:00:00', 'distribue'),
(70, 92, 77, 'Wonder card measure professor. Power audience him performance.
Election open run capital sister military. Floor theory agent rise toward run program reduce.', '2023-02-26 00:00:00', 'lu'),
(71, 16, 11, 'Road attack perhaps to page machine read. Trip agree production position. Second center official laugh generation.', '2022-10-31 00:00:00', 'lu'),
(72, 119, 100, 'Tv boy system. Half wrong poor end much year perform year. Feeling especially against hour.
Letter whole staff technology church. Return health growth address reveal many lose.', '2023-12-21 00:00:00', 'lu'),
(73, 121, 67, 'Lot newspaper specific market miss. Instead month true these. Concern stuff guy our.
Officer issue free say democratic point. Nearly team friend again education action miss.', '2023-01-22 00:00:00', 'lu'),
(74, 146, 77, 'Hard since lead type. Morning to ten small ask me.', '2021-01-27 00:00:00', 'lu'),
(75, 122, 7, 'Degree indeed not network herself wall card since. Actually we lawyer forget.', '2020-09-05 00:00:00', 'distribue'),
(76, 34, 20, 'Assume think always beautiful. These fear left game city throughout fine. Likely stock quickly economy.', '2023-06-05 00:00:00', 'distribue'),
(77, 107, 42, 'Minute maybe arm bag. Whether culture computer artist. Number professional since hair herself.
Cultural chance argue nature Congress. Guess since suggest trial.', '2022-02-13 00:00:00', 'lu'),
(78, 122, 76, 'Class main ago.
Same detail democratic physical cost that. Town include watch talk.
People save center concern unit sound adult fire.', '2023-04-21 00:00:00', 'lu'),
(79, 143, 49, 'Glass itself place rise. Ability strong crime street always hard.
Phone reason environmental. Second team natural turn because. East focus scene.', '2021-05-02 00:00:00', 'distribue'),
(80, 37, 57, 'Similar special popular realize institution tonight suggest as. Miss ability cover yard article contain.', '2021-03-27 00:00:00', 'lu'),
(81, 120, 66, 'Loss government especially east ball because fund opportunity. Drug and sing range. Through position heart hear. Person carry wind development far teach our.', '2023-05-20 00:00:00', 'lu'),
(82, 96, 138, 'Yard radio late color.
Choice travel purpose develop item. Attention mind sound bag fill action. And individual toward when important.', '2021-11-01 00:00:00', 'distribue'),
(83, 22, 47, 'Occur keep skin key tell allow interview. Politics step line sound. Why well young customer agreement. Source firm between reflect career first music as.', '2021-08-10 00:00:00', 'distribue'),
(84, 71, 136, 'Nor real where peace lawyer attorney nation.
Score positive not develop. Former statement whether material particularly light. Guy not describe like total travel.', '2023-12-03 00:00:00', 'distribue'),
(85, 129, 54, 'Operation many health safe. Always place ever because approach teach Mrs pass.
Early activity film executive serve. Effect require Mr night myself data.', '2023-07-09 00:00:00', 'lu'),
(86, 140, 68, 'Need effort moment firm how. War education I score much lead.
Story despite heavy remain PM Mrs age. Too director art include growth fill book. New week TV majority station.', '2023-03-21 00:00:00', 'lu'),
(87, 146, 55, 'Respond according car enter treat great step newspaper. Computer choose report appear hour reduce. Less from live represent.', '2020-12-03 00:00:00', 'lu'),
(88, 52, 103, 'Ok never fly red money beyond. Speak next test already early. Another significant protect product painting.
Close whole system Democrat. South necessary certainly know traditional one manager.', '2020-02-03 00:00:00', 'lu'),
(89, 60, 132, 'Learn resource south receive understand. Middle mission throughout phone simple television television.', '2023-11-15 00:00:00', 'distribue'),
(90, 34, 119, 'Better national daughter structure. Money me such down wait environmental because. Available plant news good.', '2020-02-06 00:00:00', 'distribue'),
(91, 86, 136, 'Health smile growth might usually read. This scene fear try.
Thousand run easy develop phone. Begin security beat that issue provide behind. Economy structure less.', '2020-02-20 00:00:00', 'lu'),
(92, 113, 105, 'Eat blue have chair few employee film together. Order matter since experience nice. Hospital generation history wait before. Behind pick between determine chance wife reach.', '2021-10-31 00:00:00', 'lu'),
(93, 115, 113, 'Them drive girl eat cultural ever. Because list health hard reflect stock. Save act worry keep will. Maybe common top election ahead.', '2021-07-30 00:00:00', 'lu'),
(94, 62, 72, 'Finish treatment better free official threat. State role than return after billion husband heavy.
Current soon seven ten. Continue physical yeah.', '2023-07-20 00:00:00', 'lu'),
(95, 135, 150, 'Else relate manage Congress stuff fly character.
Drop our TV town matter. Ground draw message Democrat act particular family. Data seven just popular within common claim.', '2021-12-05 00:00:00', 'distribue'),
(96, 28, 80, 'A approach less.
Certainly reduce rest population pass. Media increase local region before officer. Water activity president management describe day. Mention find build fast lawyer.', '2023-04-28 00:00:00', 'distribue'),
(97, 19, 107, 'Floor almost something none name. Left morning country actually perhaps agent walk subject. Along win partner director dinner technology among.', '2020-02-19 00:00:00', 'lu'),
(98, 135, 120, 'True will new state agent. Else series dinner box community. Window discussion pretty rather. Officer edge arm arrive spend.', '2020-11-22 00:00:00', 'distribue'),
(99, 90, 11, 'Single truth finally almost medical. Somebody defense rather soldier cover live machine. Available so certainly while career.', '2020-09-17 00:00:00', 'lu'),
(100, 135, 2, 'Friend new building wide. Standard friend color difficult deal pick.', '2020-05-22 00:00:00', 'distribue'),
(101, 54, 11, 'So kind could establish idea include senior. Admit father recognize.
But audience ask chance option. North first reality. Mission age rise bank woman.', '2021-07-29 00:00:00', 'lu'),
(102, 99, 128, 'Task party drive forward half seek. Mean next front street paper mission.
Civil at interest sense with. Between bad friend success those happy point. Job fly behavior third education.', '2021-07-05 00:00:00', 'lu'),
(103, 38, 96, 'Realize light quality especially responsibility. Officer stand ok start.', '2023-02-18 00:00:00', 'distribue'),
(104, 32, 8, 'Spend culture edge fire. Fear away sing husband pretty read staff. Woman commercial environment religious.
Voice themselves person. Suggest back car market number would. Democrat nation let include.', '2020-04-26 00:00:00', 'lu'),
(105, 32, 143, 'Team kid suggest.
Organization lay gas hundred.
Never wonder item all relate there add. Prove color system wide.
Best over believe yet. Material foreign specific provide work.', '2020-09-29 00:00:00', 'lu'),
(106, 117, 87, 'Without note everything crime Republican vote keep. Really add list she activity herself. Ability field degree while.
Suddenly us piece wind either land relationship. Bad quality four interview.', '2020-10-13 00:00:00', 'lu'),
(107, 148, 74, 'Rise compare son reach. Training commercial little speech prove lead economy.
Example mind middle compare. Friend believe few food very think group.', '2022-06-25 00:00:00', 'lu'),
(108, 90, 94, 'Back miss of put relate lay. Land arm difficult medical oil spring. Base game whatever natural.
Possible language lose sing third company.
History thing democratic any use discussion.', '2023-12-08 00:00:00', 'distribue'),
(109, 46, 95, 'Thank investment might value example care. Will kid throw commercial animal under.
Because city finish condition project ten. Worker free pass offer. Sort question kid five single.', '2023-09-06 00:00:00', 'lu'),
(110, 66, 58, 'Edge debate book service treat. Still like easy different. Support term carry bit who discussion.', '2022-09-26 00:00:00', 'lu'),
(111, 27, 30, 'Free sense there term father nothing up. Garden need wrong professor also. Beat institution need start sense yet.
Whose eight Mrs woman answer treatment court seem. Against until provide test.', '2021-04-02 00:00:00', 'lu'),
(112, 90, 79, 'Land guess possible ability network network so.
Early their ground skill rate. Behavior race structure tell ready.
Cup speak pull Congress. Themselves fall letter surface difficult candidate.', '2022-09-02 00:00:00', 'lu'),
(113, 118, 126, 'Happy study effort person show type man. Worker conference international remain president. Newspaper ten meeting eye.
Value wear effect report. Eight network network.', '2020-06-11 00:00:00', 'lu'),
(114, 83, 102, 'Meet half new which accept Democrat. Economic many ok month include wife.
Mean already might might. Song action past book.', '2022-12-15 00:00:00', 'distribue'),
(115, 53, 94, 'To teach because challenge care this. Particularly city language fight interesting kind staff. Section take choice rule.
Year public develop strategy. Answer technology machine set.', '2020-02-28 00:00:00', 'lu'),
(116, 135, 37, 'Fine building happy human social capital minute. Suddenly child every plant however set dream. Often idea move country.', '2022-05-13 00:00:00', 'lu'),
(117, 105, 26, 'Yard perform method stand arm card. Race compare may wide. Degree sound artist. Job name onto address.
Decide over gas probably force. Miss building responsibility fly return authority bar.', '2022-10-29 00:00:00', 'lu'),
(118, 48, 149, 'Wonder front next plant certainly dark available. Sense job several glass fight third relate. Personal end movement baby mind health notice.
Seven campaign hit expect. Leader front able so.', '2022-04-18 00:00:00', 'distribue'),
(119, 127, 80, 'Fast whose side practice. Third mention five least front magazine white. Difficult issue economy his. Citizen second discover stand enough near.
Foreign best check back.', '2023-02-14 00:00:00', 'lu'),
(120, 9, 39, 'Foreign change law population coach have idea. Daughter thus she each moment. Perform item price tree daughter poor different. Stage ball sing wife.', '2020-06-05 00:00:00', 'distribue'),
(121, 147, 43, 'Him site management fine car history degree. Which director live offer and day.', '2021-04-15 00:00:00', 'distribue'),
(122, 100, 117, 'Say bill out summer both newspaper interest. Daughter person lot generation.', '2022-09-28 00:00:00', 'lu'),
(123, 84, 54, 'Finish bring quality theory. Specific debate leg short area only determine.
Our individual strategy control. Current local quickly modern turn perform plant. Off morning key morning mind around know.', '2023-10-06 00:00:00', 'distribue'),
(124, 80, 86, 'She none police throw.
Hope reduce term series skill operation. Recently old career morning.
Report only anyone manage.', '2020-09-30 00:00:00', 'distribue'),
(125, 50, 37, 'Race cup may modern performance entire. Economy budget measure.
Hope bill guess money operation. Only report fish. Media agreement others shake design.', '2020-06-07 00:00:00', 'distribue'),
(126, 7, 143, 'Poor us sign almost good financial.
What weight manage thought rate miss. But fly imagine month key decision including. Speak plan now camera person.', '2020-08-16 00:00:00', 'distribue'),
(127, 57, 119, 'Room win something democratic Republican game. Laugh hour agreement even sure Mrs.
Employee oil contain article such boy economic.', '2023-11-01 00:00:00', 'lu'),
(128, 57, 139, 'Wrong federal before word five. Many knowledge movie.
Defense season leader usually generation.
Must step agency loss during answer anything. Money green both by pretty. Hospital story fear stay.', '2021-02-11 00:00:00', 'lu'),
(129, 104, 44, 'Once writer official language. City less they blue cover these. Southern possible shoulder call.', '2021-08-27 00:00:00', 'lu'),
(130, 46, 50, 'Impact somebody stay general different. Building authority wait official send. Tv better could author trial sit defense.
Key instead bring serve painting several. Choose wear institution wish check.', '2023-05-31 00:00:00', 'distribue'),
(131, 96, 140, 'Practice between newspaper mission. Attorney everyone meet free debate.
Day official himself building administration else. Challenge special when particular day happen poor.', '2021-02-27 00:00:00', 'lu'),
(132, 34, 136, 'Score camera smile old long point. Among group character nature hair all star same.', '2021-03-13 00:00:00', 'lu'),
(133, 44, 143, 'Money hold win. Its bad few might go. Pressure star save field yard director its several.
Form lay blood major soon television coach. Security culture sing capital majority start remember.', '2020-03-06 00:00:00', 'lu'),
(134, 50, 125, 'Allow night take month a night talk. Despite reason develop head later husband morning.
Various follow hear hair finish common Mr. Decision success decide.
Determine try wife say condition.', '2020-12-08 00:00:00', 'distribue'),
(135, 111, 123, 'Eat artist rock task itself. Walk nor us spend around event.
Some husband voice rich none. Value church far kind successful whom. Main thousand require eight.', '2022-11-04 00:00:00', 'distribue'),
(136, 4, 102, 'Behavior serious important well money. Far cover rest job most chair always security.
Keep doctor everything summer behavior. News full brother system perhaps including often call.', '2023-05-15 00:00:00', 'distribue'),
(137, 88, 134, 'Project go team again list. Energy prepare former amount arm. Where executive somebody economy.', '2021-03-20 00:00:00', 'distribue'),
(138, 4, 95, 'Artist phone better national discover age. Organization final discuss. Simple politics painting ability deep.', '2020-02-19 00:00:00', 'lu'),
(139, 54, 68, 'How article ten strong.
Receive save police carry deep. Crime something look visit audience finish.
Maybe central special shoulder garden. Hour central development rather.', '2023-03-17 00:00:00', 'lu'),
(140, 43, 41, 'Small oil understand. Gas training want. Social color degree quickly lay.
Again movie a face meet choice knowledge. Opportunity education must firm follow.', '2021-09-08 00:00:00', 'lu'),
(141, 66, 86, 'But author wrong. Help kind stuff because test citizen.
Figure scientist budget relationship. Remember set discussion.
Ready religious Mrs small truth. With carry size professor defense push growth.', '2023-08-19 00:00:00', 'distribue'),
(142, 26, 17, 'Street former turn experience wind push. Structure show let to page police skill.
System sister mission sea son region. That civil style likely east production. Six agency wear wrong experience.', '2021-04-10 00:00:00', 'lu'),
(143, 111, 42, 'Plant go painting evidence simply girl black summer. Nice prepare travel service risk you people entire. Type shoulder election black.', '2020-01-14 00:00:00', 'lu'),
(144, 15, 50, 'Camera prove scientist room clearly real consumer TV. Bed opportunity level base scene century nothing. Both four voice hear.', '2022-03-06 00:00:00', 'distribue'),
(145, 4, 43, 'Put treatment kitchen worker. Miss hot learn economic relationship relationship. Far site account very. Shake kid apply himself give.
Court budget ago dinner. Short hot service black.', '2023-07-20 00:00:00', 'lu'),
(146, 63, 26, 'Respond dog feeling build. Could risk article your. Machine accept find walk.', '2023-03-03 00:00:00', 'distribue'),
(147, 34, 41, 'Grow foot attention activity event evidence. Data public people herself. Begin task sign five that against.
Dark feeling order table skill sort.', '2022-03-19 00:00:00', 'lu'),
(148, 41, 134, 'Want to myself sport charge wear. Throw man thousand audience mother source. Someone trouble work decision conference change own. Many cut cultural heavy sign.', '2020-05-01 00:00:00', 'distribue'),
(149, 70, 105, 'Watch police want require. Forward low worker push would base dog. Inside today chair too win. Describe method begin sound fish owner dark.', '2022-06-14 00:00:00', 'lu'),
(150, 4, 2, 'Arm seat almost imagine. Answer pass apply establish argue practice.
Pattern perform raise price he.
Hour still visit evening strong high. Doctor fast exactly maybe color yard team.', '2022-11-16 00:00:00', 'distribue')
SELECT * FROM Message_Prive

-- Personne 
INSERT INTO Personne (Personne_ID, Age, Genre, Nationnalite) VALUES
(1, 59, 'F', 'Saint Helena'),
(2, 39, 'F', 'India'),
(3, 20, 'M', 'Guernsey'),
(4, 72, 'M', 'India'),
(5, 19, 'M', 'Niger'),
(6, 19, 'M', 'Montenegro'),
(7, 70, 'M', 'Russian Federation'),
(8, 67, 'F', 'Cambodia'),
(9, 59, 'M', 'Lebanon'),
(10, 21, 'M', 'New Caledonia'),
(11, 54, 'F', 'Argentina'),
(12, 63, 'M', 'Palestinian Territory'),
(13, 43, 'F', 'Mauritius'),
(14, 74, 'F', 'Kazakhstan'),
(15, 30, 'M', 'Guam'),
(16, 37, 'M', 'Madagascar'),
(17, 64, 'M', 'Guam'),
(18, 51, 'F', 'Sri Lanka'),
(19, 29, 'M', 'Ethiopia'),
(20, 50, 'M', 'Netherlands'),
(21, 57, 'F', 'Cayman Islands'),
(22, 47, 'M', 'Niger'),
(23, 74, 'F', 'Iceland'),
(24, 45, 'M', 'Kyrgyz Republic'),
(25, 25, 'M', 'Indonesia'),
(26, 41, 'M', 'Bangladesh'),
(27, 76, 'M', 'Pitcairn Islands'),
(28, 36, 'M', 'El Salvador'),
(29, 65, 'M', 'Bulgaria'),
(30, 76, 'F', 'Seychelles'),
(31, 60, 'M', 'Reunion'),
(32, 53, 'F', 'Myanmar'),
(33, 61, 'F', 'Eritrea'),
(34, 74, 'M', 'Ethiopia'),
(35, 25, 'F', 'Switzerland'),
(36, 47, 'M', 'Niue'),
(37, 30, 'M', 'Sudan'),
(38, 72, 'M', 'Cocos (Keeling) Islands'),
(39, 40, 'F', 'Swaziland'),
(40, 59, 'M', 'Iceland'),
(41, 43, 'M', 'Slovenia'),
(42, 54, 'M', 'Panama'),
(43, 20, 'M', 'Slovakia (Slovak Republic)'),
(44, 29, 'M', 'China'),
(45, 27, 'F', 'United Kingdom'),
(46, 40, 'F', 'Cameroon'),
(47, 47, 'M', 'Botswana'),
(48, 67, 'M', 'Romania'),
(49, 30, 'F', 'Greenland'),
(50, 39, 'F', 'Andorra'),
(51, 42, 'M', 'Andorra'),
(52, 46, 'F', 'Lesotho'),
(53, 48, 'F', 'Nepal'),
(54, 24, 'F', 'Western Sahara'),
(55, 37, 'F', 'Hungary'),
(56, 30, 'M', 'Czech Republic'),
(57, 77, 'F', 'Equatorial Guinea'),
(58, 24, 'M', 'Afghanistan'),
(59, 30, 'M', 'Kyrgyz Republic'),
(60, 37, 'F', 'Turkey')

-- Groupe 
INSERT INTO Groupe (Groupe_ID, Nom, Genre, Nb_Membres) VALUES
(1, 'Dunn-Smith', 'Classical', 10),
(2, 'Brewer-Jones', 'Jazz', 9),
(3, 'Turner-Riley', 'Rock', 3),
(4, 'Garcia-Williams', 'Classical', 4),
(5, 'Watkins LLC', 'Metal', 10),
(6, 'Dodson-Jones', 'Rap', 8),
(7, 'Flores, Hodges and Parker', 'Rap', 5),
(8, 'Palmer-Robinson', 'Blues', 9),
(9, 'Obrien-Brown', 'Electronic', 4),
(10, 'Stanley-Mitchell', 'Metal', 5),
(11, 'Bates-Reynolds', 'Classical', 3),
(12, 'Mcmahon, Matthews and Sanchez', 'Rock', 6),
(13, 'Ayala Group', 'Country', 9),
(14, 'Hernandez, Wise and Nunez', 'Hip-hop', 8),
(15, 'Jackson Inc', 'Jazz', 3),
(16, 'Figueroa Inc', 'Hip-hop', 3),
(17, 'Vaughn PLC', 'Electronic', 10),
(18, 'Carey, Evans and Peterson', 'Country', 6),
(19, 'Jackson LLC', 'Metal', 9),
(20, 'Gilmore PLC', 'Rap', 6)

-- Association 
INSERT INTO Association (Association_ID, Nom, Site_web) VALUES
(100, 'Carter-Williams', 'https://www.wells.com/'),
(101, 'Wilkinson, Hall and Green', 'http://www.olson-patterson.com/'),
(102, 'Moore-Barron', 'https://www.smith-cunningham.info/'),
(103, 'Sanchez and Sons', 'https://solis.com/'),
(104, 'Odonnell, Hall and Baker', 'http://www.hernandez.net/'),
(105, 'Smith, Alvarez and Tanner', 'http://sullivan.com/'),
(106, 'Nelson, Carter and Robles', 'http://www.mendoza-salinas.com/'),
(107, 'Cummings, Bass and Medina', 'https://www.johnson.com/'),
(108, 'Kennedy LLC', 'http://www.bradshaw.info/'),
(109, 'Norris and Sons', 'https://www.rodgers.com/'),
(110, 'Hardin Group', 'https://medina.net/')

-- Relation
INSERT INTO Relation (Relation_ID, User1, User2, Status) VALUES
(1, 101, 99, 'Suivi'),
(2, 15, 140, 'Ami'),
(3, 133, 79, 'Abonn'),
(4, 68, 3, 'Suivi'),
(5, 122, 82, 'Ami'),
(6, 132, 69, 'Suivi'),
(7, 105, 137, 'Abonn'),
(8, 45, 4, 'Ami'),
(9, 109, 74, 'Suivi'),
(10, 130, 84, 'Abonn'),
(11, 95, 13, 'Abonn'),
(12, 136, 106, 'Abonn'),
(13, 15, 88, 'Ami'),
(14, 49, 82, 'Suivi'),
(15, 120, 62, 'Suivi'),
(16, 13, 34, 'Abonn'),
(17, 99, 36, 'Suivi'),
(18, 130, 14, 'Suivi'),
(19, 45, 84, 'Ami'),
(20, 134, 41, 'Ami'),
(21, 69, 77, 'Ami'),
(22, 21, 125, 'Ami'),
(23, 138, 68, 'Ami'),
(24, 20, 128, 'Ami'),
(25, 4, 24, 'Suivi'),
(26, 51, 95, 'Suivi'),
(27, 23, 26, 'Ami'),
(28, 129, 4, 'Ami'),
(29, 68, 14, 'Ami'),
(30, 70, 15, 'Abonn'),
(31, 50, 84, 'Ami'),
(32, 135, 2, 'Abonn'),
(33, 113, 125, 'Abonn'),
(34, 54, 47, 'Ami'),
(35, 78, 48, 'Abonn'),
(36, 88, 126, 'Abonn'),
(37, 134, 129, 'Ami'),
(38, 28, 55, 'Ami'),
(39, 83, 37, 'Ami'),
(40, 31, 107, 'Suivi'),
(41, 120, 4, 'Ami'),
(42, 37, 42, 'Abonn'),
(43, 24, 87, 'Abonn'),
(44, 29, 105, 'Ami'),
(45, 122, 90, 'Suivi'),
(46, 79, 11, 'Suivi'),
(47, 64, 126, 'Suivi'),
(48, 118, 101, 'Abonn'),
(49, 83, 98, 'Abonn'),
(50, 117, 30, 'Abonn'),
(51, 64, 38, 'Ami'),
(52, 61, 124, 'Ami'),
(53, 137, 1, 'Abonn'),
(54, 140, 18, 'Abonn'),
(55, 138, 19, 'Abonn'),
(56, 77, 84, 'Suivi'),
(57, 38, 98, 'Suivi'),
(58, 86, 132, 'Abonn'),
(59, 116, 134, 'Ami'),
(60, 72, 21, 'Ami'),
(61, 123, 20, 'Abonn'),
(62, 67, 49, 'Ami'),
(63, 101, 59, 'Abonn'),
(64, 100, 4, 'Suivi'),
(65, 127, 3, 'Ami'),
(66, 80, 47, 'Abonn'),
(67, 100, 78, 'Suivi'),
(68, 39, 70, 'Abonn'),
(69, 10, 20, 'Abonn'),
(70, 61, 93, 'Suivi'),
(71, 123, 37, 'Ami'),
(72, 138, 108, 'Suivi'),
(73, 139, 84, 'Suivi'),
(74, 73, 7, 'Ami'),
(75, 133, 101, 'Ami'),
(76, 52, 139, 'Suivi'),
(77, 96, 113, 'Abonn'),
(78, 112, 30, 'Abonn'),
(79, 46, 130, 'Abonn'),
(80, 75, 23, 'Abonn'),
(81, 40, 5, 'Suivi'),
(82, 96, 58, 'Ami'),
(83, 135, 14, 'Ami'),
(84, 92, 81, 'Abonn'),
(85, 140, 35, 'Suivi'),
(86, 31, 104, 'Abonn'),
(87, 114, 104, 'Ami'),
(88, 117, 44, 'Ami'),
(89, 101, 63, 'Abonn'),
(90, 65, 129, 'Ami'),
(91, 2, 51, 'Ami'),
(92, 71, 47, 'Suivi'),
(93, 114, 22, 'Abonn'),
(94, 52, 106, 'Abonn'),
(95, 81, 31, 'Ami'),
(96, 68, 4, 'Suivi'),
(97, 107, 137, 'Suivi'),
(98, 125, 2, 'Suivi'),
(99, 119, 38, 'Abonn'),
(100, 83, 119, 'Suivi')

-- Lieu 
INSERT INTO Lieu (Lieu_ID, Nom, Adresse) VALUES
(1, 'Gomez, Erickson and Kennedy', '8725 Evans Estates
New Robert, AR 57968'),
(2, 'Morgan-Garcia', '957 Hayes Causeway Apt. 989
West Robertview, OR 38239'),
(3, 'Taylor, Miller and Miller', '278 Burke Crescent
Richardsonshire, PA 06301'),
(4, 'Price, Turner and Alvarez', '2171 John Points Suite 841
Lake Gary, ME 67148'),
(5, 'White, Sherman and Dodson', '748 Rios Mountain Apt. 319
New Carolchester, WY 87868'),
(6, 'Villarreal, Logan and Logan', '9506 Rebecca Mountains Suite 631
Kellerchester, MN 71246'),
(7, 'Sandoval LLC', '6740 Moore Island Apt. 708
Edwardville, AS 59422'),
(8, 'Morgan LLC', '79915 Bird Courts
Lake Kevin, KS 02743'),
(9, 'Wilkins Ltd', '4373 Heather Bypass
North Jefferyview, FL 71206'),
(10, 'Dawson LLC', '70071 Stanley Islands Apt. 211
New Eugenehaven, TX 67409')

-- SalleC
INSERT INTO SalleC (SalleC_ID, Nom, Capacite, ID_Lieu) VALUES
(1, 'Chambers-Porter', 288, 1),
(2, 'Berry, Rogers and Graves', 366, 3),
(3, 'Gaines-Hamilton', 329, 3),
(4, 'King, Tucker and Porter', 315, 7),
(5, 'Peterson Group', 114, 3),
(6, 'Johnson PLC', 243, 8),
(7, 'Sellers, Salinas and Norris', 145, 2),
(8, 'Martinez-Andrews', 204, 9),
(9, 'Campbell, Martin and Perez', 451, 2),
(10, 'Durham, Wilson and Short', 440, 1),
(11, 'Davis, Wells and Morris', 179, 10),
(12, 'Guzman-Smith', 462, 10),
(13, 'Morse LLC', 291, 6),
(14, 'Johnson, Romero and Lawson', 170, 5),
(15, 'Long and Sons', 334, 9),
(16, 'Wilson, Hansen and Mann', 158, 8),
(17, 'Williams-Griffin', 119, 10),
(18, 'Sullivan PLC', 414, 10),
(19, 'Mcmahon, Fox and Bartlett', 280, 3),
(20, 'Ray, Young and Wheeler', 458, 5),
(21, 'Greene Inc', 238, 3),
(22, 'Marshall Group', 197, 5),
(23, 'Rodriguez, Woodward and Peters', 151, 5),
(24, 'Pearson, Chaney and Owens', 268, 7),
(25, 'Ferrell-Herrera', 190, 3),
(26, 'Dunn and Sons', 358, 9),
(27, 'Castillo-Rodriguez', 420, 10),
(28, 'Levine Ltd', 407, 9),
(29, 'Lambert, Richardson and Williams', 324, 2),
(30, 'Cherry-Leonard', 181, 1)

-- Concert 
INSERT INTO Concert (Concert_Id, Nom, Date, Organisateurs, "Line-up", Nombre_places, Cause_soutien, Espace_exterieur, Enfants_permis, Prix, Nb_volontaires, ID_Lieu) VALUES
(1, 'Miller Inc', '2024-01-27', 'Eric Holmes', 'Result successful experience possible discuss economic fast., Author can chance gun., Strategy myself bank one.', 467, False, True, True, 15827.82, 15, 1),
(2, 'Patel and Sons', '2023-12-07', 'Anthony Valdez', 'Stop particularly team run stage necessary., Design themselves crime edge we pressure., Imagine left few structure.', 500, True, False, True, 94757.60, 14, 1),
(3, 'Andrews Inc', '2024-01-22', 'Reginald Summers', 'That before action election., Mouth always offer stay the station., Will best also artist blue but rate.', 368, False, False, True, 72680.97, 19, 1),
(4, 'Adams, Stewart and Duffy', '2024-01-31', 'Timothy Taylor', 'Boy business affect than., Try science goal need., Treat probably do.', 471, True, False, False, 12188.11, 14, 2),
(5, 'Jackson, Johnson and Knight', '2024-01-05', 'Sara Bennett', 'In whole beautiful power fill., Theory administration worry performance national., Ground finish trip that.', 265, False, True, False, 11438.09, 19, 9),
(6, 'Meyer-Gonzales', '2023-12-12', 'Kristina Luna', 'Control west receive., Once put which place modern news threat., Appear top charge again small.', 432, True, True, True, 13983.81, 16, 1),
(7, 'Rivera, Roberts and West', '2024-01-08', 'Heidi Flores', 'Forward join production would., Challenge cold economy., Activity return feeling story simply.', 94, False, True, False, 50468.63, 14, 10),
(8, 'Brewer-Dominguez', '2024-01-25', 'Katie Booth', 'Suffer third report woman., Stock enough wife represent., Green term cup some.', 420, False, True, True, 24797.63, 19, 2),
(9, 'Morris-Conley', '2023-12-26', 'Susan Reese', 'Energy from space couple stuff energy., Without present face simple over effort player., Among real hour determine reality yourself room parent.', 482, False, False, True, 48159.61, 14, 7),
(10, 'Cruz, Johnson and Gentry', '2024-01-12', 'Casey Yates', 'Wall challenge energy rich fly chair goal card., Control protect your., Phone believe side check finish minute deep.', 325, True, False, True, 61836.67, 13, 5),
(11, 'White-Wood', '2024-01-24', 'Mark Davis', 'Yet standard top door ok product personal., Summer read election impact., Window peace gas where easy possible feel answer.', 369, False, False, True, 12757.37, 9, 5),
(12, 'Mcdaniel Ltd', '2023-12-24', 'Jennifer Martinez', 'Blue performance realize either beyond., Nothing employee skill meet huge price., Increase billion how always well perhaps.', 229, True, False, False, 22036.99, 5, 2),
(13, 'Snyder, Lewis and Peters', '2023-12-18', 'Mary Smith', 'Yes then open line., You mention movement see old., Can yard apply offer position magazine.', 318, False, False, True, 56260.16, 2, 3),
(14, 'Jones-Murphy', '2024-01-14', 'Amy Dean', 'Guy success simply scene pressure true Congress., Worry each word skin analysis., Role what best ahead type.', 63, True, False, False, 25463.71, 10, 2),
(15, 'Hill and Sons', '2024-01-08', 'Martin Gonzalez', 'Wait card less force for., Mission green certain., None stock me knowledge various fast land.', 328, True, True, False, 39059.06, 20, 9),
(16, 'Price, Manning and Richards', '2024-01-04', 'Courtney Cruz', 'Inside down involve catch piece throughout., On I although understand., Animal skill maybe.', 473, True, True, False, 8704.22, 19, 6),
(17, 'Gilbert-Mcdaniel', '2024-01-24', 'Lindsey Willis', 'Scientist outside cause., For ever national assume fund success., Single market enter executive explain much.', 97, False, False, False, 58019.26, 8, 5),
(18, 'Brown, Williams and Harrison', '2024-01-18', 'Johnathan Bender', 'Newspaper central too give sit only., Idea hair thought., Long finish money clearly huge order let.', 199, True, False, True, 18436.50, 7, 7),
(19, 'Shaffer and Sons', '2023-12-12', 'Kristopher Stewart', 'Believe across expect outside common economic., Next word interview thought other throw face., Manager trouble west.', 446, True, True, False, 73112.15, 13, 8),
(20, 'Vance and Sons', '2024-01-05', 'Mrs. Alexandra Schultz PhD', 'Office according network concern gas sure coach., Present way significant natural., Fly force Democrat cold scene first necessary.', 189, False, False, False, 25456.76, 12, 1),
(21, 'Morris-Anderson', '2024-02-01', 'Teresa Lopez', 'Test imagine effect condition theory reveal alone., Pull under church during., Up tend him again one provide.', 459, True, False, False, 14240.62, 1, 6),
(22, 'Barrera-Hoover', '2024-01-23', 'Kyle Barton', 'View low seven during., Window air look lay several., Finally medical right foot approach send natural.', 69, True, False, False, 45493.20, 10, 7),
(23, 'Smith, Chambers and Price', '2024-01-22', 'Julie Castro', 'Benefit finish garden rate policy capital involve., First some growth wrong drop prevent., However of traditional bit effect bank.', 121, False, False, True, 29800.72, 15, 5),
(24, 'Rodriguez Ltd', '2023-12-06', 'Tracy Burnett', 'Able money career blood., Various law have cause garden., Room player now represent worry ever walk.', 203, False, False, True, 38211.36, 0, 7),
(25, 'Moore-Harris', '2024-01-08', 'Terry Stone', 'Student work sell tax sister., People while this worry defense., Camera others stop others true.', 157, False, False, True, 62405.92, 8, 4),
(26, 'Freeman and Sons', '2024-02-03', 'Philip Erickson', 'Movement another officer art all south discover., Wife reflect throw first nearly miss road., Government author produce worker seem important set.', 305, False, False, True, 61945.02, 2, 4),
(27, 'Cox LLC', '2023-12-12', 'Mark Ruiz', 'Ago already until long friend art main., Forward air summer little office win., Student knowledge list professor.', 413, True, False, False, 83385.59, 20, 2),
(28, 'Lyons Inc', '2024-01-04', 'Tracy Mcdonald', 'Others too show hot., Teach seven tend everybody deep us., Personal break kind Democrat subject.', 355, False, False, False, 82529.29, 8, 10),
(29, 'Allen-Hodges', '2024-01-05', 'Linda Garcia', 'Boy first take surface other., Seat development involve affect., Too middle note type safe central.', 282, False, False, False, 40127.96, 9, 10),
(30, 'Harper-Barron', '2024-01-10', 'Tammy Stephens', 'Too what almost house difference wait yes., Effort manage might discover., Long land budget.', 111, False, True, True, 6818.69, 10, 5),
(31, 'Flores Group', '2023-12-09', 'Timothy Fernandez', 'Place plant southern gas oil traditional building., Short fill activity agreement long yes., Young itself material worry watch officer resource already.', 271, False, False, False, 38335.12, 14, 4),
(32, 'Gonzalez, Keller and Johnson', '2023-12-08', 'Ryan Arnold', 'State course American lawyer hair protect act., Field brother national since., Right test participant main worry though.', 227, True, True, False, 10786.45, 3, 4),
(33, 'Hill LLC', '2024-01-08', 'Carrie Parsons', 'Way ground color woman., Data hotel story bed phone sister., Certain entire store this.', 196, True, True, True, 57978.51, 0, 4),
(34, 'Ramsey, Johnson and Rodriguez', '2024-01-20', 'Crystal Smith', 'View involve soon church., Office your something., Ten particular standard.', 159, True, False, False, 51234.55, 7, 8),
(35, 'Combs-Chavez', '2024-01-12', 'Charles Wise', 'Available story reduce evidence surface itself organization would., Nearly reach act show upon hand walk., Find apply drop.', 437, False, False, True, 10806.07, 15, 1),
(36, 'Williams, White and Hebert', '2024-01-06', 'Christy Castillo', 'Without paper worry past entire., Generation about box eat international thought., Area reveal already maybe ground dark.', 409, True, False, True, 32277.97, 3, 8),
(37, 'Thompson, Rodriguez and Castaneda', '2024-01-08', 'Carrie Mcbride', 'Him carry resource season majority page cultural home., Unit door conference move from., Training price marriage down.', 207, False, False, True, 22764.46, 9, 2),
(38, 'Baker PLC', '2024-01-17', 'Michelle Lane', 'Environmental simple community study., Degree three cup building least., Together it can example national structure.', 362, True, True, False, 45277.14, 17, 5),
(39, 'Reed-Brock', '2023-12-09', 'Cynthia Jones', 'Difference business much he factor seek., Course each fine woman toward level property., Agree generation finally call reality no.', 481, False, False, True, 35769.85, 7, 3),
(40, 'Lloyd-Pena', '2024-01-07', 'William Roberts', 'Lot reality relate clearly energy., Today because box important under., Father image draw whether hour research.', 343, False, True, True, 4329.51, 19, 9),
(41, 'Cook, Johnson and Gilbert', '2023-12-24', 'Kelly Davis', 'Dark western once., Leave size court which expect., Whose test you.', 358, False, False, False, 14158.58, 0, 4),
(42, 'Jones Inc', '2024-02-02', 'Kelly Rogers', 'Back case situation be in industry., Goal quickly specific., Garden environmental would fire.', 149, True, True, False, 91852.48, 10, 4),
(43, 'Rogers LLC', '2024-01-10', 'Danielle Jones DDS', 'Walk approach blood need interview., Day record bit level dinner many population., Operation project this environment identify.', 84, False, True, True, 8983.81, 6, 2),
(44, 'Haynes, Bailey and Kirk', '2023-12-27', 'Jennifer Williamson', 'Bring good spring age onto., Power trial easy fight kitchen., Western have large must nice resource father.', 498, False, True, True, 12483.63, 17, 10),
(45, 'Thompson LLC', '2023-12-31', 'Anna Weiss', 'Hold bad teach., Himself prevent well how., The far how ready special list.', 428, False, False, False, 14602.72, 1, 10),
(46, 'David, Baker and Gonzalez', '2023-12-20', 'Lauren Wyatt', 'Father floor effort card week really far specific., Media relationship defense certainly however., Computer standard human song allow outside article.', 462, False, False, True, 53847.21, 12, 8),
(47, 'Jones, Rowe and Wilson', '2024-01-16', 'Lisa Schaefer', 'Technology avoid serious it., Dark machine cover now ten., State teacher speech certainly type grow.', 416, False, True, False, 35742.39, 3, 8),
(48, 'Smith and Sons', '2024-01-07', 'Karen Gardner', 'Behind source become., Page add put describe summer ball., Report police late cup practice Mr body.', 134, False, True, False, 36963.59, 7, 1),
(49, 'Fowler, Vaughan and Fritz', '2024-01-19', 'Taylor Richardson', 'Case because military ground phone company say heavy., Ahead road affect., Speak contain few could wrong.', 142, False, True, True, 60466.47, 8, 3),
(50, 'Chan, Wright and Fuller', '2024-01-11', 'Andrew Gonzales', 'Position card decade can trouble give car., Enter author could training., Strong able third camera hour lose fly.', 252, True, True, True, 66611.14, 11, 7),
(51, 'Cabrera-Vasquez', '2023-12-12', 'Natalie Odonnell', 'Yourself something chance., Ground ask score project Mr local according., Ten police explain north spring security.', 387, True, False, True, 50751.90, 9, 4),
(52, 'Norman, Jensen and Harrison', '2023-12-25', 'Veronica Vasquez', 'Price late be language debate century name., Trouble effect bit mother stage., Production I gas small.', 212, False, True, False, 16333.32, 3, 6),
(53, 'Cooper, Norton and Oliver', '2024-01-11', 'Denise Haney', 'Skill forward long focus remember., Model country contain say address grow., Occur most sign four while building pay.', 324, False, True, False, 74350.01, 7, 4),
(54, 'Johnson Ltd', '2023-12-08', 'Heather Hill', 'Though upon worry., That development seem cut., Different me power hair stand dog whom.', 400, True, False, False, 58894.22, 0, 9),
(55, 'Gonzalez, Arellano and Wilson', '2023-12-07', 'Teresa Rodriguez', 'Ok answer prevent run generation prevent., Number important work kitchen difficult question., When television though available believe Congress author above.', 156, True, False, False, 81040.57, 2, 8),
(56, 'Harvey-Morgan', '2023-12-27', 'Michelle Ruiz', 'Know fill only sort., Threat wait above sing pass play., Measure produce small capital.', 234, True, True, True, 28553.10, 11, 5),
(57, 'Gibson-Austin', '2024-01-17', 'Robert Turner', 'Fight order offer body according dog event., Specific condition cold inside learn better learn., Ahead join sure or whom place.', 349, False, False, True, 85274.97, 19, 3),
(58, 'Schneider PLC', '2024-01-15', 'Vincent Bailey', 'Change base tell purpose require mission military., Parent agreement movie sign picture left., Behind race such ever believe girl business life.', 470, False, True, False, 75900.72, 4, 7),
(59, 'Moreno Group', '2023-12-13', 'Rachel Lane', 'Information pass my theory., Despite international consumer industry alone., Case per he billion college manage bring.', 308, True, False, True, 14594.68, 1, 4),
(60, 'Johnson, Stewart and Atkinson', '2023-12-15', 'Katherine Flynn', 'Thing move foreign little special minute., Talk population bill go., Many draw town become.', 145, False, False, True, 17873.71, 13, 5)

-- Archive 
INSERT INTO Archive (Archive_Id, Concert_Id, Date_archivage, Nb_participants, Avis_participants, Photo_path, Video_path) VALUES
(1, 55, '2023-11-05', 133, 'Room back real condition. Woman plan sea respond foot general. Law sea a seek size community.
Similar idea own budget. Want democratic this way commercial parent.', '/chemin/vers/photos/heavy.avi', '/chemin/vers/videos/forget.odt'),
(2, 32, '2023-08-05', 212, 'Decide develop her purpose station. Room later run. Moment fight test establish factor play.
Tv energy executive service. Six way money own huge attack answer. Soldier modern around large.', '/chemin/vers/photos/sell.json', '/chemin/vers/videos/seven.odp'),
(3, 56, '2023-07-12', 178, 'Letter rate force. Item easy cup detail. Score magazine whole word.
In easy necessary outside age very yeah. Reflect law believe dark. Good crime mean.', '/chemin/vers/photos/trade.pptx', '/chemin/vers/videos/thus.pages'),
(4, 8, '2023-03-23', 153, 'Have street find down report authority single. Position red weight most middle popular. Environmental probably sometimes.', '/chemin/vers/photos/maybe.doc', '/chemin/vers/videos/that.wav'),
(5, 18, '2023-07-09', 335, 'Bill everything include miss since nor to son. Long option college chair. Trip woman story maybe ask.
Prevent just bad win. Forward to whether cause phone. Investment increase after analysis listen.', '/chemin/vers/photos/often.webm', '/chemin/vers/videos/give.avi'),
(6, 38, '2023-07-14', 115, 'Whether old prove station half thing. Source personal billion how. Late collection soldier out site two arm.
Decade with moment before. Party behind positive fast.', '/chemin/vers/photos/action.mp4', '/chemin/vers/videos/here.css'),
(7, 59, '2023-07-13', 256, 'History common red protect mouth rise. Professional realize environment interview. Thing ten those much food reveal huge.', '/chemin/vers/photos/every.mov', '/chemin/vers/videos/hospital.tiff'),
(8, 44, '2023-09-26', 157, 'Himself push run each. Beyond conference learn believe guess.
Go activity with. With boy Mrs age hundred.
Case catch instead. Idea address growth low. Find which management stage.', '/chemin/vers/photos/can.pages', '/chemin/vers/videos/scene.mp3'),
(9, 7, '2023-04-13', 358, 'Take others total matter present but similar. Break television bad while customer like one. Remember condition under back happen true.', '/chemin/vers/photos/join.wav', '/chemin/vers/videos/rather.mp3'),
(10, 57, '2023-09-21', 139, 'Through health perform actually affect every. Everybody early interesting wife may once even. Possible wide each figure my professional.', '/chemin/vers/photos/a.txt', '/chemin/vers/videos/end.mp3'),
(11, 48, '2023-07-01', 98, 'Baby cell not turn official accept miss agreement. Arrive blue Mr bed try participant number. Impact add those light although writer rise. Kitchen month official however return.', '/chemin/vers/photos/always.pages', '/chemin/vers/videos/able.bmp'),
(12, 24, '2023-09-09', 441, 'Represent mother deal help politics employee red. Start law baby as address create. Onto it assume service.', '/chemin/vers/photos/past.webm', '/chemin/vers/videos/in.jpg'),
(13, 29, '2023-03-25', 134, 'Bill future allow woman. Admit available young.
Material child yet opportunity. More floor recently fight my give. Particularly peace red professor western story book.', '/chemin/vers/photos/career.flac', '/chemin/vers/videos/instead.odt'),
(14, 17, '2023-09-02', 156, 'Particularly term as newspaper state number. Book later have involve goal serious list. Wait issue game notice analysis.', '/chemin/vers/photos/although.bmp', '/chemin/vers/videos/company.webm'),
(15, 13, '2023-01-29', 453, 'Tree happy just positive already. Worry out air test. Address skin many.
Southern white learn. Vote cover third share business team. Cup its film big modern.', '/chemin/vers/photos/treat.mp4', '/chemin/vers/videos/entire.mov'),
(16, 59, '2023-04-27', 183, 'Say party exactly idea. Understand wide year technology.
Any near successful heart. Message create education accept forget.
Finish black pattern without lose help gas.', '/chemin/vers/photos/write.xls', '/chemin/vers/videos/soon.mov'),
(17, 40, '2023-07-20', 458, 'Thing animal meeting career citizen.
From structure child improve should subject. Big check time structure candidate trip everything.', '/chemin/vers/photos/camera.html', '/chemin/vers/videos/boy.webm'),
(18, 38, '2023-02-22', 193, 'So focus important see or office month. Three inside hope base.', '/chemin/vers/photos/fear.avi', '/chemin/vers/videos/agreement.webm'),
(19, 38, '2023-03-11', 169, 'Tv moment save president hotel both culture. Hope likely garden six chance marriage. Machine different morning couple call.', '/chemin/vers/photos/sure.pptx', '/chemin/vers/videos/song.mp4'),
(20, 59, '2023-03-13', 133, 'Help newspaper energy left. Method sister positive. Participant wife red.
Amount marriage shoulder moment thank ball. Kind four tend factor fear against.', '/chemin/vers/photos/deep.jpeg', '/chemin/vers/videos/experience.txt'),
(21, 15, '2023-03-22', 468, 'Especially bad around century civil develop full. Game together forget standard. What treat involve figure degree.
No hospital young moment. Key adult vote around.', '/chemin/vers/photos/again.flac', '/chemin/vers/videos/political.ods'),
(22, 53, '2023-07-19', 128, 'Culture audience quite citizen show door western. Break at church short couple material could. Rich tonight follow impact second. Happy culture perform fly far visit.
Home none among suffer least.', '/chemin/vers/photos/hard.doc', '/chemin/vers/videos/mother.pages'),
(23, 5, '2023-06-17', 471, 'Ok sport reach bad. Include market others why cold red black.
Seek join could century.', '/chemin/vers/photos/bit.gif', '/chemin/vers/videos/station.html'),
(24, 35, '2023-05-13', 102, 'Authority half professional truth. Reach hair sign daughter.
System address first apply. Card why resource able him take. Soon week soldier avoid hospital agree.', '/chemin/vers/photos/director.gif', '/chemin/vers/videos/play.pdf'),
(25, 36, '2023-06-15', 87, 'Center from attorney be road rate should. Job fact generation either decide crime.
Center improve local worker face huge fear. Mention land with authority. Part lawyer need hair a ago.', '/chemin/vers/photos/gas.js', '/chemin/vers/videos/senior.mov'),
(26, 21, '2023-11-13', 392, 'Peace section senior act. Phone case seven war. Guy first their focus information wall culture.
Standard page develop oil he door item order. Any quite product.', '/chemin/vers/photos/court.gif', '/chemin/vers/videos/majority.xls'),
(27, 45, '2023-12-07', 281, 'Management reason of shoulder throughout social special. Partner ago wish network customer.', '/chemin/vers/photos/economy.flac', '/chemin/vers/videos/fish.flac'),
(28, 21, '2023-02-26', 87, 'Like red term officer north senior ball. Cold great them relationship college case place.
Where continue night street. Who win join hold standard next outside.', '/chemin/vers/photos/billion.avi', '/chemin/vers/videos/government.mp4'),
(29, 35, '2023-11-07', 457, 'Teacher city glass baby with phone bill. Ask adult pressure white southern model newspaper.
Article religious reality follow boy could. Once he from should. Memory order book skill bad group believe.', '/chemin/vers/photos/daughter.doc', '/chemin/vers/videos/reduce.css'),
(30, 53, '2023-08-18', 201, 'Building throw father important. Save nothing performance early nearly western. Amount cold agency pick mission state wrong.', '/chemin/vers/photos/cost.jpeg', '/chemin/vers/videos/meet.mp3')


-- Participe 
INSERT INTO Participe (Concert_ID, Personne_ID) VALUES
(11, 14),
(7, 13),
(14, 11),
(7, 14),
(4, 6),
(4, 4),
(10, 5),
(2, 4),
(5, 9),
(13, 9),
(1, 7),
(12, 1),
(8, 14),
(7, 11),
(9, 12)

-- Interet 
INSERT INTO Interet (Concert_ID, Personne_ID) VALUES
(47, 23),
(58, 27),
(56, 33),
(19, 19),
(5, 21),
(5, 28),
(48, 19),
(16, 19),
(40, 30),
(16, 33),
(52, 20),
(8, 36),
(53, 33),
(48, 18),
(40, 17),
(32, 21),
(53, 26),
(48, 27),
(4, 18),
(47, 31)


-- Annonce 
INSERT INTO Annonce_Concert (Annonce_Id, Utilisateur_Id, Concert_Id, Date_annonce) VALUES
(1, 42, 12, '2022-01-05'),
(2, 8, 9, '2023-10-09'),
(3, 13, 25, '2023-10-15'),
(4, 53, 22, '2023-12-02'),
(5, 51, 24, '2023-06-11'),
(6, 79, 15, '2023-10-23'),
(7, 40, 30, '2023-08-13'),
(8, 138, 26, '2023-12-01'),
(9, 147, 59, '2022-12-05'),
(10, 107, 9, '2023-12-14'),
(11, 117, 51, '2023-12-05'),
(12, 87, 52, '2023-12-21'),
(13, 9, 23, '2023-12-06'),
(14, 109, 17, '2023-07-12'),
(15, 15, 52, '2023-09-17'),
(16, 56, 40, '2023-07-24'),
(17, 10, 54, '2023-11-09'),
(18, 11, 52, '2022-06-28'),
(19, 20, 13, '2023-12-24'),
(20, 56, 23, '2023-05-12'),
(21, 65, 39, '2023-10-09'),
(22, 104, 7, '2023-09-21'),
(23, 99, 24, '2022-12-07'),
(24, 82, 46, '2023-10-31'),
(25, 15, 33, '2023-11-06')
